0 0 0 0 0 0 0 0 0 0 0
0.02 0 -2.35662 -2.45759 -2.43012 -2.43362 -2.43312 -2.43321 -2.43319 -2.43319 -2.4332
0.04 0 -0.973428 -1.50402 -1.40844 -1.40335 -1.4063 -1.40584 -1.40592 -1.40584 -1.40595
0.06 0 0.403565 -0.393044 -0.45498 -0.36787 -0.383298 -0.382562 -0.382507 -0.382392 -0.382643
0.08 0 -0.764306 -1.33008 -1.80583 -1.65438 -1.6451 -1.65509 -1.65309 -1.65317 -1.65354
0.1 0 -1.94551 -2.28725 -2.99221 -3.01905 -2.90306 -2.92981 -2.92833 -2.92769 -2.92844
0.12 0 -2.8341 -3.45931 -3.96718 -4.39414 -4.19003 -4.18836 -4.20176 -4.19823 -4.19963
0.14 0 -0.636932 -1.83961 -2.1137 -2.79344 -2.71658 -2.60137 -2.63851 -2.63518 -2.63594
0.16 0 1.30265 0.123864 -0.466284 -0.995013 -1.27346 -1.03935 -1.06324 -1.07532 -1.07209
0.18 0 2.66846 2.40862 1.14119 0.832491 0.272152 0.452576 0.525834 0.484139 0.491128
0.2 0 0.190143 1.01292 -0.393676 -0.986461 -1.48341 -1.59075 -1.37686 -1.42588 -1.42802
0.22 0 -1.96256 -1.07961 -1.54701 -2.87654 -3.16754 -3.59068 -3.33426 -3.3161 -3.35027
0.24 0 -3.45684 -3.63481 -2.85931 -4.47914 -4.96389 -5.45293 -5.35716 -5.19772 -5.27121
0.26 0 -0.232208 -1.5301 -0.542109 -1.29134 -2.49796 -2.84878 -3.027 -2.74798 -2.82139
0.28 0 2.54289 1.38748 1.18909 1.90107 0.154729 -0.276609 -0.615335 -0.364162 -0.355241
0.3 0 0.925256 0.964872 -0.489405 0.738289 -0.483116 -1.49307 -1.80065 -1.74355 -1.58331
0.32 0 1.23217 2.03805 0.789707 0.866041 1.0822 -0.592605 -0.927422 -1.09611 -0.793968
0.34 0 1.66957 2.4875 2.54468 1.02239 2.21842 0.649494 -0.0996938 -0.384228 -0.0310265
0.36 0 -0.277073 0.46666 1.37748 -0.38611 0.194201 -0.208082 -1.66883 -2.01264 -1.71042
0.38 0 -2.0139 -1.37838 -0.617969 -1.05044 -2.13213 -1.19459 -3.03755 -3.61667 -3.41899
0.4 0 -3.24169 -3.27533 -2.86862 -1.88696 -3.90437 -2.78262 -4.09647 -5.19891 -5.15331
0.42 0 -3.91821 -5.29767 -4.80574 -3.58255 -4.77103 -4.9473 -5.02746 -6.66196 -6.92253
0.44 0 4.91411 2.66957 3.02095 3.68871 4.2674 2.49494 3.34703 1.69624 0.845572
0.46 0 12.1286 11.7526 10.6942 11.082 12.718 10.6213 11.2088 10.2942 8.62142
0.48 0 4.16303 7.74278 5.26397 5.46284 6.85193 6.08357 5.37599 5.50244 3.1132
0.5 0 -3.22396 1.89981 0.881937 -0.0304021 0.504611 1.63341 -0.222992 0.355039 -2.19266
0.52 0 -3.4759 -1.09087 1.93859 -0.314754 -0.66109 1.55395 -0.172098 -0.314237 -2.25376
0.54 0 -6.36029 -7.86536 -2.38678 -3.87283 -5.19713 -3.28926 -3.52356 -5.22146 -6.06299
0.56 0 -8.98956 -12.5495 -8.99496 -7.02179 -9.06617 -8.59413 -7.01368 -9.96904 -9.86544
0.58 0 -11.3804 -15.4888 -16.2746 -10.9846 -12.2833 -13.6642 -11.3319 -14.1077 -13.7866
0.6 0 -3.30043 -8.25684 -11.8884 -6.7902 -5.32511 -7.96254 -6.72986 -7.62928 -7.88315
0.62 0 4.07258 -1.09342 -5.18302 -3.77228 0.886346 -1.33392 -2.65454 -0.948844 -2.00469
0.64 0 4.04263 1.10516 -2.85539 -5.57466 0.041558 0.211018 -3.55858 -0.234996 -1.45912
0.66 0 2.60491 3.48513 -0.606174 -5.42553 -2.17874 1.13563 -3.05731 -0.444675 -0.671351
0.68 0 1.23346 4.7402 1.41696 -3.58411 -4.51048 0.55752 -1.09772 -1.38001 0.249485
0.7 0 6.00613 9.3488 8.55813 4.04398 -0.386281 3.69779 6.48732 3.00968 6.23137
0.72 0 10.822 13.1455 15.0944 11.4845 5.47832 6.4405 12.9261 8.52598 11.8148
0.74 0 14.2751 17.6662 20.3502 18.4832 12.5981 10.1769 17.1691 15.5502 16.938
0.76 0 11.3346 18.0075 19.808 19.9605 15.3656 10.7659 14.7103 18.5624 17.0017
0.78 0 16.735 25.9755 28.0365 29.1528 26.6871 21.3314 20.6778 29.577 25.9357
0.8 0 8.6759 18.4838 22.9898 24.0038 23.7693 18.6431 14.6438 24.8884 21.785
0.82 0 1.89396 9.56827 17.4567 18.9968 19.9012 15.7599 11.2107 17.8547 18.2783
0.84 0 0.601398 4.59048 14.3142 18.6875 19.0352 16.6349 13.7376 13.5381 19.026
0.86 0 -0.151892 0.966205 9.55413 18.2967 17.7467 17.4861 16.4714 9.81216 19.338
0.88 0 -1.05171 -0.887887 4.65849 16.0369 17.011 18.4382 17.7771 8.39181 18.6497
0.9 0 -2.01223 -1.85016 1.18042 11.2433 17.1024 19.3538 17.1236 9.85648 16.8
0.92 0 2.8881 3.1868 5.10748 11.0253 22.7125 25.7232 21.1362 19.1095 19.9172
0.94 0 7.26605 8.64367 9.54913 11.9725 26.5618 31.4058 25.7108 28.5395 22.9295
0.96 0 10.739 14.4309 13.6818 15.5969 28.2156 35.7294 32.2764 36.4359 26.5386
0.98 0 13.558 19.5997 18.1768 21.4672 28.6968 38.1415 40.9455 42.1242 31.1303
1 0 6.02371 13.0805 13.8712 17.332 19.3129 28.9382 39.809 35.9817 26.3413
1.02 0 -0.571758 5.74772 10.8141 12.2982 11.3701 19.8997 36.6917 29.7845 22.1532
1.04 0 -5.97943 -0.67958 7.20962 6.62251 5.04107 12.3652 29.6534 24.6858 18.2489
1.06 0 -4.89896 -0.237157 7.0536 6.35683 5.34549 11.9119 24.1099 25.8392 19.8712
1.08 0 -2.91804 1.0453 5.60585 6.40231 6.91783 12.1791 16.9982 26.5383 21.9423
1.1 0 -7.76924 -5.57145 -3.0106 -0.874621 2.04692 4.23466 3.64831 17.7691 17.1659
1.12 0 -11.7634 -13.3807 -10.6191 -7.64776 -2.79662 -4.85551 -6.88439 6.50149 12.864
1.14 0 -15.08 -21.7881 -17.9874 -13.1929 -8.9958 -14.1596 -15.0547 -6.25922 8.49823
1.16 0 -18.3781 -29.6978 -25.7774 -17.6885 -17.0083 -22.4807 -22.4259 -18.6679 3.29673
1.18 0 -22.2038 -36.4131 -33.696 -22.7129 -25.7339 -29.5117 -30.2865 -29.0982 -3.41724
1.2 0 -26.0696 -41.9606 -41.043 -30.067 -33.4788 -35.919 -39.0048 -36.5541 -12.1419
1.22 0 -29.1282 -46.1884 -47.747 -40.0862 -39.6015 -42.5901 -47.7732 -41.4907 -22.7512
1.24 0 -7.77562 -23.6306 -30.6118 -27.2469 -21.1552 -25.75 -31.2456 -21.3252 -10.5732
1.26 0 11.8411 1.18154 -13.6095 -13.9575 -4.04183 -9.05126 -12.5815 -1.75541 1.14466
1.28 0 28.3761 25.9535 4.78216 0.332487 10.6742 8.11835 8.21187 16.174 13.1662
1.3 0 40.8875 48.0145 26.7202 15.226 23.2256 26.0819 30.1108 32.3913 25.9975
1.32 0 49.4534 66.0056 51.7029 30.9888 34.5969 44.6963 51.5544 47.672 39.818
1.34 0 55.1182 79.7626 76.523 49.1084 45.9064 63.3352 71.3012 63.0497 54.5316
1.36 0 27.691 56.277 64.2005 37.4682 25.16 47.547 55.6656 45.7974 36.5027
1.38 0 9.4839 32.6499 45.9422 28.9169 7.50012 29.6182 38.5279 29.3924 18.8787
1.4 0 10.3914 28.8045 43.0117 36.8074 13.5105 26.2802 38.3242 31.2801 19.2587
1.42 0 12.6228 25.3393 38.3251 41.4884 25.1922 21.2483 37.4157 33.544 19.9417
1.44 0 15.0805 23.3639 32.8462 43.5798 37.9916 18.014 34.8446 36.0735 20.977
1.46 0 14.9198 21.6291 26.4264 42.5035 45.7835 17.5934 28.4578 36.4873 20.9115
1.48 0 14.2639 19.9515 23.3024 40.536 47.5801 22.7464 20.9803 34.9669 22.0868
1.5 0 14.9788 18.6745 25.4143 40.8884 46.1927 32.5336 17.0172 31.9954 26.5075
1.52 0 14.6144 17.7499 29.1251 41.1862 43.2037 41.0126 17.143 25.7024 31.9479
1.54 0 23.929 29.3785 43.8528 50.9728 52.6559 56.4511 32.2526 28.7745 48.1752
1.56 0 0.531316 10.4678 24.1938 27.956 32.7711 36.0063 16.9363 1.16357 30.7025
1.58 0 -21.7762 -7.88838 2.13605 5.8091 14.1804 14.2031 0.567236 -22.3517 10.9386
1.6 0 -42.2278 -26.9746 -20.8461 -14.7775 -5.49566 -6.91714 -18.8871 -40.2384 -11.5864
1.62 0 -59.7359 -48.1957 -43.3965 -34.445 -26.4259 -27.2735 -41.6972 -52.214 -36.8247
1.64 0 -71.0099 -73.7508 -64.6742 -54.0548 -47.895 -49.014 -64.0297 -63.5545 -61.784
1.66 0 -75.4949 -103.071 -85.2642 -73.7418 -69.6495 -73.0379 -83.1246 -77.0581 -85.6062
1.68 0 -75.3937 -133.017 -106.67 -93.0634 -92.0714 -98.4571 -98.9289 -92.9891 -108.623
1.7 0 -50.6267 -125.934 -105.357 -84.1923 -88.2395 -95.7538 -85.6705 -83.8419 -103.295
1.72 0 -37.219 -97.7031 -111.096 -75.795 -85.1534 -90.4764 -73.3758 -76.0973 -97.2343
1.74 0 -28.9804 -60.5826 -116.268 -70.5941 -81.3267 -82.0902 -63.9166 -68.8042 -90.6471
1.76 0 -15.7176 -38.9968 -103.186 -73.6828 -75.2726 -71.2666 -57.5898 -61.6555 -83.6144
1.78 0 -3.75591 -29.6794 -70.9326 -84.0452 -68.4528 -58.794 -53.301 -55.4158 -75.6938
1.8 0 -10.8505 -33.7028 -49.3255 -106.496 -75.4843 -59.7778 -62.589 -64.404 -79.5345
1.82 0 -21.7333 -32.4586 -37.8346 -121.986 -83.2376 -62.1965 -70.5652 -75.1834 -82.2101
1.84 0 -8.82827 -3.72485 -16.9923 -103.22 -68.6313 -44.1633 -53.2599 -63.0161 -60.9226
1.86 0 6.36326 24.601 -11.1907 -66.0143 -59.2513 -29.0936 -35.2511 -49.4572 -40.1198
1.88 0 24.9493 44.5435 -8.996 -18.3831 -50.6497 -17.503 -17.6757 -32.7666 -20.5624
1.9 0 46.4803 49.1061 10.0294 19.6505 -37.7009 -6.59152 -1.93939 -12.1814 -2.51799
1.92 0 67.3528 46.0852 44.3638 38.6755 -10.9632 0.914564 11.7377 11.3975 14.3776
1.94 0 79.7995 52.9303 74.1953 50.9097 24.8486 6.77745 23.7104 35.8307 30.9677
1.96 0 76.0903 78.2555 89.8336 66.901 60.8084 15.2386 35.056 58.4148 48.2529
1.98 0 59.681 113.235 97.0464 90.3761 89.1299 29.1706 47.4681 76.7641 67.0317
2 0 45.7277 139.416 109.416 116.054 108.128 50.5801 61.0457 89.999 87.4752
2.02 0 50.7021 133.329 139.605 136.523 119.726 81.8371 74.7263 98.9906 108.993
2.04 0 69.1088 107.563 176.495 153.739 129.102 116.079 91.079 106.429 130.367
2.06 0 42.4599 50.7869 151.375 130.203 97.47 101.579 68.4054 71.2985 106.431
2.08 0 11.2121 24.5652 94.8575 112.476 73.0207 79.3687 51.2254 37.5624 80.1394
2.1 0 -17.6898 13.9608 25.749 91.1593 57.0111 50.7789 35.3471 8.88499 50.2898
2.12 0 -39.2206 -4.29491 -24.9123 51.9486 47.2002 20.7997 15.6752 -12.1287 16.7818
2.14 0 -54.3875 -38.4824 -46.1263 -5.89216 36.9434 -4.92561 -11.0517 -25.4321 -18.8735
2.16 0 -65.2034 -78.7282 -58.4809 -60.6997 14.0952 -23.5826 -41.4015 -37.9725 -53.0627
2.18 0 -76.3992 -112.38 -82.3459 -94.2138 -29.1354 -37.2209 -68.259 -56.0018 -84.0747
2.2 0 -88.5611 -138.694 -118.574 -108.491 -86.0132 -53.2752 -86.9023 -80.0899 -113.02
2.22 0 -99.2391 -162.159 -155.973 -122.727 -137.351 -79.6999 -97.495 -109.23 -140.337
2.24 0 -58.0987 -126.169 -136.228 -99.2126 -119.438 -64.4346 -53.7938 -87.4264 -114.837
2.26 0 -21.2635 -80.7516 -111.578 -89.3887 -85.1445 -55.7613 -14.1581 -62.5962 -89.6541
2.28 0 8.20292 -30.7067 -83.2436 -81.9212 -48.761 -42.6106 14.0338 -31.8038 -64.6422
2.3 0 28.6124 15.4285 -45.5169 -68.273 -23.3476 -16.768 27.417 4.42471 -38.8208
2.32 0 44.3144 53.0827 -0.885999 -45.1619 -9.13696 19.2248 30.4436 41.1848 -10.6937
2.34 0 59.6552 79.9182 46.859 -14.4647 4.15234 51.497 37.2586 70.2655 21.313
2.36 0 73.9525 99.0869 87.6859 28.9763 23.7117 69.3521 57.833 87.8143 56.9104
2.38 0 83.2676 117.966 117.583 81.0601 51.442 74.9252 89.85 98.061 93.5111
2.4 0 88.1588 134.361 142.48 130.751 85.474 80.982 121.155 110.332 127.898
2.42 0 -43.8961 3.36495 28.5627 31.1537 -15.1342 -42.6987 2.42116 -9.88129 19.5294
2.44 0 -155.825 -136.755 -85.1429 -75.9531 -114.921 -155.035 -127.246 -123.443 -91.3655
2.46 0 -104.365 -134.59 -68.717 -45.668 -75.9164 -121.091 -120.249 -94.6943 -63.6341
2.48 0 -48.3472 -111.493 -66.7928 -18.6506 -38.518 -83.8741 -109.48 -67.8221 -36.0901
2.5 0 -6.7685 -59.7177 -68.7344 -3.03083 -1.10607 -46.2666 -92.0584 -44.4894 -8.15455
2.52 0 20.077 0.28629 -52.2409 -3.33834 34.0286 -8.97377 -66.7424 -25.2546 19.993
2.54 0 41.3296 44.8542 -7.99387 -8.54949 55.5911 28.7667 -29.8405 -10.481 47.4613
2.56 0 11.7761 21.4641 -1.61281 -49.4705 7.3385 13.4213 -32.1569 -46.2831 21.8846
2.58 0 -14.8793 -7.82941 -5.72168 -65.8923 -52.9002 -7.76459 -31.4019 -74.0963 -8.88133
2.6 0 -37.6135 -35.5789 -28.563 -65.9521 -106.653 -39.4623 -36.1265 -88.7121 -45.1217
2.62 0 -55.9632 -61.9012 -60.796 -69.6097 -138.203 -82.7397 -50.8403 -91.8229 -84.1291
2.64 0 -39.3605 -57.4286 -60.2617 -59.2215 -111.979 -100.519 -43.8044 -59.764 -90.1469
2.66 0 -23.7594 -51.586 -57.0843 -63.3351 -72.2659 -112.319 -45.9312 -30.6105 -92.6511
2.68 0 -6.66104 -35.7994 -49.9488 -59.7719 -37.1537 -100.251 -49.1001 -2.25027 -84.8576
2.7 0 6.39812 -17.3917 -45.4229 -45.0221 -25.4039 -66.1826 -55.0052 17.4323 -73.4641
2.72 0 17.4512 -1.16197 -36.6977 -25.1398 -27.9229 -24.7987 -50.1266 20.4362 -56.2267
2.74 0 27.4402 10.5783 -17.7655 -12.3678 -25.9446 4.97327 -23.8619 0.73325 -30.0216
2.76 0 34.436 21.5253 7.78273 -8.79417 -11.4078 19.373 13.7649 -25.6054 -1.32669
2.78 0 37.0159 36.1677 30.7903 -5.08833 9.18348 28.9633 42.9734 -37.9521 22.0316
2.8 0 14.0421 32.3898 22.9267 -15.1809 4.45457 20.2596 32.5892 -53.9954 15.8036
2.82 0 -6.97929 28.2732 9.15348 -16.0149 -4.59752 17.2498 4.31213 -50.5774 2.57302
2.84 0 -20.5402 16.5384 -2.95153 -14.8531 -11.6428 10.6773 -32.3333 -32.1746 -16.7411
2.86 0 -20.9024 -6.93572 -5.96608 -14.8406 -10.3439 -6.36993 -58.1712 -12.925 -34.7604
2.88 0 -16.6124 -34.0832 -7.8548 -15.919 -6.10006 -35.8671 -64.5367 -7.49189 -48.7683
2.9 0 -17.2025 -51.1922 -16.8564 -14.02 -7.94521 -66.6617 -54.8 -17.7691 -57.682
2.92 0 -1.60655 -26.972 -10.2952 17.4439 2.85546 -59.247 -16.2096 -12.4781 -36.9496
2.94 0 7.77848 4.73493 -4.4791 46.7334 1.78195 -31.0015 12.764 -8.16832 -14.4252
2.96 0 18.0904 29.3909 13.5484 64.8518 0.299666 11.2331 28.2238 1.48278 7.51999
2.98 0 31.5352 44.6766 46.2249 64.806 15.7656 49.0852 36.4309 17.2838 27.9321
3 0 10.7947 25.0534 47.5667 20.5165 14.6865 38.1366 11.0241 2.31027 12.4754
3.02 0 -10.2512 9.2362 41.3475 -18.0927 15.7887 18.9912 -10.1149 -11.4576 -3.93283
3.04 0 -29.4237 -2.40617 19.783 -37.29 6.07043 -2.43886 -26.3442 -25.5421 -20.8204
3.06 0 -11.3834 21.9982 11.5095 -1.48714 16.203 8.74892 -6.25751 -7.88937 -5.44854
3.08 0 14.1491 38.3796 5.623 36.3113 23.6453 19.6866 15.5869 9.35815 9.77638
3.1 0 47.1078 37.3672 21.3699 57.8445 38.0248 29.7305 36.4386 27.3488 24.7872
3.12 0 75.6632 33.9736 47.8846 70.326 55.372 41.7628 53.8559 46.7329 39.6556
3.14 0 86.9978 47.4563 70.0704 81.0391 72.9201 57.2007 67.5829 66.8572 54.794
3.16 0 42.9279 51.7736 52.141 61.4138 58.433 44.2522 48.1488 54.8364 39.5008
3.18 0 -2.20675 53.8404 37.15 39.8913 43.7433 32.3406 29.4769 40.2031 25.4682
3.2 0 -30.5329 34.0566 33.7218 15.6939 28.6639 20.1231 13.3535 22.2103 12.7256
3.22 0 -42.1998 -1.099 32.0813 -3.28305 10.2246 7.7517 -0.235998 1.70739 0.725361
3.24 0 -0.84778 8.13763 58.1547 34.1475 28.6478 38.6469 30.1476 23.4869 31.3318
3.26 0 39.4788 29.209 68.462 75.6695 49.7104 67.5432 60.5614 46.7561 60.9965
3.28 0 67.7082 62.8864 72.4533 113.088 78.407 92.9521 89.8406 72.9073 89.2874
3.3 0 26.4948 40.534 25.787 83.6396 53.655 59.1826 58.6931 44.3694 57.9254
3.32 0 -12.7038 4.59626 0.63115 37.3707 34.8629 25.3836 25.3905 18.6584 25.3904
3.34 0 -43.9315 -40.9444 -14.4676 -15.3782 16.6785 -7.07907 -9.34763 -5.57442 -7.82462
3.36 0 -69.4902 -80.5069 -41.1384 -58.857 -7.44598 -37.4633 -43.6792 -30.8462 -40.6739
3.38 0 -90.0561 -107.474 -86.9623 -87.6743 -40.7534 -65.4282 -75.7767 -59.2782 -72.325
3.4 0 -44.5886 -69.5682 -82.159 -48.0825 -25.6917 -31.5194 -46.202 -32.3342 -44.1538
3.42 0 1.79132 -31.8558 -69.4729 -12.5156 -11.464 1.6866 -13.19 -8.41141 -15.1105
3.44 0 40.4411 1.84974 -35.3636 7.81213 7.87604 31.9089 21.9612 13.9894 14.3802
3.46 0 63.0819 34.6347 19.5308 14.711 31.835 59.8564 56.4805 37.5623 43.4734
3.48 0 16.4318 20.7931 20.4076 -29.8769 2.96204 33.5223 35.1176 10.5365 18.0326
3.5 0 -30.6558 9.60386 5.97938 -60.8634 -27.6896 6.75608 11.5029 -13.3491 -8.50434
3.52 0 -60.3103 -12.2356 -24.7398 -70.1656 -63.3788 -21.7815 -13.3191 -35.113 -35.7416
3.54 0 -66.9573 -52.6699 -60.7473 -68.2534 -98.5044 -53.6338 -38.645 -55.5726 -63.3392
3.56 0 -14.6096 -52.4241 -43.2974 -27.3738 -71.5435 -41.5285 -16.2827 -26.2957 -41.8715
3.58 0 25.131 -39.2225 -23.9578 -3.66482 -27.0971 -33.5032 2.7151 3.45594 -19.9653
3.6 0 44.4837 -5.00182 -7.35926 11.8686 20.5698 -21.6385 18.1085 33.2176 2.59796
3.62 0 19.8006 9.88373 -20.7353 -2.09767 25.3522 -27.8116 -0.740946 32.2883 -4.49539
3.64 0 -3.98292 16.5936 -24.637 -13.6389 12.4923 -19.4783 -21.4096 29.0354 -10.4755
3.66 0 -18.1562 6.741 -15.6113 -23.7341 -12.5569 -7.30428 -33.5155 16.3909 -13.3982
3.68 0 -22.8474 -14.3143 -2.36877 -32.0519 -36.9451 -4.18552 -31.4425 -7.45083 -13.1172
3.7 0 -0.863541 -7.06883 24.7688 -11.203 -27.4618 10.2061 5.03216 -11.6706 12.9304
3.72 0 15.8168 13.8193 35.026 14.0297 -7.61154 16.3633 39.4129 -10.3404 36.8821
3.74 0 28.542 42.7041 37.1179 38.6053 19.3933 24.415 60.6134 2.89107 57.0955
3.76 0 13.9115 37.5829 17.2961 28.5951 18.6633 12.2597 35.3379 -0.170207 44.4471
3.78 0 4.5551 21.9524 8.34443 12.1652 17.7162 6.82034 -0.551026 5.80151 28.7402
3.8 0 5.79658 4.47621 11.2806 1.11122 19.641 6.45021 -25.5979 16.2032 18.6371
3.82 0 5.07207 -8.75692 8.31583 -2.91898 15.826 1.93617 -38.8512 18.4629 10.7469
3.84 0 -1.11382 -12.191 -4.27737 0.65531 6.76964 -6.65756 -40.5469 12.196 5.42863
3.86 0 15.6494 15.2812 7.49478 31.1142 22.5565 5.41235 -1.91597 22.6764 28.8285
3.88 0 31.96 39.1844 26.6835 55.638 37.7868 20.5517 38.2839 30.484 52.6392
3.9 0 47.9199 57.101 56.2295 72.628 53.9301 41.3995 71.0311 42.9077 75.1239
3.92 0 58.8312 74.1441 91.1928 84.3124 72.7289 65.9694 93.443 64.53 94.5337
3.94 0 27.3101 56.4108 85.0423 61.6707 53.1714 59.5859 67.5548 59.1495 73.4222
3.96 0 -4.83151 41.1319 69.9379 44.939 33.501 53.3532 38.8136 57.1135 50.9011
3.98 0 -28.6059 23.6571 46.3221 32.1419 18.4143 39.3366 17.5061 50.095 29.7462
4 0 -33.2473 -4.59385 18.0617 19.6089 10.1076 14.9302 7.84788 33.9706 11.4917
4.02 0 -25.8542 -37.0832 -13.1014 6.88684 4.34933 -13.754 5.10356 10.7891 -4.1032
4.04 0 7.52978 -32.8116 -17.4112 21.9024 23.8777 -7.3372 27.9119 14.8243 10.2523
4.06 0 26.146 -13.5025 -19.3008 31.0177 38.7025 10.5353 41.0823 22.4135 24.2901
4.08 0 9.3335 -6.56331 -33.5214 11.1802 30.9851 15.2314 24.6526 14.1216 16.4533
4.1 0 -10.6063 -5.77699 -32.0427 -14.9038 20.987 22.0874 4.87042 8.39791 7.99015
4.12 0 -24.6125 -16.9357 -19.3251 -39.3141 5.25059 26.4241 -10.3084 1.04884 -0.206466
4.14 0 -11.2205 -8.72633 9.42391 -32.0436 7.31189 46.7058 5.95192 11.5994 14.2985
4.16 0 2.41136 7.56803 19.2338 -7.89812 5.49003 60.4154 29.8107 19.6062 29.0243
4.18 0 15.5476 28.5065 17.7812 24.6975 10.7529 61.6911 57.2968 29.0082 42.8185
4.2 0 30.4438 42.8804 24.2531 47.941 29.5111 53.7773 82.471 44.3661 54.5398
4.22 0 45.619 48.7238 45.0663 57.2026 57.5248 49.6342 95.0042 68.0301 64.0254
4.24 0 55.545 55.1989 70.041 63.619 82.6506 55.5019 95.9357 97.1437 72.7834
4.26 0 57.5875 70.6373 86.5253 79.848 94.7064 74.6118 89.8056 125.584 83.2937
4.28 0 25.4198 58.8405 64.2501 71.9797 66.0233 66.9401 56.4827 112.401 66.2953
4.3 0 -0.131024 40.5196 46.0702 60.2166 40.6548 53.5006 37.3284 83.5929 54.882
4.32 0 -17.3705 13.7737 34.7056 39.5118 24.7257 30.5635 31.5169 43.0227 47.0072
4.34 0 -30.0333 -14.1711 22.4625 15.5559 13.5644 5.33091 27.1018 3.14621 37.8007
4.36 0 -40.4969 -37.3641 1.28663 -3.32372 -1.04671 -12.5863 11.8782 -26.2472 24.3893
4.38 0 -49.4485 -55.6524 -28.3205 -16.459 -20.8884 -21.2761 -16.8525 -43.7669 7.04104
4.4 0 -56.4569 -72.7163 -58.9124 -31.0717 -39.8281 -27.9682 -52.7873 -51.2624 -14.5455
4.42 0 -61.2536 -91.2318 -84.5894 -53.2256 -51.5517 -42.4146 -84.3121 -55.9856 -38.8269
4.44 0 -27.3784 -71.9412 -69.3944 -43.344 -20.9501 -30.0657 -66.2125 -28.5083 -25.9231
4.46 0 0.439441 -45.0419 -55.7303 -31.1963 5.78672 -23.049 -35.2149 -9.14891 -11.4875
4.48 0 18.7294 -10.3557 -43.5831 -12.9682 20.6655 -12.0021 1.46979 4.90539 4.42132
4.5 0 -7.40285 -16.2643 -65.1062 -32.5752 -14.934 -30.1102 -5.46777 -20.2005 -18.6704
4.52 0 -28.5452 -36.1422 -70.7035 -58.0926 -54.144 -39.644 -21.1263 -41.3512 -42.0628
4.54 0 -42.9405 -65.3968 -67.0923 -88.6163 -89.2147 -48.2303 -43.3951 -58.7073 -65.7837
4.56 0 -55.8906 -87.9859 -70.4093 -117.619 -116.285 -63.1536 -67.2065 -74.7218 -89.2966
4.58 0 -70.385 -94.9029 -89.7048 -140.836 -135.037 -87.455 -88.7544 -91.7955 -112.016
4.6 0 -27.496 -37.4604 -63.9295 -102.356 -92.3998 -62.2716 -51.7424 -54.5886 -77.5549
4.62 0 15.6721 16.3347 -39.106 -59.2341 -51.2741 -36.4074 -15.2244 -18.5969 -42.1671
4.64 0 56.4418 59.8451 -4.81822 -17.2733 -12.7456 -6.97053 19.2686 16.6154 -5.77559
4.66 0 93.6472 89.0683 44.1088 22.4996 23.5393 27.1387 50.149 51.0826 32.097
4.68 0 123.187 111.319 99.8846 64.9716 57.0644 64.5205 78.9104 84.4578 71.3614
4.7 0 47.1258 56.5551 61.7289 26.1151 2.03397 15.3083 21.1561 29.1713 24.7304
4.72 0 -34.1368 7.65768 14.9247 -10.5492 -50.29 -36.517 -34.3723 -27.6131 -21.4026
4.74 0 -30.7376 20.5942 34.4282 18.5522 -24.1255 -22.8906 -18.3052 -14.6766 1.85221
4.76 0 -8.97936 21.4267 52.9816 43.0052 9.34683 -11.6547 -2.21333 -0.0258942 23.8209
4.78 0 19.9766 22.2332 65.3268 66.7836 44.1388 0.880513 12.3204 17.4314 44.0226
4.8 0 43.2219 36.0174 66.1818 93.0149 75.3716 17.3764 25.1238 37.5749 62.3678
4.82 0 55.2115 60.6065 64.9085 116.923 101.356 40.37 36.3274 59.4231 79.0844
4.84 0 60.5609 82.993 76.5993 128.815 124.783 70.0659 47.4416 80.8947 95.0111
4.86 0 65.9535 96.2799 106.731 126.946 145.462 103.836 61.0545 99.8241 111.419
4.88 0 12.8196 44.4736 77.587 64.4013 94.3316 76.1043 19.8644 51.2627 67.3735
4.9 0 -33.4212 -1.95381 34.3228 16.7511 32.6567 44.1243 -9.6492 -2.84611 24.1216
4.92 0 -72.6321 -43.8268 -22.3703 -20.0691 -29.3941 2.55651 -30.765 -58.4089 -19.7014
4.94 0 -102.755 -90.3637 -78.1555 -60.5229 -80.5068 -48.6754 -51.4398 -110.489 -64.866
4.96 0 -65.6698 -86.7876 -68.0562 -53.5738 -60.948 -45.8734 -23.7145 -94.8706 -54.7264
4.98 0 -26.6526 -80.9891 -57.3292 -50.2227 -36.9888 -39.4949 -10.9961 -65.4493 -48.5711
5 0 1.51327 -60.6091 -54.6357 -41.1129 -18.7959 -23.8911 -12.2397 -25.886 -44.9716
5.02 0 14.2241 -25.255 -56.7756 -26.8704 -7.54863 -3.27288 -15.6914 12.2011 -40.1626
5.04 0 -17.2915 -28.4763 -88.4002 -53.1356 -35.5379 -25.27 -45.9021 0.0159832 -69.1028
5.06 0 -41.4523 -48.4309 -101.191 -86.4848 -61.3449 -55.4046 -62.6102 -23.823 -94.4798
5.08 0 -55.122 -83.1336 -101.176 -121.81 -87.8416 -88.7464 -71.0215 -56.6645 -116.904
5.1 0 -29.3622 -74.6634 -68.3664 -110.145 -82.1012 -78.9156 -40.8592 -57.4621 -97.4514
5.12 0 -13.7792 -46.9804 -52.8448 -84.4612 -83.7671 -60.7043 -18.7821 -57.5939 -76.615
5.14 0 -5.78336 -9.90749 -44.8643 -54.7827 -82.8694 -38.687 -7.1699 -52.9179 -56.1151
5.16 0 4.42813 17.1029 -25.7877 -36.7648 -68.3653 -18.9544 -6.99716 -39.532 -37.1849
5.18 0 20.2247 27.1645 7.52938 -30.2722 -40.3011 -5.10988 -11.9414 -20.03 -19.7218
5.2 0 9.30669 4.25439 11.3063 -48.7901 -36.1548 -24.4282 -40.7397 -27.9311 -30.2034
5.22 0 -4.21084 -11.4079 -3.79971 -49.7742 -40.137 -45.5195 -61.6822 -39.5472 -40.1706
5.24 0 -19.0108 -20.6905 -35.1125 -37.366 -49.9779 -66.9711 -76.0652 -55.2975 -49.541
5.26 0 -6.75898 -8.74078 -36.8112 -5.28422 -33.876 -63.1616 -62.1617 -48.389 -33.8995
5.28 0 7.47054 -4.75844 -22.2805 12.7153 -15.5332 -57.469 -48.3085 -41.2704 -18.9505
5.3 0 20.6341 -3.37607 3.21358 20.9585 1.8988 -47.9243 -36.8458 -32.0388 -5.23157
5.32 0 27.9129 4.93504 27.6846 27.2756 15.0567 -31.8403 -29.2897 -19.8828 6.95874
5.34 0 27.2713 23.8114 44.7608 35.582 22.6465 -8.06033 -24.4557 -5.30635 17.3426
5.36 0 -12.8831 10.633 19.6797 8.73067 -8.68577 -19.5213 -53.001 -27.9645 -10.0922
5.38 0 -47.5631 -6.1655 -6.58747 -19.5522 -37.3881 -35.9775 -72.8112 -54.1841 -37.8005
5.4 0 -71.2434 -31.0539 -32.1427 -50.2853 -60.6116 -60.1798 -84.0257 -83.7878 -65.4514
5.42 0 -31.098 -13.9893 -6.14418 -29.3387 -30.1096 -37.3203 -41.1663 -61.9229 -41.9972
5.44 0 12.415 2.37823 15.0767 -3.08125 -2.77065 -11.7068 -3.45272 -35.6491 -19.4325
5.46 0 45.268 31.1166 27.5383 29.0566 20.461 19.1099 25.8011 -3.11829 1.8541
5.48 0 73.8923 61.897 41.9409 59.3066 44.498 51.4977 49.3362 33.4607 22.6534
5.5 0 61.8178 52.5047 27.2915 44.5805 35.5661 43.196 34.3889 32.4835 6.27201
5.52 0 44.859 41.425 21.9413 22.9623 30.8339 30.53 22.7782 28.3796 -8.6712
5.54 0 22.6058 30.4177 20.1446 1.40565 24.8287 16.1338 15.1323 19.8332 -21.8415
5.56 0 -1.06041 19.5771 14.4618 -11.6527 11.8761 3.82986 9.38851 7.53732 -33.4006
5.58 0 4.92835 30.6142 29.7051 7.72855 17.5561 19.7302 28.5281 16.765 -18.1919
5.6 0 15.9308 37.0554 44.1304 30.1436 21.4818 37.4159 45.8153 23.8934 -0.700337
5.62 0 28.1667 41.2163 57.905 51.2809 29.3698 54.0476 59.9243 31.7671 17.9446
5.64 0 36.7855 48.062 69.0544 69.3214 44.5153 67.8743 69.9079 42.924 36.5565
5.66 0 39.9305 58.8901 77.3002 85.1666 65.2167 79.299 76.1824 57.9842 54.4317
5.68 0 39.7806 70.5833 84.8248 99.2229 89.4841 88.5862 80.9711 75.4988 71.5099
5.7 0 10.7543 45.6874 60.8408 80.3361 81.0599 65.2215 54.7952 60.8437 55.852
5.72 0 -9.23183 14.5896 37.654 61.6755 69.3238 42.9196 31.8768 44.2847 40.0685
5.74 0 -22.1961 -18.3194 14.0327 43.5615 54.185 22.451 11.9392 25.2445 24.342
5.76 0 -33.347 -47.6297 -10.8068 25.3454 36.3068 3.99828 -5.69296 4.09757 8.63398
5.78 0 -22.0053 -41.6784 -13.747 29.5986 42.3925 11.6067 3.40482 6.84839 17.7752
5.8 0 -14.4829 -26.3521 -17.2448 29.7921 46.6865 21.2081 12.4973 9.9589 26.3561
5.82 0 -8.49395 -10.1525 -12.7364 24.5627 47.4846 33.5963 20.4047 14.593 34.0847
5.84 0 -12.1973 -9.0272 -7.95664 5.2019 33.3507 36.9655 17.0581 10.408 30.3198
5.86 0 -14.1728 -11.1086 -0.685377 -11.2511 15.9561 39.846 14.0882 7.63855 25.6503
5.88 0 -11.7052 -9.01099 3.6051 -16.846 1.09134 43.3905 15.9779 9.00492 23.6326
5.9 0 -8.90777 -4.44934 -0.522574 -16.1228 -10.0647 40.8176 20.5398 10.8709 20.8975
5.92 0 -24.0025 -19.6523 -27.7226 -32.4131 -32.9973 9.40129 8.89968 -5.78842 -1.95555
5.94 0 -11.8592 -16.6421 -29.666 -26.8996 -27.2861 -3.67117 19.7166 2.26342 -2.40805
5.96 0 -2.31521 -21.6796 -32.5652 -28.1581 -24.5026 -19.3958 21.9021 7.34747 -7.55091
5.98 0 3.99628 -25.176 -34.1844 -29.6405 -24.5986 -28.5788 18.7212 12.9824 -11.9928
6 0 13.5621 -12.9166 -26.1326 -20.1204 -17.7763 -20.6971 20.5791 28.6878 -4.70262
6.02 0 15.7997 3.52167 -17.0801 -11.5568 -12.2113 -9.15039 20.0767 42.5363 4.31924
6.04 0 15.0358 18.4218 -3.25624 -6.00305 -5.54781 3.45689 19.2113 55.2616 13.6241
6.06 0 16.7085 27.7097 15.6897 -2.47936 3.21607 13.7846 22.5106 62.8039 24.6948
6.08 0 -2.82939 10.1933 10.4933 -20.2382 -10.856 -2.69444 8.98759 38.6151 14.964
6.1 0 -19.1056 -7.38674 -1.6907 -30.9966 -26.7711 -19.363 -1.08999 8.75727 7.08026
6.12 0 -32.1484 -24.6083 -21.2729 -34.2664 -44.8544 -33.7929 -13.4017 -21.0045 -0.870524
6.14 0 -14.462 -17.8049 -16.5634 -10.9408 -34.56 -19.8698 -5.80491 -19.474 15.6467
6.16 0 4.72705 -11.6125 -8.56843 4.62885 -17.3318 -6.42657 -3.40845 -12.3509 30.13
6.18 0 18.8764 -1.07269 2.23622 11.1897 7.20646 4.58869 -2.77864 -1.39741 43.0198
6.2 0 3.33901 -6.83289 -9.81805 -5.90792 9.78661 -7.51691 -23.3099 -10.8385 32.7061
6.22 0 -13.8684 -10.6782 -22.9379 -19.2801 6.02465 -18.4504 -41.4135 -19.8787 21.755
6.24 0 -10.4472 -2.39758 -16.7032 -10.7109 10.8425 -10.6005 -39.2631 -11.5064 26.7914
6.26 0 -2.45429 -1.35704 -5.94878 0.484423 9.42042 -3.0465 -31.2659 -3.65197 29.8244
6.28 0 6.56562 -2.46976 7.10433 11.814 6.03572 0.886652 -15.0961 2.39885 31.3115
6.3 0 11.0892 1.60321 18.232 21.0762 5.5296 0.907217 5.78803 8.14004 31.4704
6.32 0 10.7383 13.3222 25.3279 28.9279 7.06634 1.57932 24.6002 16.1481 30.6203
6.34 0 -11.1698 5.76021 10.4438 12.556 -10.4737 -14.5365 15.0564 6.48001 8.4217
6.36 0 -27.0329 -7.39414 -1.95049 -8.19374 -26.2741 -24.8229 -2.37872 -1.01622 -13.0067
6.38 0 -14.6339 -4.88895 8.58875 -10.4592 -18.6035 -11.2441 -2.44323 11.6339 -11.7073
6.4 0 0.218235 -0.14058 13.2112 -9.34587 -9.40369 0.680701 -0.545939 20.2371 -8.26544
6.42 0 3.54888 1.25294 -2.02455 -11.7078 -8.65344 -1.47727 -2.93765 13.6256 -12.2831
6.44 0 5.75515 3.88445 -19.5353 -11.7423 -7.39335 -6.88434 -0.837651 2.58985 -14.4892
6.46 0 13.3333 4.75633 -24.3604 -10.733 -2.9041 -7.35656 6.10524 -4.97875 -11.6521
6.48 0 19.8068 -0.30547 -18.834 -13.6947 -1.27056 -4.06314 9.26679 -10.3319 -9.14996
6.5 0 19.1075 -3.60321 -9.4686 -16.0691 -3.83109 3.321 7.40784 -12.0236 -7.52808
6.52 0 9.80224 1.91978 -1.24972 -12.7981 -7.02169 12.9013 4.08651 -9.1443 -5.22177
6.54 0 -3.311 10.4513 3.39489 -6.26895 -7.65881 18.3013 1.41612 -5.13097 -3.3835
6.56 0 -18.6154 4.59409 0.754258 -8.86766 -10.7729 9.62969 -6.39815 -9.68981 -9.78198
6.58 0 -23.5463 -9.76234 -0.906741 -12.3391 -9.45705 -4.1521 -10.8664 -15.1584 -16.1034
6.6 0 -21.106 -26.1705 -7.86312 -12.4493 -8.32537 -18.7018 -14.53 -20.6463 -22.4704
6.62 0 -17.4761 -36.618 -22.7591 -8.29761 -11.2092 -29.4549 -20.526 -25.0033 -29.0558
6.64 0 -5.14629 -25.4087 -26.2662 6.6992 -4.04685 -22.6919 -16.7102 -15.3934 -22.9115
6.66 0 1.94469 -10.5012 -20.6347 12.1429 3.32659 -13.1339 -14.2354 -5.98117 -16.5124
6.68 0 5.73466 2.80008 -3.57383 7.51654 12.8959 -3.17111 -10.4345 1.50286 -9.40692
6.7 0 8.2374 14.4214 16.1333 2.17027 21.5866 6.76313 -3.75409 6.19558 -1.41178
6.72 0 -10.0508 4.08377 8.17254 -15.5322 1.05333 -3.29988 -16.6825 -12.8376 -14.6518
6.74 0 -7.34283 7.81995 8.06841 -6.96523 -10.101 3.03599 -11.4985 -17.3667 -11.806
6.76 0 1.1692 7.28875 5.87451 3.24652 -18.526 5.79434 -4.99356 -21.4218 -9.43785
6.78 0 11.4079 4.1583 6.60527 6.59896 -16.5867 2.08643 1.45356 -23.4485 -8.00246
6.8 0 15.1412 2.50871 6.11411 1.46723 -8.21637 -7.36815 3.18593 -24.0323 -9.72547
6.82 0 12.0827 7.29256 2.54017 -3.63478 0.313835 -14.1739 -0.792106 -18.9226 -13.1361
6.84 0 13.4978 21.2123 5.61599 2.97985 11.132 -6.52518 -3.27359 -1.8517 -9.75683
6.86 0 15.9985 28.6342 12.8643 12.4733 16.0545 5.68447 -7.02432 14.6125 -6.04903
6.88 0 20.7628 27.636 25.7378 22.1644 19.3702 16.5148 -5.07439 25.4099 -0.603046
6.9 0 24.1447 25.1135 38.6962 31.8715 24.3692 21.8614 6.61355 27.9879 7.37519
6.92 0 22.5623 28.6334 45.51 42.8343 31.0728 22.7004 26.0034 23.8596 17.8316
6.94 0 18.0645 37.1656 46.954 53.3921 38.3624 25.0055 44.4682 20.0681 28.4562
6.96 0 -2.34551 23.4062 29.4889 40.0267 25.9618 14.8744 34.4342 2.87494 17.4197
6.98 0 -14.0178 3.1775 15.8421 21.0606 14.0578 12.1443 13.8893 -6.29953 3.91807
7 0 -19.5561 -17.938 1.5185 -0.182395 3.48623 11.0642 -11.0614 -10.9795 -11.0869
7.02 0 -24.4938 -33.0651 -18.8938 -18.9544 -5.62422 4.13581 -31.1651 -16.9764 -25.9228
7.04 0 -10.7793 -21.7989 -23.0936 -13.2359 6.14639 8.8186 -20.289 -7.84067 -18.7426
7.06 0 0.779317 -9.7895 -24.6264 -5.62779 15.603 7.57306 -0.769489 -3.76384 -10.0844
7.08 0 10.9125 -1.15313 -18.0467 1.79466 19.3349 7.79302 19.5799 -0.339991 -0.978837
7.1 0 -3.95149 -19.0291 -26.6862 -14.889 -6.73323 -8.42689 9.90047 -16.1452 -15.8955
7.12 0 -20.7055 -37.0146 -32.1087 -32.2593 -35.1076 -19.0373 -8.32713 -26.5221 -31.8618
7.14 0 -16.1151 -27.3236 -17.2772 -26.2977 -35.6262 -6.79482 -7.34999 -10.5818 -24.53
7.16 0 -13.6905 -11.7568 -8.57519 -20.3948 -27.7306 -1.21692 -4.71334 3.68235 -16.1888
7.18 0 -9.68679 4.56344 -3.06409 -14.5373 -12.4473 -2.93367 2.34754 13.4643 -5.9932
7.2 0 0.378546 14.7948 3.26894 -7.2715 3.81584 -6.09304 11.6776 19.2014 5.92527
7.22 0 15.2077 18.4826 10.7813 3.99369 14.0685 -3.53815 19.1566 23.3822 18.6736
7.24 0 11.6447 3.11077 0.0294791 1.6634 -0.737163 -10.4869 4.89336 10.4681 13.5821
7.26 0 3.91796 -8.92832 -10.7543 -1.31717 -17.4242 -12.9611 -11.7995 -1.67357 7.87442
7.28 0 -7.3461 -18.8945 -18.6165 -10.6276 -28.7729 -17.6487 -27.0608 -14.0645 1.55178
7.3 0 -5.75166 -12.0789 -8.40984 -11.6637 -17.4615 -13.0362 -23.4075 -12.0548 9.75015
7.32 0 -11.7261 -8.78911 -6.64981 -19.5693 -10.4686 -18.3675 -23.3682 -16.529 10.6443
7.34 0 -14.982 -4.83667 -9.77367 -21.391 -8.32681 -22.3246 -23.0246 -19.5953 10.4267
7.36 0 -6.24845 1.1819 -8.92108 -11.0204 -6.96724 -16.4853 -17.8952 -13.8249 14.4342
7.38 0 6.6357 1.37702 -5.25713 0.587884 -8.62786 -8.68397 -13.4252 -5.20313 16.3028
7.4 0 17.1783 1.00095 2.62981 7.57722 -7.09016 -2.90512 -7.38701 4.40074 16.7999
7.42 0 19.4037 7.10169 11.4782 9.57081 -0.856244 -0.291574 1.38907 13.1167 16.894
7.44 0 4.40225 10.0572 8.30558 -0.0206751 -1.98005 -8.41039 1.9471 10.3217 7.55053
7.46 0 -9.46692 11.3669 3.63132 -7.48828 -5.01714 -13.5379 1.58192 6.09495 -0.982506
7.48 0 -14.5276 3.35534 -0.465578 -11.3056 -11.9607 -13.867 -1.34463 0.938101 -8.56028
7.5 0 5.43407 5.27274 11.8957 4.62648 -3.21802 5.49156 10.8171 12.0254 1.89602
7.52 0 23.8123 10.3335 20.3137 20.6119 8.99156 23.1861 22.8398 22.1264 13.2169
7.54 0 14.9047 5.72828 6.59737 14.9013 8.95086 18.0849 17.1695 12.8387 6.55433
7.56 0 0.766873 4.63983 -5.14585 4.90432 12.9502 10.3553 11.771 3.64525 0.172582
7.58 0 -10.9603 -1.65698 -10.7753 -6.47728 14.721 4.03597 4.87673 -4.40368 -6.30798
7.6 0 -17.1349 -14.6313 -12.741 -13.7649 8.82428 1.64655 -4.04313 -10.9995 -13.0308
7.62 0 -12.2675 -19.8422 -8.53475 -6.03684 3.98034 9.64089 -4.93147 -8.63764 -11.5158
7.64 0 -8.58704 -19.9598 -8.35687 4.17431 -1.46606 14.6833 -3.46138 -6.91429 -9.85862
7.66 0 -7.65423 -14.0898 -8.56006 9.34508 -0.292661 13.0325 1.62177 -6.24302 -8.00865
7.68 0 -7.64693 -6.11997 -4.89741 6.48208 7.9799 6.15547 8.46952 -5.36749 -6.26125
7.7 0 -2.21768 4.01745 5.48109 4.69898 19.5405 4.55472 16.3891 1.34735 -1.375
7.72 0 5.49381 12.431 14.3965 8.16982 23.181 10.2368 18.8724 10.9113 2.97192
7.74 0 14.2429 19.9677 19.9393 18.1493 19.5283 21.8034 17.7664 21.6395 7.4202
7.76 0 12.3632 16.096 14.7305 18.3801 6.54157 21.7068 8.60338 19.9487 2.60323
7.78 0 9.58769 10.599 11.9908 13.4613 1.19403 14.4148 5.68966 13.3736 -0.368285
7.8 0 23.8389 24.5726 29.3357 23.5776 21.3579 20.7901 26.3523 22.3098 17.2361
7.82 0 14.523 21.5769 24.0092 15.469 21.242 9.10748 25.6421 11.9031 15.3338
7.84 0 4.67233 18.951 15.5911 12.1003 15.4752 4.3439 18.4676 5.27146 12.53
7.86 0 -1.23208 12.3875 8.30953 10.7784 5.61753 5.38265 5.36469 2.64581 8.56053
7.88 0 -3.0004 1.2435 5.05318 6.96772 -2.76634 6.10243 -8.32087 1.20809 4.00524
7.9 0 -3.91255 -10.1996 3.03019 -0.0595002 -6.18799 1.10621 -17.0763 -2.34818 -0.361355
7.92 0 -7.26853 -16.3277 -3.20644 -6.97521 -6.17522 -9.74183 -19.53 -9.15175 -4.25476
7.94 0 -13.2927 -16.5931 -14.9225 -10.9373 -7.40526 -21.8079 -18.7431 -17.592 -8.09967
7.96 0 -18.7995 -16.8535 -26.7451 -13.4789 -12.4057 -30.5365 -19.3566 -24.8329 -12.6631
7.98 0 -20.3611 -23.1543 -32.4552 -18.5647 -20.867 -33.2473 -24.4892 -28.9157 -18.4604
8 0 -3.12396 -19.3338 -17.1272 -12.5406 -15.7169 -16.3213 -18.1118 -15.2891 -10.2419
8.02 0 10.4645 -11.2112 -2.97475 -7.51168 -9.68991 0.0668278 -11.0821 -1.62301 -2.31174
8.04 0 15.604 7.16818 5.19263 -0.870358 -1.10391 11.5221 0.401524 9.6438 6.09915
8.06 0 -2.67527 9.74155 -7.88912 -12.7361 -8.79901 -1.73151 -2.71683 -1.04866 -4.0181
8.08 0 -15.3274 3.75428 -16.1491 -25.1526 -15.6646 -16.6604 -4.94722 -12.4947 -13.8097
8.1 0 -18.3361 -13.684 -19.4226 -36.1776 -25.4024 -28.1905 -10.98 -22.1703 -23.8207
8.12 0 -16.589 -33.6613 -25.521 -40.8986 -40.106 -34.4961 -22.6408 -29.1958 -34.1986
8.14 0 -4.50827 -31.0226 -26.1731 -27.0092 -42.0671 -25.5535 -23.7991 -21.4508 -30.8187
8.16 0 0.138021 -18.1304 -29.61 -17.0824 -37.0758 -20.7831 -23.6761 -15.2725 -26.6319
8.18 0 -0.146813 -3.99773 -25.3508 -17.7794 -22.1687 -21.8037 -20.0522 -12.258 -21.2035
8.2 0 -3.6675 -0.242887 -15.4204 -27.3151 -9.51365 -26.9077 -18.63 -15.4378 -18.5841
8.22 0 -4.36518 -1.93135 -5.02323 -29.2255 -6.61457 -25.3943 -18.9534 -18.9538 -15.6888
8.24 0 -3.38597 -3.70388 -2.39576 -17.7538 -15.6626 -16.8514 -21.6727 -21.4825 -13.1396
8.26 0 -3.28424 -5.30564 -6.45605 -2.86132 -27.4544 -10.1017 -25.0617 -24.5043 -12.561
8.28 0 -2.93779 -7.41065 -7.72449 3.58575 -28.2012 -11.6817 -24.7182 -27.1331 -12.8055
8.3 0 -3.0499 -9.74103 -4.0154 -1.87425 -15.9698 -21.5851 -21.534 -28.5333 -14.1768
8.32 0 4.59758 0.727864 8.14801 -0.987219 7.7306 -20.5665 -11.0392 -17.3164 -7.36402
8.34 0 10.0728 15.4503 14.0328 6.87278 22.17 -10.8067 -5.75954 -3.05004 -1.58515
8.36 0 15.7297 29.3181 17.3519 22.1644 24.605 7.91224 -2.90753 11.4282 4.21601
8.38 0 14.2372 26.5615 16.6151 26.5102 13.6696 17.6882 -5.40693 12.2884 1.54042
8.4 0 16.0993 18.8372 24.5606 24.6438 10.1051 21.595 1.78477 8.83686 1.81712
8.42 0 15.6888 13.2579 31.7083 18.6982 13.7806 17.8959 14.9218 2.19996 3.07629
8.44 0 7.41073 13.5527 27.0564 13.6259 15.8756 10.473 23.6826 -4.99555 1.15618
8.46 0 -1.89943 17.8953 15.2712 14.1115 14.1939 8.44786 24.3758 -6.03688 -2.35761
8.48 0 -5.28862 15.3826 6.26494 14.743 10.0326 12.1522 16.2566 -0.837859 -7.27648
8.5 0 -0.819952 2.24445 4.961 10.9169 7.67074 16.4653 4.66951 6.63312 -12.251
8.52 0 9.3938 -6.71268 10.0512 9.66276 13.601 20.9695 1.95532 16.0539 -10.9763
8.54 0 11.7079 -4.94692 8.5915 10.9787 20.6304 19.6443 7.0193 18.7877 -7.08279
8.56 0 -10.3825 -10.1321 -14.9185 -1.06482 9.06867 -0.688094 0.925424 -1.10244 -17.3115
8.58 0 -30.0748 -18.6891 -33.9539 -13.8899 -5.73582 -18.277 -5.78411 -22.4826 -26.4043
8.6 0 -39.551 -39.084 -42.6305 -30.3936 -23.6612 -30.0991 -18.3599 -40.674 -36.0206
8.62 0 -41.3206 -63.8337 -47.4598 -48.0357 -44.0507 -37.2297 -37.5406 -53.8357 -47.1047
8.64 0 -44.3161 -78.4489 -59.6605 -63.1352 -64.0448 -44.5692 -59.2908 -63.6547 -59.5278
8.66 0 -26.2827 -55.7491 -54.9041 -51.0965 -53.2553 -31.4982 -51.9165 -47.3684 -46.4012
8.68 0 -12.3265 -27.711 -51.3601 -42.108 -36.0564 -26.1988 -38.7886 -33.3698 -33.215
8.7 0 1.34244 -5.23022 -39.6965 -36.7304 -16.7645 -24.442 -22.165 -21.2445 -19.9183
8.72 0 15.9847 7.83285 -19.122 -29.2157 -3.86667 -19.0689 -6.60142 -9.02258 -6.86617
8.74 0 28.8757 16.7621 3.05424 -13.1287 -1.75546 -6.56404 5.25892 4.64627 5.69729
8.76 0 25.1716 16.8851 9.73825 -2.72283 -16.2296 -2.38053 2.89995 7.50811 6.17464
8.78 0 17.1014 21.5269 14.3524 4.32151 -25.0859 -1.06552 1.37252 9.75199 6.76624
8.8 0 8.77357 25.1588 19.8288 4.32043 -22.3578 -6.07395 2.39388 10.4597 7.73919
8.82 0 26.2722 49.9138 48.5246 23.1301 13.5107 8.60053 27.6244 33.9453 32.5962
8.84 0 45.272 73.6285 73.352 44.6228 48.7446 26.263 50.5416 57.8329 57.4744
8.86 0 63.8686 96.6302 94.059 73.4657 74.9193 52.3685 69.5205 82.562 82.3226
8.88 0 32.8176 67.4076 67.1095 58.9501 44.0637 38.2212 38.1866 58.3691 59.4049
8.9 0 5.02395 29.2839 44.2818 41.51 14.5576 23.7134 9.58702 31.3367 37.1947
8.92 0 -19.2346 -11.6164 22.1174 19.1364 -7.24828 1.9627 -12.7869 0.876589 15.6663
8.94 0 -41.6029 -45.9399 -7.38805 -3.75062 -22.3791 -27.6266 -30.1543 -31.1649 -5.91794
8.96 0 -60.4682 -71.8496 -46.1231 -25.1358 -36.2217 -58.0148 -48.1996 -61.0726 -28.681
8.98 0 -32.7208 -51.1206 -45.2724 -5.02005 -11.2118 -40.2826 -30.5513 -42.9709 -11.7879
9 0 -4.84455 -29.3055 -36.9401 8.82442 10.9992 -15.6612 -19.5367 -18.1326 2.07266
9.02 0 -12.4668 -36.9561 -47.4821 -16.1278 1.51184 -18.6186 -39.6033 -21.4832 -15.9617
9.04 0 -24.8679 -42.8381 -50.6671 -44.7139 -9.78118 -23.2272 -54.0355 -28.2568 -33.5784
9.06 0 26.0194 18.156 10.2578 -1.50576 39.3346 34.9533 5.01834 24.0546 15.975
9.08 0 73.1032 80.4186 64.3036 53.0953 80.9564 90.7707 71.5237 70.784 67.1815
9.1 0 48.817 73.8954 50.571 47.5754 52.8127 77.894 73.8543 49.9954 52.4641
9.12 0 24.8211 58.4881 44.8157 37.4743 28.6265 62.6475 72.6871 33.3737 36.9498
9.14 0 6.48167 31.0018 45.5408 21.8754 11.8756 45.1999 64.7338 23.725 19.9403
9.16 0 -8.98214 3.32103 39.7062 8.42182 -0.0839594 26.8512 49.8334 20.2212 1.86623
9.18 0 -8.85648 -0.0740749 33.0847 17.3691 3.04385 24.1938 44.5786 33.7544 -1.01705
9.2 0 -6.49512 3.00289 15.0528 29.2049 10.3251 21.4776 36.449 45.4949 -2.08878
9.22 0 -15.0969 -10.8898 -14.452 18.8314 10.0568 2.2786 14.9078 36.6482 -14.353
9.24 0 -19.5868 -31.6549 -32.7755 -0.629937 12.4074 -16.8399 -3.06578 19.5307 -22.1505
9.26 0 -24.2975 -52.1652 -45.5996 -21.8636 7.3856 -29.2601 -18.7824 -4.75842 -26.5777
9.28 0 -33.4027 -64.5935 -59.8199 -39.0385 -9.78524 -32.1376 -34.4923 -32.0693 -30.2853
9.3 0 -46.3689 -68.3081 -73.8583 -52.9198 -37.7362 -29.359 -50.3859 -57.5959 -35.8318
9.32 0 -16.7013 -28.1402 -39.9349 -28.6265 -22.3447 10.5995 -21.9078 -37.301 -1.92457
9.34 0 13.1719 9.48313 0.446224 -9.84709 1.01541 40.0002 9.95334 -12.6425 29.5059
9.36 0 40.1924 46.0098 39.7981 11.7451 30.7405 58.3208 43.733 16.8749 58.5778
9.38 0 62.7019 82.884 71.9198 43.7426 60.7794 73.3503 74.7181 51.1909 85.095
9.4 0 14.9601 47.3523 30.8846 17.784 19.2433 21.7971 31.4551 24.1774 40.0863
9.42 0 -24.5332 -1.97107 -6.42536 -6.25329 -23.1055 -27.1614 -15.8005 0.601087 -6.35048
9.44 0 -4.20713 -11.5074 10.5882 14.1377 -12.7766 -25.2507 -12.3154 23.6975 -1.70429
9.46 0 12.9147 -11.9407 22.5773 29.2611 0.820249 -22.581 -4.50692 39.49 6.14185
9.48 0 17.4562 7.22248 24.7931 40.2184 15.8361 -17.6186 7.84596 47.098 17.686
9.5 0 14.5121 35.2499 26.1756 44.0736 29.6037 -5.62942 22.5987 46.4935 32.7772
9.52 0 16.4391 52.2169 38.1822 40.53 38.7702 17.5021 34.7968 42.5688 49.154
9.54 0 5.05395 29.375 34.6086 12.7884 19.5213 24.2627 19.8002 17.2876 40.6969
9.56 0 -0.427929 2.77029 24.0189 -6.67009 -0.983358 28.7177 4.51134 -4.76275 30.3489
9.58 0 -7.25097 -14.6721 -2.41474 -16.2878 -16.8833 23.0393 -7.70078 -23.7636 18.2329
9.6 0 -16.7779 -24.583 -36.5156 -23.9364 -23.6494 4.94503 -16.8172 -37.4916 2.94469
9.62 0 -25.211 -37.6798 -62.5942 -37.9303 -22.3197 -22.2093 -25.8214 -44.0026 -16.151
9.64 0 -5.10323 -31.0674 -48.7979 -29.9908 3.34016 -21.5768 -12.1072 -17.6344 -11.3154
9.66 0 10.2138 -23.7544 -28.3014 -18.5428 15.5045 -11.3904 -2.79282 10.5646 -6.80146
9.68 0 14.2079 -7.38805 -8.29933 0.666865 12.7138 7.57095 6.72302 34.3469 -0.0373158
9.7 0 9.41289 15.9809 11.9646 20.8365 6.90974 26.3801 22.3972 49.3793 10.3275
9.72 0 5.99239 35.292 36.7382 33.4475 11.1912 37.5054 46.0356 55.3768 24.2652
9.74 0 -8.94733 24.6438 42.9626 19.3391 6.1578 22.0502 51.6667 35.8311 20.2884
9.76 0 -14.3084 11.6639 39.9417 8.69784 4.87937 8.96081 50.089 18.5876 16.7096
9.78 0 -12.2361 1.91802 20.9159 7.61991 1.11795 4.43673 34.9502 8.8858 11.8223
9.8 0 -7.10629 -5.51277 -5.34182 9.8673 -2.6818 5.98822 9.22287 5.74459 5.58742
9.82 0 -2.02248 -15.1883 -24.2176 4.01043 -0.692252 5.0403 -16.425 3.18441 -0.794185
9.84 0 11.9063 -14.8739 -20.504 0.0784283 17.9224 8.84339 -21.4543 7.3453 5.67282
9.86 0 0.92706 -27.2712 -29.7975 -21.336 15.0815 -8.29483 -33.2249 -11.8609 -3.7238
9.88 0 -17.1196 -32.9653 -42.0192 -33.9494 0.0288269 -23.8274 -38.5757 -34.2925 -13.0466
9.9 0 1.10314 0.261333 -17.0511 -2.09642 11.8644 2.57436 -5.0037 -17.6905 13.8879
9.92 0 20.4697 27.3602 15.4324 27.3642 21.6656 31.0865 25.9968 4.20683 38.0513
9.94 0 5.50435 12.8069 19.6562 15.1544 1.90291 22.5253 17.618 -2.22656 23.7566
9.96 0 -8.52132 -1.36411 21.6745 0.379384 -10.3999 9.51996 6.12382 -2.65007 7.0966
9.98 0 -21.007 -9.24532 12.5945 -10.9078 -18.4275 -7.2437 -5.94596 -1.29864 -10.014
10 0 -18.2076 -1.58127 6.37242 -5.27526 -13.2018 -13.4852 -4.45214 9.08924 -13.2385
10.02 0 -19.5337 -7.45 -11.8683 -8.54434 -18.7037 -29.102 -11.5401 4.51236 -24.7168
10.04 0 -13.9455 -20.1158 -25.4727 -14.6086 -24.6915 -41.2957 -18.2471 -4.64452 -34.0961
10.06 0 11.9941 -14.764 -14.8802 -4.58193 -12.0073 -28.7549 -6.37976 2.0977 -21.7909
10.08 0 28.9849 -1.55631 -4.68249 3.97749 -1.38817 -12.1574 3.5778 7.25005 -7.83723
10.1 0 33.6129 20.9124 4.66313 11.2465 7.82733 7.69938 11.8803 11.4563 7.13123
10.12 0 30.1772 43.9176 19.1023 15.1967 18.0839 27.4266 20.0344 15.7004 22.2866
10.14 0 27.2939 57.9504 40.3776 17.5699 30.0762 44.1158 28.9308 21.3261 36.664
10.16 0 29.8179 63.0635 62.4384 23.5686 41.9023 57.4978 39.1344 28.8189 49.7919
10.18 0 13.6489 40.2766 50.8691 14.9824 25.4335 43.3058 24.9741 13.4986 36.0115
10.2 0 1.66554 17.1395 28.9941 17.1338 7.72036 25.7026 11.7501 0.969325 20.4651
10.22 0 -9.14035 -5.47478 4.32459 18.9374 -4.46803 3.41539 -0.892757 -8.64185 3.2709
10.24 0 -18.5771 -27.6596 -16.9276 11.7994 -9.80132 -21.0192 -14.6074 -15.9064 -14.8956
10.26 0 -28.4698 -47.5609 -32.5018 -5.63893 -11.6925 -43.9347 -30.0284 -23.1645 -32.694
10.28 0 -18.3628 -39.4406 -23.4421 -5.19892 5.05182 -38.5999 -24.737 -10.2751 -26.6417
10.3 0 -12.0669 -24.3988 -16.3706 -1.99343 11.3071 -24.0303 -21.0074 0.0120378 -19.3603
10.32 0 -25.2778 -26.3981 -28.564 -12.2469 -10.538 -21.1074 -34.0976 -11.2643 -28.8332
10.34 0 -34.986 -33.3691 -37.7783 -24.4681 -31.4501 -20.4615 -40.1164 -28.6387 -36.1832
10.36 0 -37.6014 -46.7325 -41.2035 -42.7437 -45.9068 -26.835 -39.6991 -50.1481 -42.265
10.38 0 -36.681 -57.9437 -47.0149 -61.1444 -55.4528 -38.6088 -38.7915 -69.5091 -49.4915
10.4 0 -5.20495 -26.384 -30.1537 -40.601 -32.143 -18.694 -10.778 -49.8356 -26.8333
10.42 0 21.9725 11.4261 -17.6355 -16.5511 -8.85141 2.81183 8.76163 -21.3608 -7.33834
10.44 0 46.0176 44.8443 1.34277 5.39896 15.8295 24.7732 22.3408 12.1103 11.2905
10.46 0 34.7278 38.3592 1.66383 -7.89439 10.7609 14.4136 4.09715 15.8555 -1.27766
10.48 0 20.7395 23.9459 10.046 -21.6057 3.97614 2.52934 -9.2518 15.5053 -12.5343
10.5 0 4.75085 8.12303 13.242 -24.9757 -9.79331 -9.25202 -15.1566 8.14327 -21.6611
10.52 0 -11.6077 -3.88566 3.90987 -15.2717 -28.9686 -22.1466 -14.5871 -6.72202 -27.9664
10.54 0 -15.2513 -6.06041 -1.46844 5.36739 -37.0616 -26.5962 -3.8142 -16.1022 -23.1683
10.56 0 -13.5247 -11.633 -1.8757 15.493 -36.7241 -30.0236 1.03801 -23.0936 -18.3794
10.58 0 -9.31935 -17.2022 2.80708 11.0747 -24.8349 -31.2814 -3.78439 -23.8173 -15.0138
10.6 0 -13.8308 -22.0049 -1.91336 -7.80669 -14.2298 -35.8154 -22.7161 -25.5455 -19.982
10.62 0 -19.8277 -18.0169 -15.3946 -23.6257 -8.11307 -34.7256 -44.2826 -25.4793 -25.5938
10.64 0 -22.0718 -14.3431 -33.057 -31.4931 -10.9738 -30.4809 -62.2375 -28.8237 -30.5413
10.66 0 -17.3198 -20.5376 -44.6163 -35.3651 -19.8069 -29.1638 -70.7574 -38.7887 -34.1168
10.68 0 9.5051 -15.3747 -26.8345 -19.9275 -12.1105 -14.6792 -47.4375 -35.5884 -17.2255
10.7 0 27.9586 -5.99009 -5.66015 -5.26599 -5.16061 -5.53552 -16.5178 -34.174 -1.14739
10.72 0 32.77 14.9516 12.5368 9.65071 1.98581 3.31168 11.6692 -26.6823 11.9302
10.74 0 7.92263 20.7045 8.21573 2.44774 -10.2872 -5.62983 8.63365 -28.5263 -0.273436
10.76 0 -12.8763 19.2376 7.3338 -7.72797 -19.2114 -11.4546 -4.95059 -20.1341 -15.7654
10.78 0 -21.7685 5.65787 8.39749 -18.4882 -24.4335 -17.5421 -22.0847 -9.60238 -31.25
10.8 0 -1.88037 5.25788 22.4927 -5.35234 -8.91579 -8.06813 -15.5439 13.7133 -24.9177
10.82 0 18.1862 10.6937 24.5866 14.9707 6.34 -1.91984 -0.797622 27.8361 -15.1662
10.84 0 31.7318 25.1287 19.8919 36.7421 21.0306 4.1676 20.0711 33.2513 -2.05726
10.86 0 39.2242 40.6626 22.0454 50.6924 35.7593 15.0183 41.273 32.9171 14.0679
10.88 0 18.6993 25.3467 13.9782 29.4177 25.2068 9.82728 31.4584 8.7653 6.70126
10.9 0 -1.69427 4.0401 14.0529 3.81973 11.9963 12.0649 12.7716 -10.3467 -1.52078
10.92 0 -21.2367 -14.7678 8.07033 -15.6045 -4.08373 15.2208 -10.4223 -24.2859 -11.3338
10.94 0 -37.9107 -27.6091 -10.2119 -25.6817 -19.6692 11.0576 -30.7538 -35.7445 -22.528
10.96 0 -24.9362 -16.9083 -13.5314 -9.82547 -7.68106 16.5359 -20.8888 -24.8066 -12.4082
10.98 0 -5.12258 -9.85759 -15.4355 3.7315 10.6277 10.6616 -3.82471 -13.87 -3.13468
11 0 14.6006 -4.94795 -11.3268 13.8282 29.3047 3.38727 13.4353 -0.769981 5.04198
11.02 0 26.1158 3.33597 -2.10274 22.9977 40.8632 5.08965 24.3031 15.9356 12.1689
11.04 0 6.65303 -3.86873 -8.89649 12.4205 21.4616 -1.52437 7.93314 13.9521 -1.28095
11.06 0 -14.1746 -11.4791 -11.5664 0.49381 -3.85788 -2.10202 -9.68917 9.444 -13.3808
11.08 0 -31.1778 -22.171 -10.0582 -16.2338 -25.087 -6.97253 -21.5617 -1.43381 -23.0719
11.1 0 -41.3345 -34.4338 -11.8199 -34.044 -39.5812 -19.24 -26.0511 -18.6589 -30.6623
11.12 0 -29.9338 -28.3841 -9.68545 -31.6119 -34.3817 -21.1557 -11.7635 -23.3844 -22.086
11.14 0 -14.5916 -17.611 -19.5745 -23.1051 -27.9356 -22.9271 -0.475869 -25.4591 -14.4226
11.16 0 1.55399 -7.50511 -29.516 -14.8595 -21.3143 -20.7737 3.32911 -21.4562 -8.72543
11.18 0 14.8957 -2.79475 -27.781 -13.3854 -14.1016 -13.7913 -1.07781 -11.0979 -5.03912
11.2 0 22.151 -1.05831 -15.237 -17.5145 -6.6476 -4.39184 -8.94528 1.67053 -2.18468
11.22 0 7.55012 -11.9806 -21.1247 -35.9118 -17.1838 -12.7645 -30.0542 -4.41226 -15.2003
11.24 0 -11.8618 -18.4991 -31.9937 -47.6824 -30.6367 -24.5947 -43.9925 -16.0105 -26.7293
11.26 0 -30.3745 -24.8181 -45.3851 -54.6295 -46.0608 -41.3835 -49.87 -33.6545 -36.6343
11.28 0 -22.4195 -17.7976 -35.2921 -39.3517 -41.848 -40.2411 -31.2752 -33.6685 -25.3447
11.3 0 -9.79384 -17.1809 -21.1268 -25.8038 -37.329 -37.6544 -15.0501 -31.796 -14.7378
11.32 0 2.0592 -15.5535 -7.45777 -14.1797 -31.869 -30.798 -5.71239 -24.6465 -5.70674
11.34 0 8.97949 -6.9976 2.44052 -4.12265 -24.764 -19.6397 -4.36269 -11.5528 1.58013
11.36 0 11.1822 7.72116 9.19413 3.22773 -13.4194 -7.46719 -7.40705 4.77977 7.81726
11.38 0 11.9022 23.7011 15.8359 7.65254 2.41352 1.4911 -7.80385 19.3086 14.4593
11.4 0 14.5602 36.4222 23.9627 11.7195 19.0487 7.05901 -1.99093 28.779 22.6635
11.42 0 20.5749 44.4948 32.8285 19.3623 31.0481 12.4265 10.0172 32.9304 32.2228
11.44 0 30.2789 47.0943 42.4452 32.0429 35.8922 20.632 25.7623 33.231 42.5354
11.46 0 40.9043 47.3824 52.2621 47.8009 36.1911 32.1389 40.7921 33.4809 52.5708
11.48 0 47.5454 50.4687 61.5911 62.0322 37.7937 45.3868 51.882 37.2668 61.2752
11.5 0 38.9549 51.8748 63.1864 64.9693 38.5455 50.3385 51.5707 39.7602 60.64
11.52 0 26.2407 53.4626 65.3572 63.5295 46.1806 52.162 48.6238 46.8846 57.9286
11.54 0 14.7572 51.133 68.1326 60.328 57.3568 51.4233 45.9168 55.3992 54.3541
11.56 0 7.6019 44.7875 68.7246 59.9568 66.4384 50.5874 45.8164 61.7951 51.3393
11.58 0 22.1582 49.8966 76.742 79.4304 84.5694 65.6862 63.5351 78.1493 64.0687
11.6 0 40.1033 55.3151 79.09 102.488 98.6862 82.7274 84.1071 90.2887 78.4862
11.62 0 22.2031 29.1959 47.034 90.6045 77.9459 67.2703 71.2039 66.2537 60.0735
11.64 0 2.59495 4.55241 21.0508 71.3278 60.1274 52.4797 56.5542 42.6677 41.9407
11.66 0 -17.214 -17.3445 3.01248 39.9328 47.0335 38.049 38.8981 21.5536 23.3449
11.68 0 -36.0282 -35.1515 -12.8282 2.9769 34.9111 24.4641 18.2852 3.51498 3.98754
11.7 0 -52.7769 -49.0581 -33.4144 -29.4432 18.9519 11.6978 -3.78274 -12.3748 -15.9127
11.72 0 -64.9196 -63.2084 -58.107 -51.871 -6.4306 0.245189 -24.9229 -27.9683 -35.8022
11.74 0 -49.499 -60.7753 -60.6852 -46.8237 -17.8249 9.23695 -21.78 -23.9475 -34.0471
11.76 0 -29.2881 -61.7851 -59.6575 -41.2293 -30.0956 14.4945 -14.5384 -22.069 -31.5131
11.78 0 -11.4076 -60.1625 -56.2065 -39.2106 -34.7673 9.32736 -2.07403 -21.6876 -28.3139
11.8 0 -15.8137 -59.4163 -67.0106 -51.9683 -42.9386 -17.6434 -0.430546 -32.2239 -37.38
11.82 0 -27.7071 -49.8007 -78.5959 -65.0481 -49.5662 -43.1729 -5.54059 -38.228 -47.1439
11.84 0 -37.2721 -44.5233 -83.7367 -78.4678 -60.0734 -59.9571 -21.2238 -39.4319 -57.432
11.86 0 -24.4375 -34.7429 -63.1785 -76.778 -58.6612 -52.4871 -30.4195 -22.6031 -51.5976
11.88 0 -9.9078 -29.202 -40.2792 -72.5247 -58.8992 -42.5976 -40.0718 -9.35389 -43.8142
11.9 0 -0.194729 -18.3466 -24.5659 -62.5138 -58.0144 -37.1979 -42.0051 -4.13763 -33.3198
11.92 0 3.95957 -1.32597 -18.2296 -46.1965 -55.0486 -38.2492 -34.1572 -7.03209 -20.6998
11.94 0 -0.731133 5.12898 -21.0923 -37.0547 -57.2372 -49.9351 -29.7088 -21.3642 -15.9249
11.96 0 -2.29869 1.50627 -17.58 -31.1432 -57.032 -58.6743 -28.1957 -34.0044 -12.3965
11.98 0 -1.82255 -8.64258 -9.71664 -28.5016 -55.443 -61.3594 -34.5063 -41.7853 -10.6218
12 0 10.0458 -3.63821 7.66932 -13.4718 -39.9645 -46.2482 -34.8358 -31.7891 2.32344
12.02 0 18.0565 8.87575 15.8693 3.06417 -22.2123 -30.347 -36.9507 -19.44 14.1463
12.04 0 22.9616 26.1581 18.8519 18.8674 -1.35639 -17.2567 -35.7885 -7.54065 25.5507
12.06 0 27.2762 41.9011 24.5973 30.7766 21.5883 -7.4858 -28.8586 2.40214 36.5802
12.08 0 34.2683 53.7983 37.9784 40.59 44.1331 2.66274 -14.6629 12.0658 47.412
12.1 0 25.1489 43.6652 37.7435 33.1381 42.234 -1.48427 -14.7291 3.9233 38.6984
12.12 0 17.8997 30.733 37.754 30.1039 28.9434 0.960722 -13.0647 -3.08195 28.0986
12.14 0 10.5119 19.0419 35.0322 29.7031 9.57732 6.55142 -10.0548 -8.57973 16.2234
12.16 0 10.1591 19.4476 38.1224 34.8059 3.59034 17.3502 2.95411 -4.46235 12.8582
12.18 0 8.41352 23.0069 39.2526 33.7002 8.33895 21.3318 16.4201 0.391929 10.1446
12.2 0 16.6552 37.5627 48.3137 39.1388 30.4643 31.178 37.5683 16.8289 17.8525
12.22 0 3.06418 26.5517 32.2297 22.9204 28.4473 19.0298 30.3966 12.1571 2.14655
12.24 0 -4.64902 10.6777 14.3951 11.7261 20.8082 11.5393 18.518 9.16371 -13.2943
12.26 0 18.6406 17.792 22.2136 30.7693 35.0482 33.511 31.4284 31.9848 -1.38327
12.28 0 17.6722 5.47931 9.67222 28.8703 27.7413 33.3944 25.377 30.6997 -9.08525
12.3 0 9.71394 -2.68179 -0.175171 23.692 23.1457 29.7104 23.2824 25.4407 -15.1962
12.32 0 5.24768 1.02927 3.42097 22.6375 30.7846 32.136 33.3157 25.7926 -10.8283
12.34 0 -10.4941 -4.57092 0.168832 9.86563 28.867 24.9936 33.9482 14.5244 -15.0465
12.36 0 -22.6376 -11.9222 -3.44939 -0.56177 23.7282 20.8815 31.9973 2.998 -18.2936
12.38 0 -28.3886 -21.3964 -10.0176 -6.00826 13.7703 21.0057 24.9451 -6.5309 -20.9543
12.4 0 -28.4309 -31.1052 -19.9101 -8.31594 1.53324 23.1611 12.6353 -12.4549 -23.5939
12.42 0 -15.4094 -28.615 -20.7985 -2.35937 2.36809 32.5297 9.13737 -5.84913 -16.0896
12.44 0 -3.99178 -22.1175 -19.674 -2.08895 9.26447 34.6758 8.819 0.790244 -8.35082
12.46 0 2.58211 -10.7089 -15.7511 -5.3712 21.3213 27.4016 13.9982 6.1697 -0.347814
12.48 0 -4.11304 -6.58045 -19.1807 -14.7909 19.9186 8.95964 11.4485 1.92026 -1.99205
12.5 0 -9.79989 -6.10516 -19.8406 -16.5372 7.34422 -3.54346 6.33209 -1.10668 -4.3278
12.52 0 -11.5326 -12.0065 -16.6212 -13.6026 -13.5332 -9.70397 -1.8675 -2.97413 -7.40455
12.54 0 -11.0643 -20.1629 -11.5368 -12.3989 -32.9291 -14.8553 -10.724 -4.93783 -10.8629
12.56 0 0.938627 -9.6745 4.25157 -2.91452 -29.569 -10.5777 -4.16637 5.26099 -0.722054
12.58 0 8.39287 8.78181 14.2934 2.34104 -16.3191 -10.6699 3.83484 13.9686 9.62002
12.6 0 14.1131 29.6406 20.5038 6.60352 1.01587 -10.8028 11.3052 21.9243 20.1097
12.62 0 22.7462 44.4769 27.1856 12.9291 15.3229 -6.06278 16.4643 29.8755 30.6463
12.64 0 23.9381 37.9849 24.9189 11.2479 11.1528 -5.82151 7.27112 26.0067 29.5985
12.66 0 26.1189 25.0265 24.0591 13.0028 2.00592 -0.607665 -2.40852 20.5382 28.913
12.68 0 23.273 14.3533 20.9752 15.3563 -5.88982 3.30457 -9.1542 12.6974 28.6816
12.7 0 12.954 10.5812 14.4866 14.1478 -6.19749 0.793433 -11.0823 2.85459 28.6329
12.72 0 7.18167 17.7718 15.6619 15.602 8.95582 0.942076 -1.64938 0.758152 36.2004
12.74 0 3.79978 21.3421 18.7315 15.5153 23.907 2.27046 6.73195 0.953867 42.5944
12.76 0 5.46317 19.8747 22.4277 19.4592 31.1658 10.2387 10.8493 5.59552 46.9526
12.78 0 8.57709 15.6016 23.2445 27.2456 28.7114 22.9162 9.82276 14.962 46.5503
12.8 0 11.6455 12.8671 23.1865 35.0835 25.2611 34.3206 10.7038 26.7034 43.9092
12.82 0 12.7061 13.3932 24.2144 37.1727 28.275 37.6594 18.9192 36.3172 40.8083
12.84 0 11.7911 17.2294 26.5265 33.4951 37.4525 33.7638 34.1452 42.098 38.5029
12.86 0 10.4836 22.9136 28.3807 29.8665 45.2589 30.5765 50.1896 45.7627 37.2968
12.88 0 -5.03544 11.6199 13.0933 15.0516 29.1429 19.2768 44.5358 33.8677 20.8471
12.9 0 -16.5041 -3.33408 -1.23596 4.06108 6.57271 15.8655 31.8006 23.4027 5.1069
12.92 0 -23.8009 -22.2887 -13.2557 -7.55581 -14.8294 13.5694 15.8841 12.9877 -9.71179
12.94 0 -29.051 -41.3523 -24.8878 -23.0707 -28.3741 5.3673 1.79258 0.641411 -23.3067
12.96 0 -26.111 -46.8407 -30.9812 -31.588 -23.67 -1.92841 -0.161074 -5.10638 -26.5503
12.98 0 -25.7515 -46.2238 -42.4598 -37.2382 -16.1461 -13.2561 -1.28267 -12.5079 -28.6049
13 0 -15.9017 -30.2752 -44.2034 -26.4622 -2.09895 -9.5725 5.7476 -7.69154 -18.2405
13.02 0 -5.63965 -17.3338 -40.2822 -13.8911 4.12885 0.681217 7.30107 -0.959406 -7.60356
13.04 0 5.59164 -10.5569 -26.2012 -4.1767 6.42662 14.2064 6.19674 6.78617 3.20545
13.06 0 14.0886 -5.56201 -5.60749 1.35844 10.6364 25.0092 7.40282 13.5296 14.3332
13.08 0 16.5445 5.27247 12.0336 6.24372 19.0879 30.0499 13.7707 18.3199 25.6619
13.1 0 -14.9708 -6.70748 -6.10319 -15.3295 -1.12976 2.06666 -5.36115 -7.14134 7.12829
13.12 0 -43.1167 -20.6306 -26.8204 -33.5994 -23.3802 -25.6362 -24.0656 -30.9759 -12.5488
13.14 0 -24.4224 -8.82594 -9.92127 -14.4291 -12.8048 -14.945 -9.77319 -15.7135 1.74811
13.16 0 2.65194 -3.1933 8.054 5.17319 -3.37559 -1.77831 1.53659 3.03004 14.417
13.18 0 26.2575 7.96929 22.2735 24.5318 7.46292 11.6284 12.1019 23.0898 26.2146
13.2 0 9.38039 -1.2717 1.70443 10.8032 -8.75585 -7.40862 -6.02014 10.9149 7.4803
13.22 0 -11.8498 -7.41629 -16.9364 -8.38409 -20.8297 -28.1438 -21.0944 -4.59232 -10.3646
13.24 0 -28.5476 -19.567 -29.4188 -32.274 -31.4557 -48.3469 -34.4811 -23.0343 -27.208
13.26 0 -37.1279 -38.2175 -39.6676 -54.2875 -46.1611 -64.69 -48.6954 -42.8318 -43.4142
13.28 0 -8.27828 -23.8149 -20.793 -38.1689 -33.5999 -43.3425 -32.5231 -29.6087 -26.6649
13.3 0 17.2043 -2.4662 -8.82259 -16.4866 -25.1278 -18.7268 -18.3789 -15.4955 -10.1059
13.32 0 35.459 24.1829 1.81808 4.27359 -14.309 3.83755 -3.63582 -0.987764 6.27198
13.34 0 20.9019 23.1925 -5.61072 -8.79031 -22.4549 -5.36917 -12.6861 -12.6375 -3.53984
13.36 0 5.27722 15.8234 -4.92656 -27.4187 -25.105 -19.0999 -20.1064 -23.7834 -13.7439
13.38 0 3.14027 12.5737 7.47435 -32.8062 -19.1485 -21.6402 -18.2597 -22.9408 -14.1937
13.4 0 3.36225 7.84022 11.5157 -25.615 -20.2404 -21.3378 -18.3465 -20.4344 -15.1516
13.42 0 8.64486 10.7846 9.54117 -2.3733 -20.8973 -14.5303 -14.5558 -12.3702 -11.2074
13.44 0 13.0872 14.0629 5.74256 19.2127 -16.7356 -10.0322 -9.9812 -4.9528 -6.89026
13.46 0 10.9052 8.37843 5.06548 23.08 -8.33693 -14.9843 -9.49629 -4.12481 -7.67227
13.48 0 15.7325 11.3384 21.5426 25.5783 16.2592 -11.6949 0.847362 5.53683 1.51295
13.5 0 15.7526 19.6247 35.7123 27.637 38.1458 -4.16301 9.42985 15.147 10.9622
13.52 0 13.0994 33.2193 41.857 37.8833 48.7168 13.2312 14.334 25.0571 20.6263
13.54 0 13.9332 44.0449 44.7775 54.162 49.9166 37.1965 18.6135 33.7996 30.7912
13.56 0 22.2326 45.2805 52.5902 67.0901 51.2751 59.0766 28.0662 39.3203 41.756
13.58 0 9.58829 16.9215 39.8281 47.0225 35.3916 48.1371 19.5708 16.5548 28.2457
13.6 0 -3.88585 -4.7305 23.1307 23.0812 26.4286 30.3435 14.9945 -6.66251 14.3973
13.62 0 -19.2401 -15.971 -2.25901 2.02997 17.4849 11.2593 8.99794 -26.6477 -0.753447
13.64 0 -32.9637 -24.8461 -29.9854 -14.8851 3.14098 -3.27522 -3.67586 -40.1457 -18.0509
13.66 0 -41.2898 -40.9026 -50.3161 -31.6094 -16.2439 -13.4327 -23.3486 -46.4765 -37.5898
13.68 0 -43.8903 -64.5536 -61.7013 -50.5651 -37.3658 -24.2366 -45.0063 -49.0749 -58.2659
13.7 0 -15.8498 -56.7858 -42.952 -39.8636 -27.8159 -11.4336 -32.578 -23.6852 -48.9469
13.72 0 3.08336 -34.899 -32.1166 -25.5563 -16.4996 -6.19673 -12.618 -3.2382 -38.0618
13.74 0 11.6084 -1.07801 -25.5316 -9.47704 -4.26863 -4.54239 11.94 12.5223 -25.4931
13.76 0 4.42032 13.8874 -23.9627 -11.0455 -6.45503 -13.4728 21.0417 12.2867 -25.607
13.78 0 2.33356 13.5107 -7.57446 -17.6607 -10.9037 -14.2699 23.7216 11.7011 -24.5027
13.8 0 25.5596 26.7853 33.3128 -0.709327 3.03775 15.0952 39.8469 32.2568 0.437807
13.82 0 -15.8338 -15.2861 0.70017 -37.026 -45.0689 -14.3933 -10.1027 -10.1658 -34.0645
13.84 0 -19.1874 -11.8512 -8.42298 -28.8287 -49.9669 -12.2145 -20.7079 -17.7009 -29.1802
13.86 0 -17.2415 -9.44474 -21.2272 -22.7586 -43.6556 -20.2612 -26.5341 -27.4644 -23.6669
13.88 0 -9.02344 -14.619 -28.2365 -24.631 -27.6664 -34.2879 -29.7956 -36.512 -19.0628
13.9 0 -0.114391 -23.1852 -29.8211 -28.907 -14.3448 -44.4755 -35.3734 -41.7403 -16.51
13.92 0 1.87903 -26.1024 -31.7044 -28.0514 -12.2597 -45.8406 -45.3273 -42.4781 -16.1494
13.94 0 13.9458 -2.39968 -14.6106 -3.29872 -1.24654 -21.2145 -37.9673 -21.6408 1.87001
13.96 0 19.9126 22.1343 8.32598 19.1367 7.35893 3.42264 -27.333 -1.77154 19.25
13.98 0 24.6904 41.4405 38.8864 34.9034 21.5487 21.1342 -8.74072 14.8127 36.4527
14 0 30.6734 56.5094 70.0797 48.4789 40.4846 31.0314 19.0566 28.4891 52.9323
14.02 0 37.8078 71.4368 93.087 67.7295 57.6673 39.8232 49.5057 43.0529 67.863
14.04 0 19.9998 58.3195 77.2951 66.4471 43.5888 26.9139 47.3423 34.914 53.0897
14.06 0 9.61975 40.4395 56.0765 64.4718 29.619 21.3741 37.2476 32.1261 36.5939
14.08 0 6.32264 17.8831 36.6209 52.7122 22.336 19.0411 22.5831 31.11 20.0071
14.1 0 3.7536 -1.65551 19.0047 30.5873 22.5734 15.5617 9.19922 26.9893 5.10363
14.12 0 -3.11384 -11.8174 -0.652534 5.73004 23.5789 10.3247 0.796402 17.009 -7.29989
14.14 0 -13.1884 -15.8404 -22.3227 -13.8622 17.3493 5.47668 -2.7663 1.5806 -17.4335
14.16 0 -22.0986 -22.3305 -40.6446 -27.3177 2.00506 2.22695 -4.13495 -16.5427 -26.2188
14.18 0 -8.08016 -16.6116 -31.8202 -19.0517 0.965086 18.8682 13.0775 -14.3144 -15.4606
14.2 0 6.23602 -14.2534 -16.8422 -11.7857 0.43202 33.2412 27.5856 -8.33491 -5.69135
14.22 0 15.785 -7.46635 -2.1798 -5.29115 4.40013 42.8795 38.822 2.9825 2.56944
14.24 0 18.5748 7.58666 7.46995 3.0287 13.9293 46.4081 46.348 19.7258 9.73778
14.26 0 -2.94979 5.65219 -6.75328 -6.99807 6.93282 23.7478 30.2166 18.73 -4.15181
14.28 0 -20.7514 -2.36648 -17.5202 -15.492 0.15619 0.0422141 12.4236 17.1412 -16.8797
14.3 0 -31.2492 -20.6343 -22.4457 -22.416 -10.7324 -20.3789 -5.50419 11.0237 -26.8872
14.32 0 -20.1253 -24.9499 -9.80882 -9.23443 -9.48767 -18.5514 -4.65366 15.6418 -16.2099
14.34 0 -9.56032 -25.1983 -1.7483 5.16451 -10.1653 -13.3087 -1.58028 14.0955 -2.92769
14.36 0 -11.2737 -25.6615 -6.67501 8.282 -15.9775 -15.149 -5.25831 1.08985 2.91607
14.38 0 -16.6165 -20.0243 -12.6169 4.60563 -15.8367 -16.9754 -9.56327 -10.9903 7.53828
14.4 0 -20.9118 -15.2689 -14.8218 -6.28862 -10.7176 -18.4046 -16.2207 -19.4507 9.97359
14.42 0 -19.8932 -14.7504 -14.1995 -18.8688 -5.99211 -18.0731 -25.2087 -23.9794 10.3158
14.44 0 -19.299 -21.4268 -20.7459 -31.4489 -11.9859 -21.0229 -39.748 -31.0377 3.88066
14.46 0 -16.4202 -26.7004 -31.8601 -36.9366 -23.8304 -24.3582 -51.6742 -37.2233 -3.60874
14.48 0 -13.098 -30.2314 -44.8686 -39.7334 -36.7005 -32.3063 -58.0444 -43.4539 -12.2698
14.5 0 14.5922 -7.61992 -29.3939 -19.1627 -21.5437 -20.5075 -32.1354 -23.8812 2.97927
14.52 0 35.861 15.5487 -7.73527 -3.3686 -4.11524 -11.4137 -3.6052 -3.01617 16.4565
14.54 0 29.1135 22.5558 2.47634 -8.22977 -5.04417 -17.3998 4.48711 2.75546 10.7693
14.56 0 16.6971 29.063 14.9892 -11.8015 -9.61084 -17.0174 6.99711 10.6861 4.61159
14.58 0 20.0913 45.8162 40.309 4.04932 -3.3598 3.55305 19.8622 32.6395 13.9314
14.6 0 3.29281 30.4065 35.5568 0.901868 -22.985 -0.55177 7.29289 25.2364 -0.155253
14.62 0 -6.20837 10.0209 24.0743 1.48229 -37.5031 -8.93445 -1.75459 12.2638 -11.7925
14.64 0 -10.6609 -10.0505 4.8774 -1.01873 -38.6149 -24.7971 -7.47392 -5.289 -21.3707
14.66 0 -14.1563 -25.6761 -18.5411 -10.3734 -29.6664 -41.9952 -14.9866 -23.8819 -29.8857
14.68 0 -19.2478 -36.6309 -41.2365 -25.301 -20.6087 -53.1007 -28.1053 -39.8539 -38.5525
14.7 0 9.05038 -9.02126 -22.9832 -5.53455 15.5845 -17.5484 -12.2129 -15.3797 -11.9899
14.72 0 31.0629 19.5507 2.18506 15.7126 40.5653 25.2143 1.22751 11.1899 14.0371
14.74 0 10.1032 10.5744 -2.22468 2.4286 23.2347 29.0763 -15.8386 -0.898595 4.04081
14.76 0 -11.2452 -2.23277 -2.72499 -8.53099 4.43713 25.2382 -23.4612 -17.159 -5.35386
14.78 0 -27.6189 -18.0575 -4.91209 -16.2081 -11.6007 11.1778 -22.5485 -35.9981 -14.8772
14.8 0 -11.6452 -6.65869 12.5149 6.1625 3.53703 14.4258 8.54037 -26.8695 0.874178
14.82 0 6.39452 8.82577 22.8075 30.3488 21.449 16.1717 34.2964 -10.2974 14.1326
14.84 0 23.0353 27.3359 31.6467 51.8886 39.5323 24.4429 48.2249 16.2384 24.4988
14.86 0 15.4148 22.969 23.8221 44.3504 35.0822 19.4153 29.5218 27.2679 11.418
14.88 0 7.54767 15.4623 22.7955 29.4979 30.1578 19.1556 9.16389 36.7105 -0.555533
14.9 0 0.403632 7.54375 21.7798 14.0339 23.3827 17.7456 -3.26007 37.8426 -9.72941
14.92 0 -5.58021 2.58104 13.5714 4.59884 13.4459 11.7054 -3.19698 27.6734 -15.2536
14.94 0 -9.00649 -1.06324 -0.777297 0.892136 1.07796 1.90025 7.04384 6.41679 -16.417
14.96 0 -8.71237 -7.92502 -13.7286 -3.25862 -11.188 -7.08898 17.0847 -17.0766 -16.1107
14.98 0 -6.4972 -18.3522 -20.6755 -12.8482 -20.9845 -11.2002 16.3567 -33.1476 -17.397
15 0 6.5346 -13.0429 -11.1206 -13.2313 -13.7812 3.46435 15.0255 -23.9704 -8.15503
15.02 0 12.3508 -0.447275 -4.37657 -13.4145 -3.28738 18.6689 4.38957 -5.64014 -1.59954
15.04 0 12.5251 16.5243 -0.749751 -9.98651 9.84575 27.3983 -4.23368 13.8311 4.34604
15.06 0 -1.72197 13.1975 -10.6373 -17.2502 7.78152 10.9016 -17.341 11.7464 -3.5662
15.08 0 -9.32894 -1.65956 -15.1841 -18.9438 1.14936 -11.5361 -18.9561 1.38011 -9.20974
15.1 0 -12.1408 -23.3672 -17.1656 -15.2626 -13.292 -31.8391 -15.8314 -13.8281 -13.478
15.12 0 -16.8217 -40.2372 -21.7783 -10.6143 -32.5935 -44.7461 -16.4605 -28.0805 -18.0339
15.14 0 -9.52692 -27.145 -11.602 5.70259 -31.3568 -32.6936 -7.42769 -19.4422 -5.99135
15.16 0 -7.09613 -5.08593 -0.412723 10.0339 -21.708 -17.4927 -5.82476 -5.96031 4.49413
15.18 0 -2.85594 15.5457 14.6801 4.2899 -3.24338 -2.88617 -6.4657 9.17531 14.2115
15.2 0 -8.49091 12.5458 11.6376 -16.5021 -0.324041 -7.05757 -20.6704 5.17053 7.35872
15.22 0 -6.15144 4.67019 1.38662 -26.2253 -3.95693 -12.4836 -28.4487 -3.39146 1.43914
15.24 0 17.0134 11.7413 0.457094 -5.79816 0.870935 -1.86598 -12.3925 0.69286 13.1387
15.26 0 35.7697 18.4335 0.877071 17.3749 3.5364 7.11882 7.4884 3.32377 24.5324
15.28 0 44.5218 25.7906 11.1327 30.7421 11.7565 14.8161 25.8653 9.12986 34.2374
15.3 0 25.2958 19.529 16.0799 16.6099 10.5923 8.02721 22.3204 5.75245 25.5205
15.32 0 0.334575 15.3716 22.0418 0.809396 9.68053 5.25521 11.8826 8.43836 14.6023
15.34 0 -8.15952 22.0991 31.7497 6.12051 15.682 17.6216 10.8902 24.6778 15.1618
15.36 0 -5.93263 23.6244 32.2731 21.4987 18.3705 28.1771 14.1742 36.7888 17.2148
15.38 0 5.9497 19.5541 29.2915 38.6445 24.1931 32.402 25.5904 41.8002 21.7905
15.4 0 1.55999 -3.0083 9.30093 30.6382 17.7778 12.8649 23.716 22.6326 9.78705
15.42 0 -5.36793 -21.2154 -7.67132 14.8905 14.0492 -4.36055 19.7481 2.87983 -1.38704
15.44 0 -16.7717 -32.513 -23.3117 -4.83266 6.22456 -12.2647 7.42092 -13.0608 -13.081
15.46 0 -31.0405 -39.1764 -37.9009 -24.7364 -8.49436 -11.037 -13.0794 -24.3693 -25.7245
15.48 0 -44.1271 -46.3944 -49.9902 -43.7165 -26.9759 -8.63466 -35.0394 -34.0061 -38.7052
15.5 0 -26.5632 -33.0654 -35.0463 -36.9852 -19.2857 10.3216 -26.0051 -21.3812 -26.5365
15.52 0 -6.02897 -19.6431 -21.3756 -26.9845 -7.73826 16.8266 -7.59309 -12.3819 -13.5169
15.54 0 11.866 -2.10043 -11.3658 -11.7457 5.46264 14.3794 15.8822 -4.07743 -0.430494
15.56 0 7.49489 -0.0423976 -19.2502 -10.8542 -1.40415 -5.24854 17.7749 -9.59738 -6.14086
15.58 0 0.923299 -1.69312 -20.0927 -11.5044 -11.6053 -17.2433 9.62897 -8.75776 -13.2418
15.6 0 -5.2948 -8.85304 -13.2273 -16.2398 -22.7621 -21.6443 -7.34727 -3.89651 -20.7915
15.62 0 -11.3979 -16.2012 -6.24965 -22.6843 -32.0526 -23.9241 -25.6955 -1.0848 -26.9518
15.64 0 -17.7811 -18.2334 -6.86831 -27.1887 -38.2172 -29.6594 -37.6212 -5.89388 -30.1715
15.66 0 -9.56251 -3.11774 -2.68171 -15.985 -28.683 -27.1347 -27.8086 -6.62023 -17.3721
15.68 0 2.07624 10.1273 -0.55373 -4.54755 -17.4923 -26.1199 -13.5386 -12.114 -3.18769
15.7 0 16.3312 17.403 5.39829 4.90134 -6.1531 -21.8628 -2.20268 -15.5793 9.91272
15.72 0 28.8955 21.2931 15.5443 12.6306 3.72267 -11.707 1.58607 -12.4472 20.3555
15.74 0 22.1464 14.0972 12.9418 7.01157 -1.83976 -9.72472 -14.3701 -15.9083 14.7535
15.76 0 9.67501 10.7116 8.51354 1.28288 -7.22727 -7.4091 -30.9751 -15.7331 6.89049
15.78 0 -3.86329 7.42537 3.01919 -5.0182 -9.42606 -10.5862 -41.52 -16.5135 -2.11185
15.8 0 -13.0305 -0.227875 -2.40732 -10.9503 -9.1335 -20.613 -42.9282 -21.2931 -11.1895
15.82 0 -1.74654 2.66143 6.07814 0.852485 3.53654 -18.4441 -22.1354 -14.8297 -5.19002
15.84 0 10.7095 5.91191 12.0666 15.9624 10.0663 -12.1071 -0.978391 -8.50475 0.578234
15.86 0 12.202 5.50073 9.52376 22.5716 4.8353 -6.03505 7.27522 -6.79297 -1.80193
15.88 0 18.8216 17.7795 19.4791 31.8778 11.1593 14.1914 19.1059 7.83303 5.04028
15.9 0 21.8785 30.8951 33.6735 32.9388 23.7918 33.6503 28.3075 23.7173 12.199
15.92 0 -2.07106 16.4788 21.9735 5.5614 14.4352 22.8032 12.3658 11.9621 -6.03341
15.94 0 -20.9148 -0.882215 5.39353 -15.1306 3.70044 8.48235 -0.475811 -2.30978 -23.0638
15.96 0 -30.4626 -21.9493 -18.2365 -25.935 -11.7919 -7.3871 -10.8883 -18.7001 -39.0466
15.98 0 -32.2552 -45.4117 -44.7873 -31.9528 -30.1279 -23.6887 -20.8585 -35.8905 -54.3805
16 0 -4.64408 -38.2209 -39.8134 -12.4193 -18.1345 -11.5411 -3.82829 -23.7966 -40.6125
16.02 0 13.4319 -23.2338 -28.8707 -0.865179 -1.99404 0.87136 9.38875 -10.1273 -26.2695
16.04 0 18.0346 0.310608 -11.3161 3.37717 16.6956 14.7263 18.3601 5.28186 -11.3641
16.06 0 16.8272 23.9115 10.5156 6.34869 33.0719 30.8483 24.8785 21.0538 4.35646
16.08 0 -7.98344 15.0547 6.60451 -10.9274 16.3366 21.848 5.94508 8.67148 -5.2628
16.1 0 -8.83825 15.5916 16.3359 -2.87871 10.0195 26.6178 7.54497 9.47864 2.32615
16.12 0 -2.001 11.1176 21.8198 11.9025 4.02484 24.9606 14.3434 8.13748 10.267
16.14 0 7.2747 6.89687 23.3788 26.4364 4.75504 16.9666 23.12 7.5494 17.42
16.16 0 7.18233 0.6889 16.0068 28.5913 6.7811 0.903516 21.9219 4.12619 16.1992
16.18 0 2.97543 -0.447032 8.15942 24.5311 12.3728 -9.89766 13.3561 5.77772 13.0665
16.2 0 -3.19625 0.498341 2.6007 15.5881 15.5549 -11.8062 -1.69462 10.6198 8.77944
16.22 0 -2.79868 4.95773 5.47052 9.77362 17.7395 -1.62348 -12.1728 19.1363 9.88759
16.24 0 0.362466 6.80582 9.39927 5.90898 14.2148 9.33241 -15.9148 21.7514 12.5713
16.26 0 -7.00642 -5.00499 -1.26326 -7.10631 -3.22754 2.24687 -22.1356 4.25382 4.57141
16.28 0 -12.9781 -16.1448 -14.9434 -17.6856 -18.8546 -11.881 -19.8173 -18.2935 -2.4301
16.3 0 -3.8443 -11.5037 -15.2617 -13.4293 -17.5373 -13.9298 -2.35969 -25.1956 4.47922
16.32 0 5.69518 -4.81683 -12.2686 -9.0109 -13.3315 -11.5192 9.6 -23.7448 10.9412
16.34 0 11.7468 2.63728 -6.38119 -6.63672 -8.98119 -4.17238 11.3157 -13.0588 14.2496
16.36 0 13.8411 10.7148 1.85143 -5.42988 -4.23414 6.55125 5.20936 5.56038 14.4486
16.38 0 13.1383 18.5357 10.5066 -3.40944 2.14262 15.2963 -0.350986 24.6894 14.2031
16.4 0 -3.3279 8.23447 1.71691 -14.0692 -5.59069 1.90377 -13.7659 21.2553 0.20904
16.42 0 -15.2429 -6.59996 -9.27718 -19.3925 -13.6221 -17.2737 -17.7496 9.22758 -10.8094
16.44 0 -10.6793 -13.6145 -10.93 -9.67735 -13.1223 -26.039 -5.50067 2.02579 -8.20998
16.46 0 -5.09142 -18.7962 -13.3113 -0.8408 -15.4351 -29.469 3.97072 -5.88546 -4.74536
16.48 0 -2.82292 -19.559 -13.9738 1.86784 -18.378 -24.5338 5.52036 -10.1821 -1.96035
16.5 0 -2.43165 -13.741 -9.75525 0.667817 -16.4364 -11.526 0.883286 -6.78025 1.82044
16.52 0 -4.68005 -5.1243 -3.57678 -6.01572 -9.23395 0.903384 -7.17207 -0.499223 4.37952
16.54 0 -6.79722 3.36189 1.62703 -13.7569 0.564519 8.81661 -12.7358 4.37354 6.62394
16.56 0 -5.31189 9.15 3.52923 -15.261 8.36861 11.8056 -11.0235 5.46159 9.57574
16.58 0 0.636388 11.8798 1.80223 -8.9312 11.2357 11.2291 -1.9655 3.02643 12.9151
16.6 0 -2.10614 -2.14201 -12.9254 -8.90942 -2.92467 -3.05532 -2.29407 -12.0628 3.3439
16.62 0 21.6351 6.59987 1.76892 15.8934 8.04583 9.5263 20.4923 2.34951 17.994
16.64 0 39.2873 18.1763 20.402 34.7224 21.9846 24.3963 37.1987 22.4165 30.6949
16.66 0 45.0484 37.726 40.1432 47.9535 39.5931 41.2567 48.4556 46.6774 42.1709
16.68 0 16.3701 37.161 35.3198 32.4819 34.5288 33.4996 33.0686 45.7561 28.777
16.7 0 -9.21788 30.5464 32.3278 17.6646 28.7101 25.2337 20.7747 40.471 17.2204
16.72 0 -23.0783 12.9147 28.7988 8.68768 18.7105 16.4115 13.7438 28.762 8.18771
16.74 0 -23.9258 -10.7402 17.8941 7.93989 4.41305 7.36097 10.7167 11.8101 1.35522
16.76 0 -18.5646 -31.0275 -2.59111 10.9163 -9.55616 -1.91945 7.75593 -6.39453 -4.63744
16.78 0 -7.9007 -33.5715 -19.2052 17.0829 -9.28665 -3.2738 8.81388 -13.276 -3.20553
16.8 0 -4.68726 -26.6368 -30.4282 8.27289 0.383617 -4.15316 3.48598 -14.5592 -3.4246
16.82 0 -6.94653 -16.9015 -31.3604 -12.617 13.9051 -2.68175 -7.18148 -10.9563 -5.21727
16.84 0 -6.3066 -6.53953 -21.754 -27.5109 22.3551 6.27946 -14.971 -2.48314 -3.9548
16.86 0 1.49046 4.55527 -6.85786 -23.7776 20.29 22.7104 -12.0245 7.81036 3.14286
16.88 0 10.6384 12.7416 4.27378 -5.39302 8.21538 33.6373 1.51931 12.2613 11.525
16.9 0 4.29173 3.61557 -0.588229 1.35958 -15.0959 17.5126 9.27089 -2.30611 5.31066
16.92 0 -2.7026 -6.73059 -2.3847 0.728588 -25.5845 -7.60324 17.4676 -14.4756 -1.84424
16.94 0 -10.7413 -15.0051 -3.32598 -8.00485 -26.4421 -31.1525 15.0694 -18.4053 -11.295
16.96 0 -19.0533 -18.5405 -8.74241 -18.4608 -26.5348 -43.8948 -2.93677 -13.3327 -22.7662
16.98 0 -24.57 -19.6094 -19.7049 -26.168 -31.2649 -44.8778 -31.2296 -5.46254 -34.0594
17 0 -12.4214 -11.0491 -19.4361 -20.2575 -26.448 -29.9136 -44.2302 7.36794 -29.9227
17.02 0 2.46263 -6.53326 -16.0221 -16.3722 -19.955 -20.3155 -43.4989 6.02054 -20.9189
17.04 0 13.7125 -2.17563 -9.93273 -14.2556 -11.2543 -18.1038 -28.1521 -8.03769 -8.02803
17.06 0 27.8831 15.3861 6.0191 -0.416181 5.44274 -7.42371 2.18382 -14.8355 14.8955
17.08 0 3.32412 1.77699 -11.5008 -16.107 -16.3884 -23.8878 -7.80889 -46.8116 1.30291
17.1 0 -0.966137 5.06038 -6.04704 -10.7368 -20.7197 -12.9837 -9.7441 -46.1391 3.5892
17.12 0 -2.29191 3.31255 2.27004 -7.89068 -21.3194 -1.47438 -20.2807 -33.5222 0.826431
17.14 0 -1.43397 0.516498 8.65859 -7.08595 -13.6682 2.37789 -29.9402 -15.7895 -4.9167
17.16 0 -4.57367 -3.2107 3.83158 -8.52334 -4.3718 -8.53232 -34.9031 -5.50159 -14.8012
17.18 0 -7.37515 -4.07515 -6.92337 -5.26251 3.11915 -24.4268 -29.3529 -3.13242 -22.3496
17.2 0 -8.14095 -6.7782 -16.5578 0.35712 2.58381 -36.2826 -18.6797 -7.78007 -27.2143
17.22 0 -6.39059 -14.4052 -18.7316 3.02425 -7.19058 -36.7053 -10.7754 -15.2742 -30.2986
17.24 0 -1.05922 -19.4559 -10.1656 3.0192 -17.1294 -22.1357 -5.62292 -18.0449 -28.6637
17.26 0 -0.526147 -18.4682 -1.40202 -3.61985 -22.9511 -5.08545 -5.37678 -18.5089 -26.9687
17.28 0 -5.30212 -8.72608 1.85912 -13.0829 -20.1164 6.6805 -5.83857 -17.9408 -25.2294
17.3 0 -11.0858 4.97093 -0.906107 -20.3916 -10.6702 10.4343 -4.27165 -17.233 -23.4058
17.32 0 -11.7575 14.1008 -5.54426 -22.5527 -0.317311 8.7733 -0.872824 -16.1828 -21.5965
17.34 0 3.54621 21.8018 -0.0845507 -10.5208 14.0479 14.0816 10.3824 -5.60482 -11.7541
17.36 0 23.8171 21.2513 8.58722 6.70272 22.4876 21.1649 19.5528 6.79956 -1.96916
17.38 0 41.9849 20.3971 18.6242 26.127 27.4978 29.6557 26.974 20.2349 8.08163
17.4 0 51.1567 26.9177 28.1768 43.7375 33.605 37.4177 34.3755 33.1039 18.8804
17.42 0 46.0844 42.9265 38.6009 55.7907 44.1152 43.0909 43.1035 44.1491 30.7679
17.44 0 16.5118 43.1605 37.0003 44.3031 41.2047 31.1693 35.7621 36.2984 26.6728
17.46 0 -7.72439 33.2041 41.7209 29.9775 37.177 22.1136 27.7471 27.5009 23.1225
17.48 0 -21.3191 13.9739 45.1963 21.1475 26.8408 17.9872 18.1854 18.7472 19.531
17.5 0 -25.3528 -6.33302 38.5384 21.287 11.3718 16.2317 8.33654 10.2662 15.5173
17.52 0 -22.3615 -20.5765 17.1307 26.8533 -2.14829 11.2129 0.521984 1.75056 10.9222
17.54 0 -17.5475 -27.597 -10.6703 27.753 -6.37208 -0.445454 -4.5588 -6.61106 5.63559
17.56 0 -5.2356 -21.2632 -22.9188 22.4896 9.29254 -7.53211 -0.15386 -4.76818 8.44804
17.58 0 3.30061 -14.0751 -23.0597 4.11442 27.4697 -11.2964 0.910925 -0.4748 10.227
17.6 0 6.725 -5.85484 -17.4945 -12.8719 34.5771 -4.57901 -3.10025 6.08759 11.2222
17.62 0 6.01193 2.98067 -11.3769 -17.8604 22.9799 12.5741 -8.96974 12.318 12.2357
17.64 0 4.36946 9.31763 -5.32255 -12.8406 1.82774 29.4032 -9.19253 14.3709 14.2352
17.66 0 3.78765 9.48637 2.16451 -8.08491 -14.4269 33.7804 0.795099 9.53785 16.6416
17.68 0 5.06174 6.76436 10.4237 -6.38184 -17.2906 23.5955 19.9639 1.90242 19.4286
17.7 0 5.49993 6.3628 13.5958 -4.68712 -11.0345 6.66272 37.5943 -1.72872 20.5857
17.72 0 4.49282 9.9436 9.54902 0.46333 -4.23232 -5.00967 43.4921 4.75238 18.5084
17.74 0 -1.51183 6.68784 -2.30082 1.30478 -5.74904 -12.7036 28.9492 15.0466 7.95218
17.76 0 -4.21047 -2.30944 -9.15452 -0.897353 -8.30651 -12.4483 5.85503 28.2294 -2.6557
17.78 0 -5.12868 -14.8521 -10.7886 -7.65011 -9.84911 -10.9924 -14.4559 35.1597 -10.4714
17.8 0 0.394058 -14.6284 -4.53205 -6.59559 -1.48227 -4.90813 -15.3691 39.2898 -4.73665
17.82 0 0.860206 -6.40414 -3.66477 -2.60592 5.31924 -2.78013 -3.40856 28.8261 6.4312
17.84 0 -1.02359 4.91106 -4.43663 3.86509 8.40376 -0.245296 14.3356 12.1141 19.2497
17.86 0 -8.43673 1.92523 -8.1912 0.562637 -0.419489 -1.05725 18.7398 -8.63513 21.155
17.88 0 -10.6528 -8.75291 -5.08931 -6.25189 -9.55993 3.50992 13.1523 -20.862 20.2867
17.9 0 -11.0472 -19.3276 -3.07312 -13.9554 -15.3825 8.63167 -0.881514 -24.0412 16.46
17.92 0 -13.3402 -22.1816 -9.74408 -18.8948 -15.741 7.93061 -17.6934 -20.0176 9.59488
17.94 0 -6.88217 -7.56 -13.1488 -10.3114 -0.494574 8.31085 -19.9713 -2.80588 11.2406
17.96 0 1.13567 4.81062 -14.2654 -1.25616 15.5121 1.51356 -13.9664 11.6712 12.5969
17.98 0 11.8618 9.1473 -6.60946 7.47635 25.6529 -5.31074 -1.06807 21.0671 14.9241
18 0 7.12847 -5.31199 -5.61101 3.08804 11.0743 -19.0965 -0.425676 12.0354 4.32715
18.02 0 -2.7432 -15.9115 -3.93182 0.317252 -12.3203 -23.0824 -2.31426 1.04014 -5.28069
18.04 0 -17.0754 -19.0014 -5.49216 -4.75765 -35.3807 -21.8809 -7.97953 -10.0628 -14.3556
18.06 0 -17.5577 -6.04346 3.42544 -4.33719 -35.6985 -10.2839 -3.28659 -7.85748 -10.5614
18.08 0 -11.9313 5.03058 10.4874 -10.3421 -23.3572 -4.59927 0.492966 -4.86941 -6.71554
18.1 0 0.533467 13.1621 11.8598 -14.8122 -5.05364 -2.65535 3.54925 -0.989655 -2.90417
18.12 0 12.7988 15.8132 2.17838 -13.8353 5.50135 -3.0497 1.15737 0.0744682 -2.88227
18.14 0 24.2914 15.5506 -8.90625 -4.17667 7.85933 0.335422 -2.35259 1.36357 -2.71196
18.16 0 30.6966 11.349 -11.991 5.68793 5.99101 5.10328 -4.81692 1.65436 -2.11708
18.18 0 27.5949 6.31285 -3.49309 8.81555 5.58478 7.68854 -4.24632 0.132265 -0.970702
18.2 0 13.6428 5.87455 10.3989 6.75455 7.77783 7.29968 -0.746876 -2.74629 0.492072
18.22 0 -5.18294 10.6234 20.6431 6.38423 9.65323 5.96818 3.59194 -5.36765 1.76227
18.24 0 -18.6532 14.2394 24.0443 11.6772 9.01802 5.93163 6.31006 -6.02711 2.326
18.26 0 -19.5051 10.0094 23.4393 20.2622 7.53823 7.33235 6.47161 -4.04606 2.01045
18.28 0 -8.1953 -0.261703 21.1493 27.799 9.36785 9.04906 5.37802 0.446307 1.52127
18.3 0 5.58746 -7.50307 15.5869 30.6629 16.0122 9.44721 4.27575 5.36647 0.921217
18.32 0 12.5375 -3.73051 6.85535 27.8667 25.8432 9.43184 4.2322 9.30761 0.721187
18.34 0 11.4151 8.04005 -0.14523 20.431 34.1046 11.3357 5.54931 11.4533 1.23914
18.36 0 7.97132 17.2403 0.511145 11.5151 35.0882 17.3699 8.43246 11.5405 2.54854
18.38 0 7.38183 17.5474 9.13359 5.4366 26.9255 26.7598 13.0579 9.87581 4.50727
18.4 0 10.3608 14.145 20.0697 6.60101 14.9551 36.409 21.1422 8.54992 8.05366
18.42 0 11.8753 13.8143 24.8808 12.8304 5.87856 39.5095 30.9848 8.43431 11.1585
18.44 0 3.06896 11.0498 15.6549 11.8275 -1.77276 26.4926 32.45 3.84214 5.47615
18.46 0 -4.54865 7.82849 5.88665 7.16835 0.0303314 9.04597 28.9186 4.15028 -1.13961
18.48 0 -8.17979 -0.00250792 -0.921345 -0.250806 4.84746 -5.59066 17.5724 8.91162 -8.27098
18.5 0 -8.70094 -10.8282 -6.50052 -5.8929 4.82661 -12.6395 0.272309 14.481 -14.7006
18.52 0 -9.18846 -20.1907 -13.7901 -7.44728 -2.51427 -13.6579 -16.4677 14.7934 -18.487
18.54 0 -2.79312 -16.7098 -13.0615 1.21802 -3.80738 -5.2706 -16.7257 14.7868 -9.41588
18.56 0 0.467428 -10.3552 -10.2894 5.73298 -2.554 -1.00505 -7.88777 5.98446 2.51955
18.58 0 1.36178 -2.93339 -3.7993 4.59487 2.55328 0.222933 5.05568 -5.3389 14.7216
18.6 0 -12.7052 -10.2477 -9.83024 -12.9868 -6.55436 -11.0632 -0.42912 -25.9469 9.98658
18.62 0 -24.4912 -18.7059 -17.1848 -27.6185 -19.0124 -17.3324 -14.3451 -37.5352 1.6831
18.64 0 -31.565 -29.0341 -27.4778 -37.7961 -33.8972 -21.3832 -34.5464 -40.9686 -9.95282
18.66 0 -15.6393 -23.2364 -22.5535 -28.0224 -29.077 -12.0072 -36.4052 -22.7182 -6.30256
18.68 0 0.791339 -15.3527 -19.5601 -18.5242 -19.2581 -11.2165 -31.1975 -6.34136 -3.09465
18.7 0 13.3674 -3.62983 -16.9383 -10.3336 -6.33124 -16.965 -17.4078 5.00416 0.926072
18.72 0 20.8579 9.81144 -11.8246 -3.07924 4.06862 -21.441 0.160333 12.078 6.07308
18.74 0 23.422 21.2878 -0.453418 3.47801 7.54231 -17.1548 14.6609 17.8635 11.9782
18.76 0 22.5469 28.5503 17.5894 9.33168 4.31433 -1.89694 22.5245 24.236 18.2772
18.78 0 7.68433 19.7781 24.5447 1.84778 -13.301 6.09306 12.7843 17.9551 12.0182
18.8 0 -5.10687 10.6255 26.5793 -4.33364 -25.4865 10.1018 3.78093 10.3234 6.3815
18.82 0 -13.2567 3.22235 18.3285 -7.88893 -27.343 3.71683 -0.963056 0.595533 1.35574
18.84 0 -15.3536 -3.13771 -0.123534 -10.3796 -18.3038 -11.023 -3.10424 -9.68059 -3.61293
18.86 0 -12.3338 -10.9517 -20.5268 -12.3728 -6.8692 -25.4494 -7.65757 -17.5645 -9.20354
18.88 0 -6.81419 -23.7268 -34.5864 -14.5312 -2.10005 -31.8913 -18.3413 -21.6204 -15.8779
18.9 0 -3.84104 -37.0653 -41.6486 -17.6826 -6.91724 -29.3352 -33.4254 -23.387 -23.1723
18.92 0 5.26005 -29.2265 -29.6314 -9.1485 -3.28026 -8.89118 -32.3743 -12.2081 -15.6101
18.94 0 2.64724 -11.0256 -14.1839 -4.59122 0.354808 7.23464 -23.8335 -5.6706 -6.89047
18.96 0 -4.42979 10.1445 3.86943 -2.15812 6.42993 15.6425 -6.39502 -3.84428 2.87668
18.98 0 -13.8945 15.7448 14.0055 -5.57452 4.5554 10.0154 6.76616 -11.6011 3.9674
19 0 -11.4986 11.5498 20.4785 -2.04604 0.324815 5.28711 16.4802 -15.1492 3.61082
19.02 0 -0.590225 3.61059 19.0427 8.05725 -5.51647 4.67468 17.9244 -11.5805 1.09369
19.04 0 20.129 10.0597 20.2991 28.3652 2.8378 15.1252 21.7551 8.08861 6.84377
19.06 0 17.8107 7.35513 5.31065 24.3541 4.51476 6.79979 7.07683 13.4541 -3.58592
19.08 0 9.31426 6.84953 -2.89406 10.2398 12.0029 -4.18753 -4.44742 15.664 -12.6954
19.1 0 -0.830687 3.45662 -4.30101 -6.87741 16.3049 -12.7559 -12.2762 12.1891 -19.7383
19.12 0 -8.94279 -3.59918 -5.19286 -16.2648 8.63942 -15.258 -16.6311 2.13748 -24.2719
19.14 0 -13.7329 -12.3919 -10.1874 -14.7616 -11.4688 -13.5352 -17.2335 -13.1681 -26.2767
19.16 0 -9.01746 -14.168 -10.3652 -3.86415 -25.8475 -5.30776 -8.76107 -23.7879 -20.1633
19.18 0 -4.54102 -14.1319 -8.64459 -1.47477 -29.2109 -2.40081 -1.5567 -31.8633 -14.9868
19.2 0 -4.11622 -11.6795 -6.86599 -10.9535 -20.3935 -6.15767 -0.797907 -35.1042 -13.6748
19.22 0 -5.72356 -5.16033 -7.843 -21.9594 -6.56106 -10.3262 -7.4825 -30.0263 -15.2409
19.24 0 -6.07281 1.17344 -13.1213 -24.7934 0.941997 -10.8197 -19.5099 -19.025 -18.824
19.26 0 8.37162 12.1386 -7.36165 -7.14293 9.37139 2.05343 -19.1829 2.37084 -11.4372
19.28 0 23.8633 16.0139 4.20948 13.3726 13.5136 12.1699 -10.9437 17.2991 -2.06503
19.3 0 33.6487 19.3281 21.8151 30.1127 19.1785 16.5526 7.90104 23.7103 9.99456
19.32 0 18.0215 14.0722 25.108 26.3303 12.71 3.27523 16.5792 9.91747 8.4264
19.34 0 -2.69767 14.6436 25.2585 20.7015 6.87319 -6.14451 21.0612 -2.0949 6.62763
19.36 0 -18.1684 12.9028 22.5479 14.3982 -0.168656 -6.82145 14.9597 -7.51357 3.12933
19.38 0 -21.4286 3.27124 17.536 7.59865 -6.63146 -1.26466 -0.307923 -6.56355 -2.14128
19.4 0 -14.1555 -10.5679 7.62572 0.556406 -8.86414 2.82282 -16.7019 -4.02362 -7.98619
19.42 0 -4.78644 -19.8821 -9.24611 -6.23961 -5.61513 -0.721667 -26.0743 -5.3065 -12.9542
19.44 0 -0.400471 -21.0872 -29.3381 -13.1451 -0.276891 -11.3938 -26.037 -12.4506 -16.4375
19.46 0 12.5492 -4.35422 -29.3545 -6.38842 15.5109 -7.77326 -6.22353 -8.33126 -4.29903
19.48 0 20.1837 9.03978 -17.5139 -0.87637 21.8923 2.51389 11.4737 -3.07056 7.40512
19.5 0 22.6713 17.4942 5.7314 5.03431 18.7443 20.7059 23.2269 6.54639 17.7273
19.52 0 20.3383 25.2519 31.2452 13.6993 12.7638 40.4919 30.9189 20.4717 26.5645
19.54 0 0.521521 19.8251 34.0972 10.0002 -2.80255 37.5288 23.7908 20.3681 18.8934
19.56 0 -14.1373 14.384 27.4291 8.4487 -6.92923 23.1854 20.6845 19.3793 11.3659
19.58 0 -18.4652 4.56512 13.9525 7.23236 -1.23242 1.32867 19.6263 16.9721 4.49015
19.6 0 -13.5411 -9.89468 -2.25491 6.07809 5.89244 -17.7886 15.2418 14.2937 -1.61486
19.62 0 -6.28839 -23.9777 -17.8945 4.60277 6.3502 -25.9462 4.20452 11.8997 -6.81584
19.64 0 -3.94031 -32.5023 -30.1308 -0.0897116 -1.24507 -22.1701 -11.822 8.28354 -10.8028
19.66 0 -9.33509 -34.097 -36.4041 -11.9658 -11.9394 -13.2034 -26.3254 -0.018046 -13.0405
19.68 0 -15.5075 -25.9922 -31.871 -25.2433 -16.0067 -3.89205 -28.2687 -9.7452 -8.82948
19.7 0 -21.7078 -17.8235 -24.7062 -38.8878 -18.0316 -2.40382 -21.8909 -23.1958 -4.22094
19.72 0 -22.3758 -13.2603 -20.3208 -44.9092 -21.5539 -6.34193 -12.4682 -34.969 -0.960569
19.74 0 -15.8928 -13.0092 -21.4793 -39.8553 -28.5563 -12.016 -6.86504 -39.9611 -0.412315
19.76 0 -5.34691 -15.7899 -25.6967 -28.3907 -36.0785 -17.6599 -9.01817 -35.0208 -3.60935
19.78 0 5.97714 -15.8361 -24.7537 -17.2797 -35.053 -21.5323 -15.4323 -18.7517 -7.52212
19.8 0 10.0085 -12.2975 -18.9406 -14.3765 -26.185 -26.9592 -23.4644 -1.4258 -12.2049
19.82 0 9.04436 -1.34363 -7.68826 -13.3822 -11.5051 -30.673 -24.5842 13.6138 -12.1892
19.84 0 4.60257 10.8703 2.63786 -9.54556 -2.21109 -31.4064 -20.1172 20.4105 -9.00264
19.86 0 2.53112 19.0235 11.3622 0.733467 -2.34634 -25.6902 -10.7035 17.6326 -2.20948
19.88 0 5.66217 20.6944 20.1684 13.8557 -8.11976 -13.8034 0.678849 8.4443 7.0832
19.9 0 5.28978 11.7506 22.1442 16.1203 -17.6349 -6.6109 3.32005 -8.2258 9.5233
19.92 0 5.01854 4.98016 21.4655 11.291 -16.7316 -1.37195 1.7339 -19.9034 10.0094
19.94 0 2.60922 4.1339 14.6925 2.29759 -6.08441 0.529191 -4.63294 -24.0784 7.39365
19.96 0 -0.787531 7.18569 2.3431 -5.01542 6.76973 0.680858 -14.2368 -21.4319 1.64755
19.98 0 7.83249 17.7218 -0.0926807 2.29787 24.4456 10.6565 -13.5186 -5.71057 4.05808
20 0 19.2015 21.4056 3.15579 12.9657 34.6046 20.2013 -8.11126 8.3302 6.48551
20.02 0 30.1354 20.3544 12.9252 24.7674 38.5068 27.9279 4.94322 17.5722 10.2388
20.04 0 34.3232 21.6815 25.3423 36.6642 38.7702 33.5799 24.2869 22.4479 15.5285
20.06 0 29.135 29.1174 37.4145 47.2576 38.5663 38.6761 44.7541 26.4145 21.59
20.08 0 7.3736 27.4041 38.1415 42.8972 29.0426 33.4352 49.2185 21.4277 15.7573
20.1 0 -10.9135 21.8879 40.291 34.8977 23.1938 30.4235 46.7414 20.784 9.24028
20.12 0 -20.2503 10.9828 40.5903 26.5211 20.1523 29.2739 37.9991 23.6945 2.34463
20.14 0 -18.6732 -1.64091 31.2614 22.7405 18.1848 28.2765 26.4075 27.2493 -3.87338
20.16 0 -11.8773 -11.0637 10.8473 21.8936 17.1914 23.922 16.2829 26.8242 -8.98722
20.18 0 -4.90169 -14.9005 -12.4406 18.313 19.3497 15.6345 11.4851 19.7755 -10.8903
20.2 0 -0.775991 -16.9811 -28.8367 7.43801 23.1233 6.33987 10.2628 7.27699 -10.06
20.22 0 -0.568845 -20.217 -34.5347 -8.88314 22.9642 1.53615 7.71391 -6.36077 -8.19976
20.24 0 -4.71171 -23.8298 -31.7909 -24.3299 12.3793 4.30181 0.48462 -16.9576 -7.14565
20.26 0 -12.8274 -24.9128 -28.2041 -33.1031 -8.10564 11.2821 -9.99023 -23.1894 -7.90719
20.28 0 -22.1019 -23.5191 -27.6159 -35.7401 -29.6393 12.8744 -18.5078 -26.5444 -10.448
20.3 0 -15.6994 -11.0985 -16.1605 -24.8942 -30.0637 13.5002 -8.71863 -16.6268 -1.95725
20.32 0 -4.76685 -2.0944 -4.75003 -16.0901 -18.6521 1.54919 5.56513 -6.08103 5.45656
20.34 0 7.89854 5.87245 4.66954 -6.56977 -3.06683 -11.5553 17.0834 6.71661 11.7488
20.36 0 18.5037 15.6647 10.5902 6.88969 7.67049 -15.5315 20.668 22.7891 17.1218
20.38 0 25.3625 26.2844 16.2383 22.2085 11.6918 -8.81171 17.8879 40.0718 22.5496
20.4 0 28.7457 34.3121 27.1676 33.5624 13.6611 3.8454 14.3338 54.2528 29.4198
20.42 0 14.8249 23.8679 28.6997 23.5477 3.53482 1.20836 1.08363 46.3333 23.8036
20.44 0 0.863782 12.9142 29.0867 11.0018 -2.9194 -4.39816 -4.19532 29.5907 20.8998
20.46 0 -9.96188 4.38863 21.1782 1.19407 -7.79867 -12.0036 -3.93048 7.27323 19.4003
20.48 0 -17.3821 -1.15 4.52232 -4.12944 -12.9678 -17.9142 -4.69167 -14.3727 17.3137
20.5 0 -18.569 -10.0946 -13.8329 -8.91158 -18.2263 -19.9527 -11.4485 -30.5878 13.1922
20.52 0 -14.5266 -24.2015 -27.6626 -17.8362 -21.6905 -19.4569 -24.637 -40.0101 6.66566
20.54 0 5.41857 -21.655 -21.463 -14.2476 -6.58836 -3.40418 -24.5654 -25.9945 13.0859
20.56 0 17.1756 -11.5545 -16.1421 -10.3755 8.48657 8.67112 -22.171 -8.03079 16.4464
20.58 0 18.7656 6.46243 -12.0059 -3.28538 20.5344 15.4678 -12.4816 8.794 18.6616
20.6 0 15.7865 23.4153 -2.21232 6.15792 27.2124 18.2222 5.86915 21.4164 21.3602
20.62 0 14.7687 30.8169 17.6459 16.6466 27.6641 20.9773 28.7446 30.3776 25.2403
20.64 0 1.7884 14.0472 25.5074 13.3913 7.51643 11.2218 33.563 22.3886 13.9996
20.66 0 -8.46532 -1.47385 26.9723 12.5354 -11.666 5.17065 32.1994 16.1458 3.34898
20.68 0 -17.3743 -9.32878 16.8513 10.8436 -23.1081 -0.115385 24.2152 12.1634 -6.87996
20.7 0 -23.6394 -11.7161 -0.822027 2.96981 -22.1823 -7.35505 11.4561 9.18603 -16.4519
20.72 0 -25.4017 -16.4825 -16.7463 -12.4696 -11.837 -16.0205 -3.39409 5.13367 -24.8897
20.74 0 -21.9543 -27.1149 -28.3839 -28.2512 -3.35215 -22.2397 -17.7709 -2.22079 -31.6019
20.76 0 -15.9243 -38.434 -41.0343 -36.682 -5.92516 -23.8278 -29.3297 -14.9632 -35.7052
20.78 0 -12.7079 -45.4629 -55.4659 -37.3291 -19.8147 -22.5156 -37.0738 -32.3148 -37.7545
20.8 0 -14.7182 -47.1637 -66.6383 -38.261 -36.9911 -23.0369 -41.2838 -51.4043 -39.2607
20.82 0 -2.13276 -27.0646 -45.8475 -28.0213 -28.2308 -8.57265 -23.6226 -47.8571 -21.6308
20.84 0 4.40548 -6.40543 -15.8101 -25.1956 -12.8919 1.02199 -7.63242 -38.8056 -6.63485
20.86 0 7.62413 16.1721 11.7795 -18.7361 2.88657 9.46146 3.94547 -22.1103 4.99787
20.88 0 12.6271 38.0351 30.3367 -1.03057 13.7045 19.1725 10.9288 2.07179 13.5579
20.9 0 23.6917 52.294 43.265 26.2163 20.8696 28.9224 17.4604 28.5719 21.0959
20.92 0 22.1287 38.8712 39.1538 35.6012 12.2061 17.1218 10.5106 33.0603 11.7844
20.94 0 21.8726 21.5251 37.4923 39.4461 9.19637 1.39357 9.89018 30.6854 5.04702
20.96 0 16.4463 10.3367 33.0699 38.1399 10.4913 -14.1617 12.1358 22.3834 0.761137
20.98 0 8.46383 13.1405 27.5926 38.1589 16.1129 -19.5646 15.8507 15.2206 2.43893
21 0 -0.453001 18.5444 21.779 33.5781 18.8374 -13.5961 12.198 8.6334 4.79178
21.02 0 -3.32619 17.5167 20.5692 23.7942 17.517 3.11923 1.70909 4.1663 7.0879
21.04 0 -7.58491 1.42288 12.647 3.73981 7.23007 10.6086 -16.4912 -7.66809 0.480613
21.06 0 -8.9027 -13.3892 -0.985746 -12.2475 -2.30914 11.7778 -28.048 -21.4354 -6.34316
21.08 0 3.90651 -5.78164 -6.42856 -6.31702 5.41931 20.6801 -15.9461 -20.9936 2.1317
21.1 0 12.6642 5.14817 -12.4244 1.53564 15.0054 21.6268 1.33904 -19.5791 9.20313
21.12 0 18.3747 12.7909 -9.96214 7.04678 24.4375 19.3397 17.5286 -12.3165 13.7384
21.14 0 21.5653 15.2305 2.85841 10.8075 29.2818 20.4957 27.3164 3.14363 15.1738
21.16 0 20.8548 16.9051 19.9786 16.8199 27.4174 27.2717 30.7087 23.8648 15.1438
21.18 0 4.62422 10.2984 21.7142 14.6617 10.468 23.4506 20.8352 31.407 4.07109
21.2 0 -9.76631 6.40244 18.0761 13.5225 -2.44359 15.4122 15.3113 33.5149 -4.65573
21.22 0 -18.5736 1.11477 12.2243 9.30855 -7.32547 1.48072 15.3029 28.9729 -10.7516
21.24 0 -21.7387 -6.92897 5.57532 1.93581 -6.80136 -13.6105 17.0932 18.3014 -13.5798
21.26 0 -20.632 -16.186 -3.44852 -5.11704 -7.26104 -22.2901 14.2892 5.16157 -14.0011
21.28 0 -17.9509 -24.4221 -15.2195 -9.98774 -12.6029 -20.2512 2.65598 -6.67148 -13.5367
21.3 0 -12.8075 -28.0599 -24.7164 -12.0976 -17.0961 -8.90938 -12.3565 -13.3496 -10.359
21.32 0 -9.54729 -29.7183 -32.0625 -18.3818 -17.5513 -0.629793 -26.2993 -19.3917 -7.79205
21.34 0 -9.16597 -29.1027 -36.835 -28.4295 -12.4256 -1.52398 -33.5023 -26.3284 -6.04412
21.36 0 -11.2107 -26.4607 -40.3526 -37.2214 -7.05241 -10.2571 -33.7078 -33.6153 -5.47446
21.38 0 -13.7385 -23.3692 -43.0964 -40.0233 -8.69949 -20.9855 -30.7583 -39.0146 -6.61626
21.4 0 -4.79731 -13.1349 -33.6482 -27.4599 -9.14139 -18.6087 -19.5262 -30.0015 -0.180861
21.42 0 3.89496 -6.25324 -19.3339 -14.2618 -13.7491 -12.6125 -11.9027 -15.455 3.51618
21.44 0 2.60507 -7.09138 -8.329 -11.5828 -23.3418 -13.357 -13.0812 -5.46789 -1.57303
21.46 0 -2.10059 -4.78315 2.32807 -12.0302 -27.7025 -16.9996 -12.6234 3.35207 -6.57894
21.48 0 -7.76945 1.416 8.3053 -12.7458 -27.8052 -23.3931 -9.32815 8.32349 -10.1555
21.5 0 -6.77432 11.043 11.9827 -8.48403 -23.3708 -26.4936 -1.59799 12.1045 -8.65869
21.52 0 0.621096 16.5727 12.8152 -2.44214 -19.5236 -25.766 4.52248 12.4892 -5.27201
21.54 0 12.8493 16.7952 13.0481 4.08179 -15.6357 -19.5768 6.61146 10.9142 -0.372913
21.56 0 17.4118 8.78233 6.14434 1.54455 -16.156 -16.2936 -2.25602 1.65566 -1.55066
21.58 0 16.4774 3.99086 -0.930869 -4.36065 -13.1637 -11.7947 -12.6377 -7.76186 -2.45002
21.6 0 9.31134 2.83778 -7.90871 -11.925 -8.01915 -9.06739 -21.4866 -17.0982 -3.65018
21.62 0 -0.664046 1.15531 -13.3 -18.1054 -3.96099 -8.92005 -27.3976 -25.806 -5.73443
21.64 0 -8.87446 -5.25783 -16.1805 -20.3071 -4.02635 -10.4477 -30.8252 -32.963 -9.25025
21.66 0 -7.94239 -10.3813 -11.7911 -12.2791 -2.99923 -7.18656 -26.9724 -32.0321 -8.7607
21.68 0 -6.10039 -15.2404 -7.96314 -2.02506 -4.3475 -5.2708 -22.0404 -28.6904 -9.90346
21.7 0 -6.27871 -15.6224 -5.37546 6.3505 -4.40396 -5.52868 -16.1694 -23.7068 -11.9045
21.72 0 -12.7834 -15.9063 -7.09506 5.28031 -5.35081 -11.9082 -14.6745 -21.7307 -18.5393
21.74 0 -18.288 -14.8456 -7.60227 -0.617623 -4.49047 -17.6161 -14.3052 -18.9914 -24.9556
21.76 0 -20.0682 -14.8394 -7.73671 -7.95151 -5.63486 -19.7941 -15.5812 -16.4461 -30.7496
21.78 0 -17.8117 -15.8101 -9.70593 -13.1531 -11.0088 -17.9401 -17.7019 -15.1829 -35.6332
21.8 0 -12.959 -16.7004 -14.3273 -15.905 -18.8014 -14.7191 -18.7808 -16.2496 -39.4111
21.82 0 -7.76292 -16.8534 -20.0174 -18.9024 -24.7955 -13.7587 -17.3668 -19.9618 -42.0789
21.84 0 23.5351 12.1561 3.63256 3.797 1.71685 11.8397 14.1742 2.78103 -15.6641
21.86 0 49.3158 42.8433 28.9662 24.8358 30.9361 35.8918 44.9541 25.3257 11.3389
21.88 0 39.4281 45.2059 26.4234 17.9123 29.8595 32.5266 42.2178 20.5308 9.38896
21.9 0 26.5033 44.9318 25.6713 14.2831 25.6427 32.2376 34.1743 18.5719 7.50855
21.92 0 15.1417 38.367 27.2407 13.8401 19.5145 32.4466 23.6464 17.9838 5.93674
21.94 0 8.31398 24.3258 29.8988 15.7119 14.6035 28.7493 14.9993 16.316 5.1276
21.96 0 6.82975 12.5556 32.5192 23.085 16.2773 22.5144 14.0077 15.6333 8.61931
21.98 0 3.45688 6.25168 28.6383 31.9405 20.402 12.9289 15.7619 13.3795 12.548
22 0 -1.91978 5.23016 20.9195 39.4691 25.0359 5.23508 16.4471 11.7274 16.1271
22.02 0 -12.8501 -3.50686 8.0234 34.4172 21.3058 -3.74329 5.97008 4.84949 11.4476
22.04 0 -19.0322 -15.8916 0.287451 22.6433 15.8177 -6.00143 -7.69601 -0.350103 5.89362
22.06 0 -21.8798 -27.5627 -5.94449 6.90342 8.65631 -5.50623 -20.8014 -5.94775 -0.0181803
22.08 0 -24.1771 -32.4158 -16.5129 -8.82926 -0.202013 -6.37189 -29.3054 -13.9348 -5.78
22.1 0 -25.8693 -31.3218 -31.5723 -22.5229 -10.2126 -11.1712 -31.7153 -24.674 -11.3489
22.12 0 -8.9251 -14.2097 -28.8222 -19.2146 -4.78644 -2.92366 -14.0626 -20.012 -0.965492
22.14 0 8.96796 -1.4218 -19.4672 -16.3415 -0.82883 4.59883 3.04481 -13.2637 8.29423
22.16 0 23.3228 9.28644 -5.06601 -12.5565 1.34102 13.4099 16.0924 -1.76314 15.5406
22.18 0 30.15 22.0627 9.88611 -5.66994 2.45095 23.1721 24.9441 14.3694 20.8494
22.2 0 29.8528 36.7692 23.1463 4.82713 4.91081 31.1913 32.3551 32.3574 25.3928
22.22 0 14.182 34.2529 22.4226 4.46011 -2.16324 21.1401 27.9704 35.3055 17.1054
22.24 0 3.16321 23.106 22.1127 5.27645 -4.46946 7.12348 25.8238 34.9729 10.4173
22.26 0 -2.12899 6.42367 19.1464 7.44727 -3.63586 -7.31888 23.5682 31.6524 5.56172
22.28 0 -5.33852 -7.7079 9.74596 11.0143 -2.52324 -18.0744 18.7665 26.3871 2.41147
22.3 0 -9.56952 -15.4074 -4.31828 12.9503 -2.97062 -21.5096 9.60422 19.819 0.730806
22.32 0 -8.44225 -13.4737 -9.72924 14.494 1.93187 -10.1831 2.54377 18.0028 6.28058
22.34 0 -7.47502 -11.4174 -8.28904 7.33677 7.65694 4.52154 -4.59519 14.7698 11.7665
22.36 0 -6.56409 -8.72686 -3.41254 -3.10502 13.7254 16.5175 -6.75463 8.13507 17.9603
22.38 0 -5.64808 -3.84435 -2.18175 -7.68769 17.3856 22.8305 -2.5881 -0.589453 24.2017
22.4 0 -6.4888 -1.80262 -7.58462 -9.032 14.359 22.3699 2.29655 -11.311 26.376
22.42 0 -4.49991 -3.24395 -12.3136 -5.58773 7.98495 19.0738 7.35625 -17.7934 26.6469
22.44 0 -0.619089 -8.71564 -12.6513 -1.90208 1.53658 13.2738 9.04977 -16.6922 23.7517
22.46 0 1.35905 -13.8276 -9.24165 -1.30334 -2.30308 5.79865 5.61402 -6.41406 16.7226
22.48 0 -1.83031 -13.0537 -6.0795 -3.15042 -3.58592 -2.56125 -0.615278 8.39504 7.5345
22.5 0 -6.90221 -4.6528 -3.3346 -3.36571 -2.5169 -8.96221 -3.51527 22.8122 0.90729
22.52 0 -10.0898 2.87371 -1.02929 -2.79388 -3.20101 -14.2675 -2.1119 30.1961 -2.96695
22.54 0 -12.1773 -1.10015 -2.39006 -6.90634 -11.8579 -22.3952 -1.79666 24.151 -8.68434
22.56 0 -8.5595 -9.60904 -3.59811 -10.5779 -22.5214 -26.2263 0.135273 10.8807 -11.1102
22.58 0 -4.47038 -15.8413 -7.98475 -14.4317 -32.5843 -25.4892 -0.463131 -5.57134 -11.5368
22.6 0 -3.84628 -15.6991 -16.4444 -20.4466 -38.1494 -22.3036 -6.4531 -20.433 -11.8815
22.62 0 -6.17956 -12.0127 -25.6096 -30.629 -36.4089 -20.0399 -17.6916 -30.856 -13.5624
22.64 0 -8.37808 -10.732 -31.7952 -43.0947 -29.6702 -20.8893 -31.4685 -36.7996 -17.0826
22.66 0 12.4861 7.14548 -13.3478 -29.6818 -2.78114 -2.75831 -22.4498 -18.2031 -0.414851
22.68 0 30.853 22.0216 4.91849 -6.45414 16.9534 13.4551 -9.63022 0.87683 15.0936
22.7 0 42.776 36.9834 23.0334 24.5166 30.2201 27.6128 8.38188 18.8084 29.9932
22.72 0 26.7661 31.3475 24.0559 34.0098 21.9968 18.3109 10.414 14.6469 23.8779
22.74 0 8.68079 23.4315 30.3366 36.7061 17.0886 7.57828 14.0612 10.2719 17.548
22.76 0 -6.29351 13.1397 37.6065 33.8583 14.9431 -1.05161 15.0402 7.49362 10.9026
22.78 0 -13.2011 7.43245 42.2273 33.8546 16.2072 -1.14295 14.1674 10.5134 7.31889
22.8 0 -14.8328 5.37514 36.8205 35.4379 16.5704 4.39042 9.14928 14.6033 3.99376
22.82 0 -9.68985 5.34965 23.3899 35.9761 18.5239 11.6141 4.34702 17.015 1.67039
22.84 0 -3.46785 0.263888 6.05383 26.0606 20.092 12.7133 -0.653115 11.4581 -3.35382
22.86 0 3.89977 -5.89627 -6.04539 9.93923 22.9339 11.636 -0.8411 2.07041 -7.0247
22.88 0 7.2451 -9.71745 -14.7094 -6.18514 21.1687 11.0758 1.50236 -9.12551 -10.025
22.9 0 4.34903 -9.68158 -22.3639 -17.0327 11.2404 12.9992 3.23905 -19.2849 -13.305
22.92 0 -2.53357 -9.19944 -27.1577 -23.108 -4.62415 15.9201 2.79561 -26.3831 -17.5886
22.94 0 -9.43967 -12.6871 -26.6249 -28.4382 -19.5605 14.8759 0.676197 -29.2217 -23.2816
22.96 0 -6.9439 -12.0474 -14.9589 -26.3576 -20.5585 13.6107 5.53361 -19.8544 -22.4904
22.98 0 -4.71274 -10.0683 -6.27927 -21.8566 -15.333 4.81 9.22923 -7.42993 -22.1861
23 0 -7.99171 -8.25633 -8.56315 -16.6446 -12.5525 -10.4742 6.11104 1.91483 -25.862
23.02 0 -9.99599 -6.12804 -13.4393 -8.47275 -11.5817 -22.1452 0.01693 10.1066 -28.2677
23.04 0 -8.41246 -8.70157 -13.941 -2.75099 -12.7644 -27.8648 -7.51402 13.3641 -27.6952
23.06 0 -4.94453 -14.3076 -8.85195 -2.34901 -14.7618 -28.5375 -14.0078 9.29086 -23.3604
23.08 0 -3.90881 -15.8825 -3.7181 -5.35304 -16.8682 -25.8772 -18.0666 -1.74119 -16.0486
23.1 0 1.31888 -1.41576 5.05303 -0.251728 -10.3636 -13.1201 -11.9032 -7.6827 0.522687
23.12 0 5.00996 16.2286 10.5894 4.76595 -2.6161 -0.36161 -5.70043 -12.0219 15.5696
23.14 0 11.7342 28.9562 17.6598 8.70508 7.28332 10.9267 -0.664128 -11.6406 27.896
23.16 0 14.1692 25.2643 18.5691 4.62732 9.78925 11.3805 -5.24247 -14.5827 28.9218
23.18 0 17.9922 17.5682 17.9562 4.99382 11.1523 9.61971 -10.0138 -12.8701 27.5131
23.2 0 18.3496 12.2174 12.7558 10.5275 10.6423 5.59688 -13.7823 -6.84592 23.3534
23.22 0 13.3927 10.3802 6.12085 16.9863 9.60002 -1.14083 -14.0649 0.800647 17.1686
23.24 0 6.2146 8.78762 5.05367 19.5013 10.0466 -8.60164 -9.41454 7.92941 11.0967
23.26 0 -0.79271 4.26546 10.2266 16.1385 9.62238 -13.4882 -2.36053 12.2108 5.57834
23.28 0 -9.64666 -4.08687 12.3153 7.68286 1.79871 -15.7261 0.772521 10.2414 -2.28175
23.3 0 -16.065 -9.05813 8.18016 1.44005 -9.62959 -11.8584 1.95704 6.05765 -8.78969
23.32 0 -18.9338 -10.8774 -2.52402 -4.09821 -19.6244 -6.00491 1.58122 0.139656 -14.0418
23.34 0 -16.8547 -13.5894 -14.5908 -13.1038 -22.8124 -3.05783 0.70468 -6.81464 -18.3479
23.36 0 -10.8477 -19.0051 -24.4535 -25.8578 -19.2995 -4.30718 -0.751881 -13.693 -22.1449
23.38 0 -5.16588 -24.2158 -33.4843 -37.4075 -14.692 -7.22273 -4.10993 -19.2285 -25.8842
23.4 0 4.06801 -17.8869 -35.3473 -35.1143 -6.48727 -0.827798 -2.15433 -14.747 -21.7029
23.42 0 7.04562 -9.3039 -35.1287 -27.6226 -3.75139 6.67723 -1.84502 -9.03542 -17.4306
23.44 0 5.42141 -3.63856 -26.8169 -18.7008 -3.60345 11.9361 -0.438351 -3.63443 -12.6798
23.46 0 1.77211 -2.72438 -9.88709 -10.9533 -2.44941 12.1249 3.91774 0.440341 -7.23167
23.48 0 -2.7793 -2.24896 7.93247 -2.28294 0.38301 8.06402 10.2508 3.63172 -1.24109
23.5 0 -7.06907 2.14794 18.747 10.1068 3.58957 3.42141 15.4653 7.42605 4.87001
23.52 0 -15.817 1.21013 14.8205 16.4956 -0.510998 -6.20917 9.19087 5.1806 3.02854
23.54 0 -17.612 -2.31164 9.62012 19.2738 -2.37257 -12.1771 -0.874101 4.16076 1.03282
23.56 0 -12.6184 -9.30772 6.25258 15.531 -1.07886 -15.5031 -12.2656 2.55815 -0.733322
23.58 0 -5.53474 -14.1934 1.82711 7.16671 1.49401 -17.0587 -21.8597 -1.65632 -1.87128
23.6 0 -1.45839 -11.9385 -6.69097 -1.87923 1.7294 -16.8047 -27.7382 -9.32218 -2.35155
23.62 0 15.2903 11.4068 0.0778094 6.79636 14.0492 1.44642 -12.8754 -2.92124 13.9421
23.64 0 29.0648 32.444 11.8452 15.3119 22.5961 19.7029 5.25107 3.16636 29.4543
23.66 0 21.9645 28.0514 12.0923 4.14731 10.47 17.3041 5.59251 -7.28708 24.0752
23.68 0 14.033 18.9364 15.1237 -4.87215 -1.50892 12.3121 4.83448 -12.3158 15.8506
23.7 0 5.44653 9.79117 13.1085 -8.43213 -11.9982 4.21278 1.73421 -11.3214 4.82747
23.72 0 -3.13149 2.3086 3.97446 -7.4682 -19.0292 -7.02211 -3.31374 -6.62235 -7.76807
23.74 0 2.02627 6.55208 4.35665 5.1962 -8.89922 -8.07691 3.11137 10.0607 -7.88267
23.76 0 8.37533 8.64191 7.0636 13.447 4.66391 -8.50315 9.55813 23.6123 -6.14252
23.78 0 13.4901 10.4811 12.7135 17.9141 17.0191 -4.34107 15.731 32.6154 -1.85927
23.8 0 15.1832 14.441 18.8104 22.3941 23.9208 7.08933 21.4146 36.2182 5.22598
23.82 0 13.6737 20.6139 24.2703 27.9907 26.0435 23.9041 27.5326 34.2508 15.2171
23.84 0 -4.7707 8.89861 13.523 15.8424 11.3866 23.777 18.0328 12.0952 9.97679
23.86 0 -18.3063 -6.47019 3.58253 1.75417 0.841174 19.537 9.31533 -9.4544 4.61484
23.88 0 -25.6355 -23.5274 -8.71568 -12.2955 -5.53027 10.5267 -0.58673 -26.557 -2.54468
23.9 0 -29.0467 -37.7414 -26.5843 -23.5617 -10.323 -1.71718 -13.3565 -37.0831 -12.3717
23.92 0 -13.5865 -29.2488 -30.5657 -14.4844 2.02995 2.16655 -11.0029 -23.3125 -7.01992
23.94 0 -0.425692 -17.8709 -32.167 -5.84011 12.5887 4.95787 -8.98163 -6.07983 -3.35259
23.96 0 8.56536 -7.13132 -23.9913 -0.476729 19.2036 7.52362 -4.08768 10.1619 0.311319
23.98 0 12.4177 2.14551 -5.54901 2.71348 20.2664 10.7465 5.32931 22.0242 5.36588
24 0 11.4146 12.5077 15.8182 8.15544 15.8686 15.3628 18.6393 28.4872 12.3936
24.02 0 -3.97559 11.819 20.0415 5.15929 -3.5424 7.83537 20.4449 18.5743 8.14962
24.04 0 -14.3278 9.33171 18.6788 3.93193 -19.3221 -0.261801 20.5185 8.35349 4.58049
24.06 0 -15.3849 2.02372 13.3029 0.484794 -27.1858 -9.27582 15.9844 0.688498 0.712803
24.08 0 -9.04809 -7.67093 3.76494 -6.50999 -26.1222 -18.2955 4.82848 -3.01223 -3.98234
24.1 0 -1.79215 -13.9418 -11.1179 -15.0809 -19.8796 -25.4937 -11.6118 -4.08217 -9.29155
24.12 0 1.36941 -14.9809 -28.5338 -22.9929 -14.6557 -29.5336 -29.0576 -6.27965 -14.2938
24.14 0 0.170703 -15.2595 -41.6551 -30.4058 -14.6588 -31.0016 -42.8628 -13.0169 -17.9994
24.16 0 -3.86782 -19.6016 -45.0213 -38.1604 -21.0151 -31.8655 -49.9484 -25.5353 -20.2445
24.18 0 14.4141 -1.96983 -14.5635 -19.2837 -7.33185 -8.49957 -24.7867 -16.4749 3.54748
24.2 0 26.334 17.901 16.4823 3.12957 3.53964 12.4086 4.11855 -7.34155 26.2992
24.22 0 31.66 42.4244 42.5165 28.8201 16.1801 30.6717 31.6306 6.6727 46.6495
24.24 0 35.0237 66.6209 65.4272 54.1322 34.4155 46.88 53.3974 29.7198 63.0454
24.26 0 9.29588 49.1204 54.979 42.6951 25.871 28.3208 34.9968 27.5572 42.2645
24.28 0 -6.75927 21.8583 43.5677 30.0462 20.9503 10.201 13.5627 28.525 20.2619
24.3 0 -14.4558 -6.84057 23.9136 20.6035 14.7538 -6.1554 -5.81956 25.6247 -0.181037
24.32 0 -19.5881 -28.456 -5.62788 14.0953 4.81274 -19.9021 -19.4612 14.1935 -17.3647
24.34 0 -25.8579 -42.7734 -36.3351 3.41872 -7.76269 -30.6472 -26.9624 -6.20958 -31.136
24.36 0 -33.2351 -54.2036 -57.6826 -19.0572 -20.6994 -38.0278 -31.4413 -32.3816 -42.3703
24.38 0 -40.5742 -65.1069 -68.0315 -51.2785 -34.8836 -41.5438 -37.8239 -58.7461 -52.9182
24.4 0 0.742761 -21.5767 -25.328 -32.1354 -3.53085 7.97676 1.03392 -30.0685 -14.5554
24.42 0 35.2312 28.7254 12.9517 -4.12477 23.4542 56.5218 35.7215 5.06734 21.4982
24.44 0 23.6051 38.8844 9.28687 -8.62663 10.8384 58.6115 29.4607 5.51516 15.2712
24.46 0 14.5643 37.478 10.27 -9.0845 4.231 47.8982 26.337 8.73722 8.10201
24.48 0 11.9416 21.9289 15.5541 -5.66433 4.58118 24.9562 26.4113 13.233 0.61156
24.5 0 10.664 3.38792 16.6579 4.32638 5.66177 -0.226621 25.0502 18.1873 -6.31248
24.52 0 4.09638 -6.41189 8.94042 18.8452 2.83658 -17.7321 17.9483 22.9754 -12.0575
24.54 0 6.60792 6.52493 13.8224 43.1749 12.8572 -10.4735 19.9164 39.6077 -0.830151
24.56 0 7.77065 19.4446 26.6216 54.3323 25.6326 3.8034 20.5216 49.7415 14.048
24.58 0 -0.155152 16.693 35.9977 40.6848 29.8639 10.0006 12.4641 39.6507 20.631
24.6 0 -3.87781 14.1624 42.1469 25.427 32.4249 18.8056 8.92503 23.5227 29.003
24.62 0 -3.57247 16.3462 34.7011 19.7139 29.3119 28.3375 8.74959 6.69251 36.4587
24.64 0 3.97705 22.5303 20.8287 24.9444 26.2051 38.0031 13.0081 -3.28847 43.9451
24.66 0 15.1223 22.4581 11.6194 28.2935 26.7524 41.6613 17.7005 -7.14472 48.1765
24.68 0 17.0828 7.5845 3.2387 15.7674 24.0325 29.7858 12.247 -12.1823 39.5012
24.7 0 13.5216 -5.06631 -1.26778 1.62544 21.8925 15.1925 3.87248 -7.55068 25.9618
24.72 0 2.72796 -10.3285 -9.13378 -6.82099 13.6079 1.95367 -6.13022 2.4229 9.55014
24.74 0 -11.4296 -11.6985 -19.2834 -9.45933 -1.97906 -9.24977 -13.7652 10.5666 -6.59241
24.76 0 -22.9103 -16.9089 -25.2716 -12.8071 -19.6928 -20.5219 -15.7438 11.4924 -20.013
24.78 0 -22.4212 -22.1637 -17.9644 -14.9466 -27.7737 -26.0781 -6.11287 11.1655 -23.4372
24.8 0 -19.3577 -28.4205 -10.2249 -20.239 -32.6308 -30.2065 3.9345 5.64146 -24.1647
24.82 0 -17.8164 -28.1011 -10.0208 -23.7554 -36.4441 -29.4569 9.22434 -1.8373 -22.9036
24.84 0 -18.2113 -20.6027 -17.8389 -25.0704 -38.8734 -22.9616 6.24125 -8.1232 -20.596
24.86 0 -19.2036 -16.203 -29.5616 -31.3218 -39.3163 -17.3665 -6.91202 -14.949 -20.9188
24.88 0 -14.8159 -17.5616 -37.078 -41.4305 -33.0885 -14.9831 -22.1744 -20.6269 -21.1428
24.9 0 -6.89882 -23.3849 -41.2121 -51.3189 -24.6223 -17.9393 -34.5372 -27.0206 -21.3072
24.92 0 -0.504496 -27.7824 -46.1198 -54.9485 -21.2636 -24.2407 -41.9805 -34.7726 -21.6504
24.94 0 0.358574 -27.074 -54.2524 -50.408 -25.6253 -31.0809 -45.4624 -42.9405 -22.7182
24.96 0 15.5324 -3.15025 -35.603 -21.9021 -13.6073 -15.3692 -25.4604 -28.0688 -3.3981
24.98 0 24.6555 16.1297 -4.87918 1.08263 -1.12578 0.347576 -5.30471 -10.3629 13.9903
25 0 28.859 32.097 33.0828 19.4876 13.5455 15.6261 13.9892 10.8649 29.2865
25.02 0 7.83679 27.2392 44.5772 17.4526 6.34669 8.46065 9.90281 12.3806 20.6963
25.04 0 -9.65758 23.9388 45.7679 20.8774 -1.03232 1.17424 5.66936 14.4079 11.7186
25.06 0 -17.3401 17.9035 38.4575 27.17 -6.2478 -7.03582 2.35389 14.6604 3.56988
25.08 0 -12.9188 6.38002 26.3075 30.9067 -5.36979 -16.6383 0.211731 11.9184 -3.12262
25.1 0 10.7313 6.01421 24.8162 40.7656 13.6046 -12.8776 10.2074 19.0672 4.223
25.12 0 29.5987 12.4902 22.9912 42.7019 33.898 -3.07168 17.4315 24.925 12.7113
25.14 0 36.9979 28.2882 22.6876 39.8485 48.8774 16.178 20.8841 30.3943 21.9872
25.16 0 21.7 31.5339 13.569 21.8515 41.6661 27.2591 9.61797 20.2826 17.802
25.18 0 7.16494 26.4884 12.0409 6.19303 27.8172 37.7672 3.06554 7.66204 14.3102
25.2 0 -1.48158 12.0646 13.6838 -4.25076 11.9952 41.6753 2.99638 -6.81746 10.7906
25.22 0 -6.12074 -3.62589 9.7656 -7.57146 -0.867407 35.8762 7.66577 -20.3995 6.02985
25.24 0 -10.3917 -13.705 -3.48443 -5.50721 -7.07105 20.0395 13.3522 -29.6302 -0.847866
25.26 0 -13.0139 -17.466 -18.024 -2.08997 -4.58131 1.11962 15.5061 -28.4624 -8.31559
25.28 0 -14.893 -21.9749 -27.3907 -4.20727 -0.0972563 -14.101 7.12747 -18.1026 -18.3144
25.3 0 -15.905 -29.0764 -28.971 -11.0264 0.259548 -20.6364 -9.89023 -3.37953 -28.9552
25.32 0 -17.8453 -35.3437 -27.0569 -18.2676 -6.58275 -20.4696 -27.4893 7.96052 -37.7916
25.34 0 -22.3009 -36.8011 -27.357 -22.8565 -18.643 -20.0844 -36.3119 9.534 -43.473
25.36 0 -27.8327 -33.0602 -31.1347 -25.9808 -30.5752 -25.0822 -31.7155 -2.43391 -44.4961
25.38 0 -29.9633 -29.6127 -34.6178 -31.0736 -38.7647 -34.7022 -18.4306 -25.0813 -41.0643
25.4 0 -26.1042 -30.2838 -35.4565 -39.0074 -44.1631 -42.2908 -9.00664 -47.3305 -36.8608
25.42 0 16.3915 3.86278 -0.248394 -11.3348 -13.5808 -6.24463 22.3806 -23.7692 0.721653
25.44 0 52.5046 42.7859 31.9571 18.0772 17.0255 36.2453 39.0548 12.0429 34.6182
25.46 0 40.6083 48.1426 25.7834 10.546 13.4609 39.0397 13.1059 17.5019 28.3084
25.48 0 25.2081 48.7738 23.1803 2.36585 15.1113 31.6566 -5.52283 21.7964 21.4879
25.5 0 14.3144 36.6501 24.2839 -1.69508 17.5584 14.4361 -11.289 19.3694 15.8571
25.52 0 18.4113 25.9022 32.5622 13.9443 23.8437 4.85976 2.48654 20.1261 21.7039
25.54 0 21.0966 17.7775 33.1097 37.8192 22.2252 -0.249635 18.4661 18.1562 28.0262
25.56 0 18.5269 17.093 30.4369 59.3081 19.6806 0.648836 29.4895 18.5281 33.4912
25.58 0 13.2435 20.0565 33.6378 67.7137 23.005 6.87612 31.8402 24.1176 37.3014
25.6 0 9.75709 23.2418 45.4174 57.9602 34.3554 18.7076 27.0473 34.0324 39.6237
25.62 0 -6.69169 12.9308 39.418 24.8826 31.6357 17.5484 5.09267 27.5557 25.3482
25.64 0 -19.2628 7.00279 21.6002 0.815824 23.8267 16.1367 -11.1849 16.4343 12.1158
25.66 0 -28.0374 -0.731911 -2.48392 -10.4344 8.27412 11.0305 -17.3831 -1.24016 0.382177
25.68 0 -29.2932 -17.0685 -24.8331 -15.7056 -10.5117 0.0471311 -15.2448 -22.8657 -10.6586
25.7 0 -24.8299 -40.6233 -40.8279 -23.7433 -26.8507 -15.3598 -12.0087 -42.4545 -22.6524
25.72 0 -20.7971 -63.1789 -52.8533 -37.4656 -39.0075 -31.1147 -15.5509 -54.4002 -37.0638
25.74 0 -23.549 -76.8974 -66.3114 -54.0251 -49.1742 -43.7386 -29.3247 -57.2461 -54.088
25.76 0 -35.6925 -77.0682 -84.8398 -69.8475 -59.7703 -53.1116 -50.4814 -54.9479 -72.093
25.78 0 -16.615 -34.2805 -67.6343 -50.3823 -35.3953 -27.3216 -36.1148 -18.9644 -53.2501
25.8 0 3.66391 2.29501 -39.8562 -33.3806 -11.3476 -5.45067 -15.1454 10.0029 -31.6047
25.82 0 25.652 27.4755 0.0614464 -16.4067 10.4069 12.6951 14.1279 29.8217 -6.36385
25.84 0 45.3856 48.2366 41.4026 5.87794 28.2201 30.9103 47.434 42.4827 22.3419
25.86 0 26.169 38.4893 39.9827 7.26713 7.13986 20.1256 44.1786 21.3061 19.1711
25.88 0 5.86191 29.0939 30.3983 15.892 -14.0995 12.8168 32.4887 5.20435 15.0657
25.9 0 -8.34219 13.3351 21.9334 18.6024 -25.442 4.26018 12.7811 -3.96898 8.95183
25.92 0 -14.8908 -7.66095 15.4698 10.1237 -22.5903 -9.33188 -10.0966 -8.50027 1.08498
25.94 0 -18.2539 -24.1458 2.39314 -3.72982 -11.5471 -26.7116 -30.6049 -12.5502 -7.52762
25.96 0 -22.1984 -30.4927 -21.3765 -13.9398 -4.2477 -42.5146 -46.9703 -19.3312 -15.937
25.98 0 5.42175 -0.49198 -15.1956 11.6341 25.9272 -21.67 -27.6834 1.71432 8.28756
26 0 31.4258 25.0043 2.28789 34.9454 46.2578 5.86538 -5.82194 18.8975 33.0545
26.02 0 51.7456 44.4579 35.5494 52.2854 57.7649 39.3425 19.4035 33.4783 57.6798
26.04 0 31.8582 34.2639 44.8282 36.3167 35.2999 42.1673 18.8071 17.1787 50.8137
26.06 0 7.26414 29.1657 47.4311 23.0854 15.6274 39.2291 21.314 3.95353 41.4712
26.08 0 -10.9529 24.731 39.185 14.6237 2.31136 28.7291 23.4647 -2.96469 28.8216
26.1 0 -16.5378 15.0108 22.8351 9.15338 -3.48174 12.4793 21.4239 -2.07819 13.1845
26.12 0 -12.9851 -0.434552 4.03829 3.55514 -3.56199 -4.90313 13.379 4.15155 -3.63021
26.14 0 -7.32472 -17.2883 -13.3149 -3.55545 -3.04215 -18.4089 0.637535 10.4597 -19.1628
26.16 0 -5.41827 -30.6013 -28.5433 -11.9223 -6.56328 -25.5515 -13.229 11.9623 -31.8726
26.18 0 -9.34073 -38.5571 -41.464 -21.6758 -15.4764 -27.3962 -24.2705 5.9314 -41.3955
26.2 0 -18.235 -42.6067 -50.9494 -33.7783 -27.5537 -27.741 -29.2729 -9.39193 -47.243
26.22 0 -29.5617 -45.7275 -56.3211 -48.2668 -39.972 -29.7721 -28.7291 -32.5672 -49.5204
26.24 0 -39.693 -49.5292 -58.9546 -63.067 -51.7232 -33.7978 -27.8989 -56.463 -50.9509
26.26 0 -45.116 -54.3202 -61.4651 -75.4138 -62.7858 -38.6472 -32.6914 -74.2903 -54.0933
26.28 0 -29.8103 -42.7721 -50.9851 -67.6828 -56.5351 -28.4811 -29.9549 -67.1939 -44.3801
26.3 0 -13.1555 -28.9956 -43.7838 -56.2377 -47.0883 -21.6987 -33.4374 -51.6334 -37.6611
26.32 0 1.38625 -14.4676 -37.0261 -42.3938 -34.221 -20.7923 -37.2529 -31.9751 -32.6376
26.34 0 12.1513 -2.62577 -26.1025 -28.4811 -20.1579 -24.2572 -36.0633 -14.3302 -27.2689
26.36 0 14.5251 1.64845 -14.339 -18.9512 -13.0146 -31.5252 -32.648 -6.76298 -24.1407
26.38 0 13.1834 4.50488 -1.06151 -7.70961 -11.305 -34.8123 -24.915 -5.70021 -18.7013
26.4 0 9.38082 8.30007 10.44 5.29962 -13.9578 -33.243 -16.1523 -8.75837 -11.732
26.42 0 5.10182 13.3237 20.064 16.8072 -16.9304 -27.7045 -9.6243 -12.3626 -4.48098
26.44 0 0.475625 16.0858 26.3436 21.6533 -18.4673 -21.7993 -9.5569 -15.6619 -0.319604
26.46 0 -0.821407 17.9453 31.1123 19.4402 -12.3766 -15.217 -13.0182 -15.4751 2.42401
26.48 0 1.2044 19.5061 32.2554 12.8985 0.17508 -9.3062 -17.6345 -12.6575 3.77939
26.5 0 5.58664 21.8973 26.9776 9.16694 13.2027 -3.92582 -20.9659 -8.88188 4.02057
26.52 0 11.5736 24.3569 16.6314 11.7957 21.4275 1.62826 -20.9738 -6.05207 3.70719
26.54 0 19.0941 23.4544 8.00628 17.7332 23.0046 7.27201 -15.4458 -5.55571 3.28695
26.56 0 23.9299 15.1235 4.01927 18.7458 18.2483 9.1327 -7.57977 -9.6908 0.0667814
26.58 0 25.3127 6.3399 6.10639 15.6931 12.9611 9.80516 2.04446 -13.3996 -3.5459
26.6 0 18.6499 3.87943 8.43024 10.7212 8.2894 9.86118 9.46119 -13.8169 -7.97625
26.62 0 4.66166 8.18948 8.29128 5.89366 4.44833 9.98528 12.5238 -9.99872 -13.2696
26.64 0 -9.0947 12.1985 8.00927 1.36507 1.76207 9.92429 11.7832 -3.30407 -18.8383
26.66 0 -9.18061 15.9705 16.3978 3.85548 6.78246 15.5046 16.0368 10.2727 -17.2531
26.68 0 -1.76862 13.5407 24.7444 8.61409 12.1101 19.8165 20.7624 21.8283 -14.2403
26.7 0 8.28042 11.1694 28.2192 17.6726 16.9445 23.0782 27.0128 29.7546 -9.1269
26.72 0 15.5544 14.2649 25.3009 30.014 21.8824 25.743 34.796 32.647 -0.913966
26.74 0 18.7506 20.9086 21.2843 40.756 28.7266 28.6533 42.228 32.1424 9.82367
26.76 0 9.75221 15.3324 12.6028 35.4371 28.0116 22.9929 36.4429 21.1766 11.4598
26.78 0 1.25724 5.34085 11.1189 24.1747 28.6063 20.3795 26.0214 12.6994 12.6992
26.8 0 -6.61502 -5.47062 10.9959 12.418 27.3626 20.7506 12.2576 7.27799 12.6483
26.82 0 -13.9052 -12.7371 5.19433 5.59741 22.4917 21.7461 -0.948464 3.27533 11.2929
26.84 0 -19.5188 -16.2994 -7.00463 3.72587 15.3519 19.9235 -9.57237 -1.50763 9.11044
26.86 0 -18.2739 -16.904 -16.6397 5.05629 12.3021 16.3777 -8.88817 -4.78104 9.67748
26.88 0 -13.3588 -20.3101 -21.4999 1.78889 11.9544 8.63362 -4.06726 -8.8401 9.65623
26.9 0 -7.97637 -24.2118 -21.0163 -5.37347 11.3982 0.905836 0.516249 -11.4064 8.62657
26.92 0 -6.37509 -23.2262 -18.9898 -12.1732 5.65397 -2.20533 0.994431 -10.5411 6.22496
26.94 0 -9.2523 -15.9387 -18.6271 -15.9723 -5.4128 -1.07239 -2.38747 -6.57638 2.63113
26.96 0 -5.70044 -1.15493 -10.7862 -11.899 -10.5765 7.21419 0.309057 5.41264 5.2853
26.98 0 0.995791 8.47473 0.244138 -9.34472 -11.9914 11.432 5.71836 15.7576 8.33467
27 0 10.3477 13.5883 11.8976 -6.66098 -8.64465 10.0255 15.1228 23.0346 12.4399
27.02 0 18.8225 19.1742 19.014 -0.425195 -3.22847 6.26889 26.0099 28.5134 17.2502
27.04 0 15.6687 18.6698 11.9747 1.54288 -6.74034 -4.3738 26.382 25.5211 13.691
27.06 0 11.1197 16.7271 4.68414 3.9044 -10.1295 -11.4932 23.0104 23.4945 10.2922
27.08 0 7.21805 9.49286 2.37328 2.07313 -11.1911 -15.409 15.5657 22.5502 7.07262
27.1 0 3.27058 -0.535448 3.24181 -3.4055 -10.6858 -15.5288 4.68156 21.6426 4.31821
27.12 0 -2.78358 -7.28075 0.908047 -8.22129 -10.5766 -12.6486 -6.64979 18.1978 2.65464
27.14 0 -10.4338 -9.15476 -7.08241 -10.2544 -11.1517 -9.52144 -14.6837 9.96578 2.49751
27.16 0 -10.2311 -5.03459 -10.3926 -5.71524 -5.13294 -3.08833 -11.6392 3.15853 9.53157
27.18 0 -6.13186 -5.2998 -9.89795 -3.07444 1.84827 0.53854 -5.12282 -5.33555 16.7596
27.2 0 -0.286631 -8.09587 -6.01264 -1.45978 7.85092 3.76274 0.978309 -11.7177 22.9904
27.22 0 -2.10794 -13.1547 -8.07293 -3.58854 5.5121 3.42387 -1.59682 -18.7321 22.1784
27.24 0 -7.30807 -13.2503 -12.0842 -4.0015 0.76837 4.25286 -7.76714 -20.3972 19.4044
27.26 0 -12.9254 -12.1222 -15.0078 -5.49544 -3.38218 3.23414 -15.6831 -16.179 13.8323
27.28 0 -10.6778 -9.31724 -9.34365 -4.90586 -0.279991 2.17754 -16.1251 -4.36238 10.8614
27.3 0 -5.80685 -8.46421 -2.47249 -4.56915 3.30483 -3.17139 -11.3219 6.19502 7.25947
27.32 0 -1.34526 -5.23134 1.10628 -0.737935 3.54873 -8.85218 -2.19952 13.2605 4.35936
27.34 0 -3.16707 -3.95895 -3.47903 1.07216 -5.50754 -15.8461 2.99981 12.0248 -2.15647
27.36 0 -4.65454 -3.27868 -6.56117 0.546589 -15.6004 -18.0157 6.09375 8.68345 -7.30086
27.38 0 -4.67922 -5.35555 -5.39329 -6.25485 -22.5891 -16.3435 5.61225 4.22023 -11.2506
27.4 0 -4.34304 -7.83104 -3.50405 -17.1456 -25.0293 -12.9333 1.68024 -0.741889 -14.2319
27.42 0 -5.12614 -7.37955 -6.76737 -25.9729 -24.0356 -10.1729 -4.44348 -6.17947 -16.3749
27.44 0 -0.326208 1.25222 -9.92503 -23.3409 -15.4564 -2.92151 -4.76755 -6.12731 -11.5893
27.46 0 5.48985 7.0686 -14.0168 -16.8705 -6.64592 2.08624 -4.22519 -6.62526 -6.4172
27.48 0 12.7616 7.07578 -13.4091 -9.42336 1.79624 4.55436 -2.48847 -6.99322 -1.31956
27.5 0 19.1575 4.32712 -7.38091 -3.20032 8.80619 5.86169 -0.29529 -6.24235 3.19982
27.52 0 21.2316 3.74357 0.254524 3.89631 12.6651 7.67954 1.4908 -3.61722 6.79799
27.54 0 16.6075 8.70342 6.93217 12.284 13.5021 10.3057 2.87872 0.85482 9.42784
27.56 0 1.21802 9.98721 7.95537 13.2823 7.53365 6.1723 -1.52909 0.00535656 5.01063
27.58 0 -11.7581 7.86401 12.234 11.1179 3.41564 0.548686 -4.42757 -0.906123 0.326303
27.6 0 -18.2047 0.749919 17.675 7.43435 0.78413 -5.97339 -5.85324 -2.69517 -4.14915
27.62 0 -18.2028 -6.80986 19.1267 6.6634 -1.788 -10.8825 -6.38517 -4.64722 -7.73758
27.64 0 -15.4619 -10.7277 12.3326 9.45663 -5.35985 -13.456 -7.75991 -6.93638 -11.0577
27.66 0 -12.9537 -10.2621 -0.352603 11.9868 -7.68054 -14.013 -10.2373 -9.45349 -14.0951
27.68 0 -10.1873 -9.99065 -11.0196 8.37836 -6.4852 -13.7027 -13.2684 -12.3489 -16.8202
27.7 0 -6.21574 -12.7549 -14.1327 -3.61644 -2.70496 -12.843 -16.2034 -15.7951 -19.2276
27.72 0 2.32102 -9.44382 -8.34326 -11.6052 4.91746 -4.91377 -12.8 -13.951 -15.553
27.74 0 7.33542 -2.13526 -6.14115 -13.1624 6.35181 4.29214 -8.44802 -12.4568 -11.7689
27.76 0 9.4283 7.38797 -6.98787 -7.70096 2.87541 12.7357 -2.50331 -10.9788 -8.09011
27.78 0 11.4863 13.6251 -4.94437 -1.21894 0.0646661 17.2549 5.24492 -8.67103 -4.80405
27.8 0 15.4621 14.4789 2.46992 1.72494 1.84382 16.8399 13.5048 -4.3457 -2.20794
27.82 0 21.0901 15.4204 14.6226 4.65494 9.32603 15.7528 21.8298 4.96856 1.72497
27.84 0 22.9885 21.0634 22.8591 10.3285 16.2269 15.6823 26.2522 16.9918 5.31862
27.86 0 20.3031 31.4853 26.1528 20.5103 20.1665 18.7232 27.318 29.7915 9.32813
27.88 0 6.65441 29.1603 19.7537 20.5308 12.2738 12.8569 17.2539 29.3744 4.18132
27.9 0 -1.32115 17.5412 19.5325 16.6277 6.59064 6.4207 9.76872 23.9213 1.4308
27.92 0 -4.38759 0.491558 21.2133 10.7408 2.82397 -0.810674 5.30232 13.5062 0.850122
27.94 0 -7.92375 -11.5984 16.3148 7.62439 -1.57688 -6.9366 1.64799 0.730336 1.25816
27.96 0 -13.5506 -14.3478 1.47388 7.95211 -7.05081 -10.5189 -4.02171 -10.9395 1.10223
27.98 0 -9.38077 -5.33439 -6.35627 14.2753 -1.5096 -3.67378 -3.86828 -10.4552 8.21308
28 0 -1.92558 -1.08326 -6.73417 12.9873 8.80178 1.70553 -5.41159 -6.63849 13.5981
28.02 0 6.68893 -0.641369 0.0656682 6.14332 20.6243 6.18131 -6.76056 -0.890156 17.6669
28.04 0 11.747 2.69365 5.88236 2.49492 27.1234 11.7703 -6.10456 5.18903 20.9691
28.06 0 11.5259 11.4218 6.36433 6.91868 25.6309 18.4101 -1.96621 10.3689 23.8438
28.08 0 9.58908 19.3274 6.93313 15.3251 20.0947 23.4755 6.78572 14.083 26.2562
28.1 0 10.0218 19.7141 14.687 20.6838 16.3211 25.1414 18.8476 17.1264 28.0572
28.12 0 3.18282 5.85489 17.6982 12.6259 7.54512 15.0654 21.5468 12.095 19.7058
28.14 0 -4.24287 -4.37663 15.7149 5.16584 1.05873 5.28816 21.0641 9.76157 10.4355
28.16 0 -12.477 -7.30725 4.06869 1.23612 -5.37549 -1.98377 16.0709 10.0098 0.727265
28.18 0 -17.8099 -8.73311 -11.2315 -2.51155 -11.0634 -7.12698 7.82551 10.9026 -8.45756
28.2 0 -17.0845 -15.7748 -21.3884 -11.0072 -14.4312 -11.8474 -1.04113 9.83801 -16.1315
28.22 0 -1.87383 -15.7944 -15.0733 -12.6206 -5.3398 -5.74842 2.56024 15.7835 -10.573
28.24 0 9.28573 -11.274 -9.96353 -12.9129 1.86081 1.42543 8.16645 16.7474 -2.49639
28.26 0 12.3214 1.2893 -8.72604 -8.84104 5.04273 10.5461 14.831 14.2059 7.35008
28.28 0 10.4931 15.1188 -5.94204 -2.98648 5.99991 20.6299 20.9885 11.2993 17.5369
28.3 0 9.91623 20.9489 4.58949 1.43646 7.93664 29.3992 25.4899 11.0363 26.664
28.32 0 4.0981 10.2379 11.7093 -2.58247 4.60165 25.6916 19.9364 6.4787 25.56
28.34 0 -0.696354 -0.504964 14.0921 -1.81364 3.7731 17.3839 13.3185 5.93614 22.6023
28.36 0 -6.44272 -5.15923 6.49219 5.25108 3.77962 6.20132 6.24443 8.2315 18.0817
28.38 0 -11.5179 -6.64522 -5.10895 12.8779 4.51313 -5.37552 -0.925285 11.3722 12.9328
28.4 0 -10.8789 -8.95845 -8.51516 16.1575 8.26371 -12.534 -5.03311 15.2454 10.5737
28.42 0 -7.79271 -14.3724 -3.92815 11.5809 10.3983 -15.3295 -7.80816 15.6257 9.37625
28.44 0 -6.0569 -16.1708 1.45092 4.82047 7.50979 -12.4836 -8.69827 11.7184 9.46697
28.46 0 -7.64114 -9.93107 0.929327 0.908014 -0.778557 -5.37963 -7.45384 4.33176 10.4292
28.48 0 -10.5944 -1.24474 -4.36569 -3.12491 -10.7588 0.47474 -5.27104 -5.49957 10.169
28.5 0 -8.56568 2.16759 -6.83749 -10.13 -15.7868 2.29348 -2.17098 -13.6126 8.67572
28.52 0 3.30975 3.23905 -1.32124 -14.757 -10.5599 4.20671 4.10162 -12.681 9.61926
28.54 0 14.675 4.26442 1.62405 -15.8635 -3.81785 4.13778 6.98029 -6.21024 8.26022
28.56 0 20.2778 10.522 -1.30999 -10.1001 0.488212 4.63019 6.50583 4.29608 5.42496
28.58 0 14.183 12.0704 -11.1991 -7.16175 -3.68846 -0.850426 -1.04496 8.77789 -3.66308
28.6 0 6.82381 7.47271 -12.9485 -6.87838 -7.51481 -7.24573 -6.1661 9.81544 -11.1663
28.62 0 -0.048971 -4.2025 -6.06599 -10.2654 -10.4747 -14.4624 -7.79885 5.7475 -16.4526
28.64 0 -8.17165 -14.4982 -0.2251 -12.4746 -14.7039 -20.4396 -7.61226 -2.52641 -19.7456
28.66 0 -17.8726 -17.5521 -3.05647 -10.2936 -21.1576 -23.435 -8.4951 -12.6121 -21.7756
28.68 0 -16.5057 -7.25429 -2.81506 1.83016 -17.8039 -14.8643 -3.24365 -12.8708 -14.2814
28.7 0 -9.52277 -0.112432 -0.669507 8.21189 -9.51287 -6.03257 -1.1343 -10.8904 -7.19886
28.72 0 2.3083 2.23159 6.20564 7.47675 4.07933 1.89446 -1.01173 -6.52262 -0.838074
28.74 0 13.4161 5.91693 12.3024 5.9866 17.9627 9.68577 -1.25272 -0.713214 4.8935
28.76 0 19.2084 15.6405 12.9062 10.4445 27.0347 17.8974 -0.0662507 5.15566 10.3217
28.78 0 20.5797 27.0629 12.2519 19.964 30.8302 25.789 4.08991 9.93038 15.724
28.8 0 13.21 23.3471 10.1606 20.2064 24.0842 23.266 3.50319 4.76396 12.6458
28.82 0 7.59948 12.2777 15.9745 17.2603 17.8159 17.9257 6.15966 -1.2368 9.49811
28.84 0 1.68261 2.05606 21.0032 14.246 11.9566 11.3312 9.24412 -5.95211 5.67021
28.86 0 -5.74401 -1.28615 17.5391 14.0776 6.21348 5.35958 9.635 -7.34018 0.715567
28.88 0 -12.105 0.0380168 7.73855 14.5522 1.484 0.72401 6.08743 -5.13306 -5.24745
28.9 0 -13.269 -1.29065 -0.623532 10.633 -0.121438 -3.20692 -0.215428 -1.08098 -11.5245
28.92 0 -8.78504 -7.97638 -3.88414 0.904297 0.935356 -6.68282 -6.68369 2.00953 -17.2029
28.94 0 0.0761458 -11.2172 -3.14474 -5.82945 3.98746 -5.62505 -7.61537 5.29395 -18.1532
28.96 0 4.52204 -8.48642 -6.96646 -7.65246 2.17697 -3.01235 -5.34802 4.26823 -17.4868
28.98 0 4.06292 -1.32537 -13.0121 -5.85394 -3.20533 0.209539 -0.0921585 -1.07388 -14.9443
29 0 2.4462 3.24074 -14.0978 -6.19205 -7.71366 2.62561 5.80805 -7.93095 -11.4379
29.02 0 -0.180469 -1.02021 -10.2526 -13.6318 -11.3785 1.17429 6.64297 -15.4125 -10.7879
29.04 0 -2.18189 -7.42024 -4.89378 -21.057 -13.0633 -0.774954 2.79179 -18.3469 -11.3199
29.06 0 -5.70014 -9.97147 -5.81027 -22.6395 -15.2288 -3.09825 -5.4628 -16.6093 -13.1887
29.08 0 -10.0712 -8.66894 -13.4414 -18.3169 -17.5936 -7.40874 -14.9155 -12.7138 -15.7195
29.1 0 -11.9919 -9.50236 -20.4643 -15.0881 -17.7894 -14.1715 -21.9182 -10.0559 -17.9045
29.12 0 -5.00324 -10.8109 -17.0127 -10.4495 -10.9202 -18.2041 -19.6964 -5.78169 -13.946
29.14 0 1.96682 -13.2444 -10.4937 -7.68229 -4.91548 -21.81 -14.6092 -4.91495 -8.89034
29.16 0 3.65425 -9.74014 -5.75985 -3.32588 -3.22509 -21.3096 -9.7159 -5.65245 -3.29734
29.18 0 14.9896 15.2423 12.2883 17.7339 9.60819 -0.231882 8.12722 9.33823 17.4555
29.2 0 -4.04688 9.85216 4.31161 7.43641 -6.77468 -5.33641 -5.18003 -3.34263 8.56919
29.22 0 -7.06838 8.12714 12.0334 2.74993 -8.47807 -0.904658 -7.83685 -4.19319 9.60917
29.24 0 -4.31533 2.7925 18.182 -2.64802 -6.34575 -0.131459 -8.68053 -4.47279 9.85942
29.26 0 0.208655 1.59986 13.9015 -2.44838 -2.95116 -2.5886 -7.40069 -4.20777 9.20388
29.28 0 3.97605 5.35688 0.772091 3.18696 -0.202402 -6.05112 -5.16497 -3.06039 7.59853
29.3 0 7.51337 7.13954 -9.47592 7.15016 2.16846 -8.24852 -3.43754 -0.86266 5.2147
29.32 0 10.9204 2.68991 -8.9644 4.33331 4.26258 -7.63221 -2.91554 1.92667 2.44116
29.34 0 10.8135 -2.58274 -1.69966 -2.42422 4.22252 -3.75431 -3.02995 4.19978 -0.168391
29.36 0 4.5121 -2.34942 3.50054 -6.54114 0.49571 2.02562 -2.20995 4.73057 -2.09885
29.38 0 -5.0958 2.99489 2.72832 -5.49353 -5.10478 6.65657 0.978847 2.99347 -3.15208
29.4 0 -11.308 6.08806 0.203851 -2.78646 -8.20389 7.44175 6.36514 -0.189306 -3.56707
29.42 0 -9.84606 1.46317 0.51151 -2.17638 -6.26372 4.54231 11.5991 -2.80605 -3.90245
29.44 0 -3.17386 -7.35387 1.52866 -2.63118 -1.22217 1.10383 13.4146 -2.84234 -4.7031
29.46 0 2.12859 -11.9611 -1.99165 -0.857428 3.01844 0.48078 10.1096 0.243516 -6.05991
29.48 0 2.11585 -9.18453 -9.67996 2.71469 5.11913 3.00537 3.26707 4.80494 -7.37875
29.5 0 -1.49792 -4.0137 -14.4901 3.56317 6.84227 5.9209 -2.90485 7.7681 -7.8012
29.52 0 -4.72192 -2.94097 -10.7206 -0.721535 9.1749 6.68826 -4.68102 6.5162 -6.56321
29.54 0 -5.94969 -6.02634 -1.72917 -5.85558 9.59638 5.5981 -1.70064 1.11065 -3.80701
29.56 0 -6.50833 -7.52657 3.57667 -5.18948 5.08167 4.72108 3.21794 -5.73829 -0.534168
29.58 0 -7.08771 -4.56882 1.75972 1.60447 -2.76645 4.83896 6.48732 -10.4433 1.99116
29.6 0 -6.03323 -0.822262 -1.70946 7.31459 -7.81883 4.29905 6.15525 -10.6307 2.91
29.62 0 -2.08511 -0.42693 -0.687427 5.70132 -5.66929 1.45271 2.41777 -6.22167 2.14592
29.64 0 2.8468 -1.56848 3.26447 -1.00243 1.35522 -2.94214 -3.02948 0.724067 0.395026
29.66 0 5.47383 0.695888 3.7903 -4.98407 6.3728 -6.34369 -7.92597 6.97452 -1.19962
29.68 0 5.28814 6.57948 -0.566288 -2.39709 5.07369 -7.29197 -10.1038 9.61475 -1.60479
29.7 0 5.06981 10.3378 -3.67686 2.5716 -0.72457 -6.70955 -8.23621 7.37981 -0.381003
29.72 0 6.67589 7.68677 0.158825 3.85433 -6.22408 -6.28317 -3.12152 1.4665 2.00033
29.74 0 7.97113 2.31372 8.18799 0.892466 -8.93201 -6.13359 2.20199 -4.97272 4.44773
29.76 0 5.56943 1.70254 12.4107 -2.06661 -9.59712 -5.00904 4.27033 -8.5725 5.84986
29.78 0 0.0665808 7.36632 9.00207 -2.24494 -8.81429 -2.64101 1.70675 -7.73557 5.62865
29.8 0 -3.3158 11.9985 2.57433 -1.2717 -5.76107 -0.541036 -3.76005 -3.39696 3.9677
29.82 0 -0.564331 8.32562 -0.362341 -1.56747 -0.294826 -0.464519 -8.5578 1.59323 1.75497
29.84 0 5.68678 -1.1472 -0.111813 -1.99683 5.19337 -2.38636 -9.87218 4.4014 -0.0516621
29.86 0 8.60203 -7.30853 -1.81202 0.515548 7.26196 -4.4065 -7.26297 3.8271 -0.949657
29.88 0 4.59342 -5.85037 -6.39389 5.34483 5.0374 -4.57209 -2.40065 0.675973 -1.05067
29.9 0 -3.36799 -1.72299 -8.06661 7.33481 1.21781 -2.41294 2.21815 -3.02405 -0.91057
29.92 0 -9.57684 -1.7324 -2.42861 3.0141 -1.11168 1.2714 4.70442 -5.27252 -1.14088
29.94 0 -11.5054 -5.6172 6.00577 -4.16553 -1.65258 5.33839 4.6344 -5.13837 -2.04374
29.96 0 -10.4866 -7.47899 7.81923 -7.26888 -1.91162 8.45033 3.09276 -3.07566 -3.49926
29.98 0 -7.86191 -4.71593 -0.0370997 -4.07527 -1.96133 8.94806 1.95565 -0.401768 -5.07983
30 0 -3.33355 -1.62023 -10.2602 0.479159 0.060767 5.85482 2.50597 1.65802 -6.32443
30.02 0 2.85927 -3.01487 -13.9065 0.749755 4.47416 0.665774 4.22697 2.69481 -6.99296
30.04 0 7.73943 -6.95464 -10.3959 -2.76829 7.83882 -2.85003 5.19722 3.05609 -7.02561
30.06 0 6.98134 -7.0817 -5.41138 -5.14012 5.98386 -1.76717 4.06592 3.02495 -6.37151
30.08 0 0.342094 -1.36905 -2.7611 -3.89499 -0.893952 2.84287 1.56856 2.35501 -5.03389
30.1 0 -6.80947 4.5801 -0.328794 -1.85852 -7.59007 6.4251 -0.0526678 0.529679 -3.07117
30.12 0 -8.73867 4.69386 4.59427 -2.26084 -9.11772 5.18245 0.568637 -2.26721 -0.761372
30.14 0 -4.85286 0.169156 9.06219 -3.51752 -5.66156 -0.359095 2.2089 -4.69982 1.3391
30.16 0 0.7663 -2.43594 7.3268 -1.40681 -1.44797 -6.12914 2.03023 -5.06455 2.671
30.18 0 4.44482 0.0392738 -0.621627 4.28859 0.601737 -8.66638 -1.63141 -2.77815 3.07568
30.2 0 5.99467 3.63783 -7.02797 8.19324 1.35216 -7.91608 -7.52615 0.84445 2.92187
30.22 0 6.61968 3.57938 -5.0739 5.72163 2.706 -6.05536 -12.4022 3.33995 2.88973
30.24 0 5.80213 1.18591 2.96753 -0.847967 3.87244 -4.53678 -13.5232 2.79957 3.49699
30.26 0 2.31825 1.61936 8.45996 -4.44248 2.06732 -3.40871 -10.3142 -0.876369 4.67718
30.28 0 -2.39343 5.7717 7.20813 -1.80235 -3.25056 -2.38162 -4.51918 -5.82528 5.78347
30.3 0 -4.2376 8.18236 3.4768 3.02377 -8.46361 -1.84079 0.993485 -9.22869 5.95065
30.32 0 -1.00747 4.47093 2.88778 4.12631 -9.26659 -2.26231 3.73901 -8.84713 4.52039
30.34 0 4.28376 -1.91798 4.48946 0.800904 -5.13991 -3.13032 2.75534 -4.35619 1.54735
30.36 0 6.33595 -3.55914 2.7077 -2.53098 0.434158 -3.19692 -0.861246 2.34501 -2.1274
30.38 0 3.59407 1.06848 -3.7493 -2.75416 3.87873 -1.97083 -4.34741 7.98723 -5.26773
30.4 0 -0.251856 5.14066 -8.92842 -1.56072 4.45096 -0.259877 -4.82735 9.73823 -6.88444
30.42 0 -1.26945 2.16691 -7.12162 -1.83182 3.21281 1.02153 -1.26196 6.78476 -6.68785
30.44 0 -0.265766 -5.48379 -0.654303 -2.96621 0.723421 2.0639 4.67596 0.6892 -5.12369
30.46 0 -1.2462 -9.53678 2.86374 -2.11001 -2.71254 3.6888 9.64491 -5.29071 -3.26698
30.48 0 -5.55989 -6.33598 0.18394 0.748025 -5.23043 5.83038 10.948 -8.1589 -2.16944
30.5 0 -9.58571 -1.12996 -4.07564 1.80052 -3.93232 7.19934 8.01823 -6.7965 -2.26455
30.52 0 -8.93846 -0.869887 -4.43027 -1.26962 1.76247 6.64673 2.54617 -2.32866 -3.25432
30.54 0 -3.82374 -5.27987 -2.12516 -5.10156 8.21189 4.58402 -2.7178 2.62388 -4.31184
30.56 0 1.24925 -7.99975 -2.74918 -4.15478 10.4999 2.36508 -5.44284 5.41722 -4.57879
30.58 0 2.73518 -5.51329 -7.20915 1.94756 7.29573 0.677255 -4.60574 4.71293 -3.61729
30.6 0 1.28988 -1.31713 -9.29421 7.10415 1.95746 -0.834214 -0.929592 1.11886 -1.62912
30.62 0 -0.500545 -0.162225 -3.61163 5.72075 -1.61368 -2.269 3.18419 -3.15328 0.636431
30.64 0 -1.75118 -1.12488 6.49678 -0.467073 -3.07917 -2.6259 4.88068 -5.55446 2.31837
30.66 0 -3.07005 0.616211 12.095 -4.66341 -4.61728 -1.10872 2.84481 -4.76954 2.95057
30.68 0 -3.62721 6.00945 9.08029 -3.32617 -6.68241 0.969894 -1.57165 -1.53488 2.66937
30.7 0 -0.795307 9.91414 2.27301 0.385193 -6.71154 0.754097 -5.28987 2.01683 2.08014
30.72 0 6.07337 7.7519 -1.24294 1.57311 -2.82609 -3.10201 -6.09429 3.93307 1.79241
30.74 0 13.0292 2.14094 -0.51172 0.0522496 2.56159 -8.28435 -4.38824 3.69984 2.04938
30.76 0 14.4199 0.0935351 0.158981 -0.426094 4.61829 -10.5646 -2.43221 2.16579 2.70033
30.78 0 8.66444 3.83372 -0.941582 1.64424 1.32753 -7.75371 -2.02462 0.44145 3.41514
30.8 0 0.205626 7.93066 -0.143219 3.09694 -4.11459 -1.9052 -2.86972 -0.98635 3.93875
30.82 0 -5.1764 6.45069 5.36052 0.860192 -6.79391 2.73603 -3.25213 -2.20113 4.15452
30.84 0 -5.87767 0.646287 11.3003 -2.88941 -5.16918 3.61396 -2.04232 -3.18153 3.93758
30.86 0 -4.36206 -3.06784 10.0999 -2.92686 -1.5682 1.47614 0.176678 -3.42335 3.13906
30.88 0 -2.70025 -2.04202 0.651344 1.96484 1.47767 -1.18239 1.82652 -2.29548 1.69941
30.9 0 -0.535884 -0.611753 -9.11851 6.69832 3.84617 -2.4333 1.81957 0.215157 -0.216322
30.92 0 2.42389 -3.29487 -11.0942 5.90355 6.25873 -1.63675 0.425413 3.18446 -2.16757
30.94 0 3.81654 -7.83089 -5.87376 0.312162 7.76583 1.03774 -0.978991 5.14871 -3.58983
30.96 0 0.709207 -7.96062 -0.883231 -4.41939 6.29275 4.78873 -0.811571 4.90981 -4.09083
30.98 0 -5.83025 -2.35684 -0.681767 -4.64859 1.71987 8.03752 1.78195 2.29371 -3.65005
31 0 -10.3334 2.64522 -2.33368 -2.38991 -2.94822 8.99276 6.22882 -1.51596 -2.66681
31.02 0 -8.50586 0.95264 -1.15206 -1.50096 -4.51526 7.12174 10.4192 -4.35085 -1.84993
31.04 0 -1.9901 -5.16806 1.65349 -2.19563 -2.76679 3.86593 11.7091 -4.22129 -1.78145
31.06 0 3.34739 -7.72449 0.832694 -1.69315 -0.00182744 1.48765 8.6909 -0.643574 -2.51444
31.08 0 3.90988 -3.26425 -4.58396 0.738714 2.07374 0.785658 2.64223 4.68551 -3.47009
31.1 0 1.66163 2.85594 -8.56427 2.01996 3.74254 0.618422 -3.09368 8.71975 -3.71075
31.12 0 0.394436 4.05027 -5.49188 -0.0684615 5.18568 -0.248773 -5.48482 8.96173 -2.51014
31.14 0 0.998946 0.506115 2.28051 -2.84957 4.68967 -1.49107 -3.92277 5.03331 0.134468
31.16 0 1.10743 -1.76251 7.305 -1.68999 0.587464 -1.84413 -0.327939 -1.1062 3.44723
31.18 0 -0.613416 0.700835 6.17889 3.53997 -5.36492 -1.06577 2.48484 -6.37616 6.30522
