0 0 0 0 0 0 0 0 0 0 0
0.02 0 -0.000165293 -0.000167938 -0.00016719 -0.000167296 -0.000167279 -0.000167282 -0.000167282 -0.000167282 -0.000167282
0.04 0 -0.00102317 -0.00108364 -0.00106867 -0.00107003 -0.00106991 -0.00106994 -0.00106993 -0.00106993 -0.00106994
0.06 0 -0.00227091 -0.00259489 -0.00253642 -0.00253394 -0.00253535 -0.00253519 -0.00253521 -0.00253517 -0.00253524
0.08 0 -0.0035257 -0.00441098 -0.00434458 -0.00430371 -0.00431147 -0.00431127 -0.00431121 -0.00431111 -0.00431133
0.1 0 -0.00508678 -0.00676016 -0.00686875 -0.0067385 -0.00674552 -0.0067496 -0.00674874 -0.00674856 -0.0067491
0.12 0 -0.0074145 -0.0100329 -0.0105812 -0.0103814 -0.0103417 -0.0103591 -0.0103574 -0.0103568 -0.010358
0.14 0 -0.0106702 -0.0144967 -0.0156859 -0.0155816 -0.015422 -0.0154486 -0.0154519 -0.0154495 -0.0154518
0.16 0 -0.0141908 -0.0196825 -0.0216445 -0.0218913 -0.0215903 -0.0215796 -0.0216012 -0.0215964 -0.0216001
0.18 0 -0.0172127 -0.0248059 -0.0277916 -0.0285978 -0.028264 -0.028129 -0.0281753 -0.0281735 -0.0281771
0.2 0 -0.0194216 -0.0292123 -0.0337082 -0.0352174 -0.035061 -0.0347389 -0.0347788 -0.0347958 -0.0347971
0.22 0 -0.0215413 -0.0332413 -0.0397668 -0.0422348 -0.0424485 -0.0419834 -0.041935 -0.0419876 -0.0419884
0.24 0 -0.0244204 -0.0377204 -0.0464501 -0.0503916 -0.0511076 -0.0506588 -0.0504276 -0.0505055 -0.0505197
0.26 0 -0.0283674 -0.0433422 -0.054006 -0.0600231 -0.0614568 -0.0612115 -0.0607636 -0.0608038 -0.0608594
0.28 0 -0.0324253 -0.0495436 -0.0618022 -0.0701704 -0.072798 -0.072905 -0.0723072 -0.0722038 -0.072327
0.3 0 -0.0357488 -0.0554299 -0.069366 -0.0798375 -0.0843156 -0.0849673 -0.0843473 -0.0840065 -0.0841909
0.32 0 -0.0385653 -0.0608126 -0.0769491 -0.0890991 -0.0958797 -0.0974844 -0.0969672 -0.0963672 -0.0965492
0.34 0 -0.0408832 -0.0654047 -0.0841973 -0.0980133 -0.107027 -0.110225 -0.10996 -0.109164 -0.109226
0.36 0 -0.0426989 -0.0691688 -0.0906138 -0.106651 -0.117483 -0.122859 -0.123158 -0.122277 -0.122082
0.38 0 -0.0446178 -0.0727386 -0.0965121 -0.115413 -0.127873 -0.135581 -0.137016 -0.136194 -0.135623
0.4 0 -0.0473226 -0.0768621 -0.102667 -0.124602 -0.139094 -0.148804 -0.152076 -0.151557 -0.150533
0.42 0 -0.0513027 -0.0823014 -0.109956 -0.13458 -0.151841 -0.163163 -0.16877 -0.168996 -0.167505
0.44 0 -0.0561908 -0.0891872 -0.118502 -0.145357 -0.165825 -0.178842 -0.186827 -0.188432 -0.18659
0.46 0 -0.0591763 -0.0949602 -0.125847 -0.154653 -0.178126 -0.193496 -0.203566 -0.207179 -0.205336
0.48 0 -0.0583049 -0.0969377 -0.129824 -0.16042 -0.186295 -0.204793 -0.216753 -0.222729 -0.22155
0.5 0 -0.0557445 -0.0958906 -0.131654 -0.163999 -0.191743 -0.213653 -0.22778 -0.236092 -0.236511
0.52 0 -0.054044 -0.0938257 -0.132768 -0.167239 -0.196637 -0.22154 -0.238528 -0.248988 -0.251995
0.54 0 -0.0539555 -0.0924603 -0.133432 -0.170849 -0.202044 -0.229108 -0.249593 -0.262293 -0.268644
0.56 0 -0.0564036 -0.0941582 -0.135142 -0.17599 -0.209504 -0.23801 -0.262073 -0.27768 -0.287718
0.58 0 -0.0624397 -0.100808 -0.140477 -0.183971 -0.220566 -0.25034 -0.277391 -0.297031 -0.310743
0.6 0 -0.0723193 -0.112964 -0.151568 -0.195732 -0.235847 -0.267419 -0.296596 -0.321314 -0.338603
0.62 0 -0.0835457 -0.128427 -0.167325 -0.210255 -0.253286 -0.287648 -0.318514 -0.348642 -0.369617
0.64 0 -0.0935963 -0.144682 -0.185491 -0.226638 -0.270809 -0.308772 -0.341852 -0.376744 -0.401804
0.66 0 -0.102084 -0.160487 -0.204804 -0.245175 -0.288369 -0.329834 -0.366559 -0.404976 -0.434565
0.68 0 -0.109527 -0.174941 -0.224368 -0.265817 -0.306804 -0.350501 -0.392433 -0.433415 -0.46759
0.7 0 -0.116079 -0.187214 -0.24301 -0.287514 -0.326638 -0.370644 -0.418371 -0.462044 -0.500163
0.72 0 -0.120226 -0.19578 -0.258251 -0.307602 -0.34656 -0.389324 -0.441758 -0.489426 -0.530259
0.74 0 -0.120098 -0.199057 -0.267505 -0.323113 -0.364242 -0.405389 -0.46006 -0.513338 -0.555646
0.76 0 -0.114656 -0.195572 -0.268989 -0.331588 -0.3772 -0.417651 -0.471899 -0.531332 -0.5746
0.78 0 -0.104093 -0.18433 -0.261949 -0.331522 -0.383422 -0.424962 -0.477269 -0.54133 -0.586151
0.8 0 -0.0877725 -0.163707 -0.244619 -0.320761 -0.37993 -0.424666 -0.475244 -0.540517 -0.588246
0.82 0 -0.0679318 -0.135746 -0.21811 -0.300392 -0.366968 -0.416921 -0.467262 -0.529839 -0.581601
0.84 0 -0.046999 -0.103685 -0.184406 -0.272121 -0.345807 -0.402605 -0.454443 -0.511792 -0.56736
0.86 0 -0.0258061 -0.0697351 -0.145039 -0.236375 -0.317049 -0.381637 -0.436122 -0.488308 -0.545524
0.88 0 -0.00468094 -0.0353303 -0.101855 -0.193382 -0.281171 -0.353669 -0.411268 -0.46081 -0.515992
0.9 0 0.0160209 -0.00124767 -0.0567527 -0.144073 -0.238454 -0.318328 -0.379379 -0.429845 -0.479044
0.92 0 0.0363207 0.032498 -0.0107167 -0.0899165 -0.188509 -0.274859 -0.340286 -0.394463 -0.43501
0.94 0 0.0577553 0.067535 0.0373806 -0.0313045 -0.129547 -0.221126 -0.292718 -0.351432 -0.383013
0.96 0 0.0820611 0.106044 0.0892832 0.0321992 -0.0600448 -0.154881 -0.234789 -0.297044 -0.321821
0.98 0 0.110638 0.150301 0.146671 0.102029 0.0206984 -0.0744175 -0.163867 -0.228167 -0.249977
1 0 0.143925 0.201636 0.21068 0.179746 0.112229 0.0205431 -0.0772549 -0.143207 -0.166353
1.02 0 0.179659 0.25817 0.280288 0.264359 0.211541 0.127086 0.0252059 -0.0438568 -0.072171
1.04 0 0.215209 0.317039 0.3542 0.353867 0.315462 0.241646 0.142193 0.0674511 0.0308829
1.06 0 0.248777 0.376062 0.431286 0.446394 0.421812 0.361586 0.271258 0.189036 0.141609
1.08 0 0.28042 0.435022 0.511144 0.541476 0.530349 0.486319 0.409908 0.32094 0.2603
1.1 0 0.310403 0.49387 0.592743 0.638609 0.641179 0.61538 0.554891 0.462868 0.387279
1.12 0 0.337313 0.550442 0.67318 0.735411 0.75283 0.746089 0.701443 0.611808 0.521142
1.14 0 0.359543 0.601638 0.749377 0.829201 0.86331 0.874847 0.845333 0.76329 0.660149
1.16 0 0.375741 0.644139 0.818361 0.917756 0.97012 0.99798 0.983229 0.912283 0.802524
1.18 0 0.384568 0.674806 0.877029 0.999216 1.0701 1.11217 1.11213 1.05388 0.946162
1.2 0 0.384511 0.690952 0.922242 1.0715 1.15982 1.21458 1.22889 1.18396 1.08835
1.22 0 0.374059 0.690354 0.951065 1.13166 1.23622 1.30261 1.33004 1.29951 1.22562
1.24 0 0.35363 0.673039 0.962433 1.17738 1.29845 1.37524 1.41379 1.40016 1.35539
1.26 0 0.330023 0.646359 0.961549 1.21223 1.35217 1.43756 1.48512 1.49225 1.48091
1.28 0 0.311035 0.620152 0.955272 1.24154 1.40418 1.49628 1.55149 1.58358 1.60691
1.3 0 0.30324 0.604224 0.951051 1.271 1.46037 1.55828 1.6212 1.68131 1.7382
1.32 0 0.311652 0.607346 0.957635 1.30658 1.52581 1.63074 1.70293 1.79197 1.87993
1.34 0 0.339737 0.636709 0.984896 1.35464 1.60509 1.72107 1.80521 1.92169 2.03762
1.36 0 0.387554 0.695545 1.04033 1.42019 1.70049 1.83441 1.93365 2.07437 2.21485
1.38 0 0.446917 0.776849 1.12121 1.50085 1.80606 1.96668 2.08429 2.24541 2.40669
1.4 0 0.511323 0.872475 1.22164 1.59422 1.91608 2.1119 2.25154 2.42944 2.60732
1.42 0 0.579947 0.97964 1.33919 1.70221 2.03173 2.26756 2.43409 2.62599 2.81566
1.44 0 0.653629 1.097 1.47203 1.82668 2.1575 2.43179 2.63155 2.83597 3.03199
1.46 0 0.733184 1.22367 1.61792 1.96842 2.29822 2.60327 2.84274 3.06025 3.25662
1.48 0 0.818687 1.35899 1.77451 2.12713 2.45701 2.78202 3.06527 3.29906 3.48965
1.5 0 0.910007 1.50236 1.94068 2.3022 2.63478 2.97009 3.29639 3.55185 3.7317
1.52 0 1.00728 1.65322 2.11707 2.49361 2.83096 3.17113 3.53446 3.81731 3.9844
1.54 0 1.11109 1.81199 2.30586 2.70219 3.04523 3.38916 3.7803 4.09374 4.25061
1.56 0 1.22224 1.98036 2.5099 2.92892 3.27846 3.62742 4.03689 4.37952 4.53382
1.58 0 1.33364 2.15293 2.72352 3.16686 3.52484 3.88003 4.30022 4.66592 4.82923
1.6 0 1.4364 2.32233 2.93796 3.40719 3.77686 4.13835 4.56365 4.94359 5.12891
1.62 0 1.52237 2.48086 3.14408 3.64164 4.02662 4.39394 4.8194 5.20539 5.42384
1.64 0 1.58468 2.61994 3.3329 3.86231 4.2658 4.63856 5.05849 5.44632 5.70407
1.66 0 1.61886 2.72938 3.49587 4.06136 4.48581 4.86349 5.27209 5.66177 5.95961
1.68 0 1.623 2.79756 3.6247 4.23093 4.67793 5.05915 5.45256 5.8463 6.18093
1.7 0 1.5988 2.81473 3.7126 4.36518 4.83507 5.21734 5.59542 5.99543 6.36074
1.72 0 1.55389 2.78238 3.75806 4.46574 4.95688 5.33733 5.70396 6.11097 6.49925
1.74 0 1.49387 2.71132 3.7591 4.53587 5.04465 5.42125 5.78305 6.19606 6.59888
1.76 0 1.42254 2.61535 3.71433 4.57745 5.09999 5.47241 5.83645 6.25362 6.66227
1.78 0 1.34484 2.50335 3.629 4.58927 5.12525 5.49514 5.86674 6.28648 6.69225
1.8 0 1.26449 2.37858 3.51448 4.56662 5.12219 5.49342 5.87479 6.2962 6.6911
1.82 0 1.17967 2.24053 3.37984 4.50163 5.08891 5.46774 5.85785 6.28008 6.65817
1.84 0 1.08778 2.09127 3.23116 4.38983 5.02394 5.41867 5.81437 6.23548 6.594
1.86 0 0.992444 1.9405 3.07511 4.23744 4.9313 5.35183 5.74962 6.16573 6.50544
1.88 0 0.899782 1.79929 2.91442 4.05907 4.81493 5.27322 5.67074 6.07632 6.40078
1.9 0 0.817215 1.67529 2.75079 3.87296 4.67846 5.18759 5.58474 5.97394 6.28784
1.92 0 0.753219 1.57064 2.59179 3.69392 4.5275 5.09914 5.49789 5.86681 6.17385
1.94 0 0.71585 1.48481 2.45033 3.53012 4.37249 5.01101 5.41566 5.76427 6.0656
1.96 0 0.7098 1.42086 2.338 3.38683 4.22743 4.92569 5.3429 5.67599 5.96976
1.98 0 0.733695 1.3886 2.26127 3.27061 4.10638 4.84667 5.2842 5.61092 5.89328
2 0 0.781543 1.40133 2.22355 3.19061 4.02065 4.77958 5.24454 5.57635 5.84368
2.02 0 0.848464 1.4685 2.23034 3.15681 3.97789 4.7331 5.2293 5.57763 5.82911
2.04 0 0.936195 1.58822 2.29324 3.1775 3.98295 4.71947 5.24406 5.61843 5.85813
2.06 0 1.0485 1.74845 2.42302 3.25677 4.03674 4.74906 5.29241 5.69885 5.93622
2.08 0 1.17759 1.93021 2.61211 3.38837 4.12979 4.819 5.36833 5.80784 6.0568
2.1 0 1.31126 2.12238 2.83866 3.56484 4.25237 4.92042 5.46479 5.93205 6.2093
2.12 0 1.43814 2.31984 3.07621 3.7771 4.39799 5.04212 5.57525 6.0601 6.38178
2.14 0 1.54956 2.51495 3.30495 4.0094 4.56248 5.17229 5.6917 6.1836 6.56088
2.16 0 1.63942 2.69443 3.51557 4.23947 4.74125 5.30078 5.80358 6.29695 6.7325
2.18 0 1.70317 2.84268 3.70233 4.4461 4.92488 5.42002 5.89904 6.3949 6.88301
2.2 0 1.73631 2.94628 3.85566 4.61579 5.09633 5.52428 5.96752 6.47022 6.99997
2.22 0 1.73409 2.99448 3.96153 4.74208 5.2336 5.60683 6.00155 6.51331 7.07178
2.24 0 1.69573 2.98168 4.0088 4.82229 5.32017 5.6607 6.00024 6.51624 7.09107
2.26 0 1.63398 2.91877 4.00176 4.86228 5.35961 5.68851 5.97727 6.48432 7.06441
2.28 0 1.56344 2.82374 3.95021 4.86643 5.36507 5.6942 5.94819 6.4276 7.00188
2.3 0 1.49581 2.71628 3.86576 4.83805 5.35059 5.68334 5.92417 6.35836 6.91353
2.32 0 1.43945 2.61466 3.76336 4.78272 5.32634 5.66617 5.9107 6.29092 6.80973
2.34 0 1.40082 2.53386 3.66074 4.7096 5.2984 5.65655 5.90956 6.23966 6.7018
2.36 0 1.38601 2.48473 3.57656 4.63121 5.27235 5.66696 5.92387 6.21605 6.60253
2.38 0 1.40059 2.47524 3.52704 4.56476 5.25611 5.70463 5.96175 6.22729 6.52607
2.4 0 1.4483 2.51284 3.52437 4.53062 5.26067 5.7723 6.03554 6.27784 6.48693
2.42 0 1.52174 2.5943 3.56914 4.5388 5.29002 5.86315 6.14778 6.3632 6.48922
2.44 0 1.57839 2.67673 3.62537 4.55916 5.31334 5.93735 6.26057 6.44486 6.49923
2.46 0 1.58326 2.71415 3.65678 4.55866 5.30027 5.9594 6.33196 6.48686 6.48227
2.48 0 1.54656 2.69853 3.66013 4.53978 5.25678 5.93314 6.3554 6.4909 6.43984
2.5 0 1.48993 2.63945 3.6366 4.51302 5.19788 5.87333 6.3353 6.46767 6.383
2.52 0 1.43003 2.5568 3.58628 4.48441 5.13848 5.795 6.27867 6.4265 6.32291
2.54 0 1.37797 2.47364 3.51617 4.45427 5.09216 5.71311 6.19577 6.37506 6.27079
2.56 0 1.33894 2.40428 3.43987 4.41782 5.06386 5.63917 6.09791 6.31594 6.23408
2.58 0 1.30475 2.3433 3.3625 4.36253 5.03803 5.57037 5.98729 6.23863 6.20594
2.6 0 1.26475 2.27925 3.2821 4.28154 4.99128 5.49807 5.8639 6.13218 6.17402
2.62 0 1.20987 2.20103 3.18993 4.17401 4.90273 5.40954 5.72568 5.99068 6.12396
2.64 0 1.13491 2.10017 3.07567 4.04012 4.76207 5.28984 5.56893 5.81476 6.04247
2.66 0 1.04417 1.97639 2.93742 3.88198 4.57716 5.13016 5.39431 5.61482 5.92505
2.68 0 0.944162 1.83255 2.77665 3.69899 4.36332 4.92663 5.20146 5.40278 5.77115
2.7 0 0.841332 1.67449 2.59579 3.49254 4.13371 4.68387 4.98886 5.18951 5.58344
2.72 0 0.740989 1.50939 2.39692 3.26829 3.89338 4.41493 4.75466 4.98262 5.36654
2.74 0 0.647591 1.34364 2.18378 3.03368 3.64207 4.1356 4.50124 4.78303 5.12749
2.76 0 0.565051 1.1821 1.96378 2.79377 3.38089 3.85766 4.23873 4.58347 4.87653
2.78 0 0.496115 1.02931 1.74679 2.55034 3.11537 3.58729 3.98138 4.37422 4.62483
2.8 0 0.440311 0.889599 1.54024 2.30367 2.85185 3.32712 3.73902 4.14895 4.38011
2.82 0 0.390197 0.762834 1.34263 2.05129 2.58994 3.0753 3.50899 3.90283 4.14146
2.84 0 0.337561 0.647114 1.14874 1.79256 2.32627 2.83023 3.28036 3.63705 3.90361
2.86 0 0.277289 0.53759 0.954097 1.5279 2.05833 2.5891 3.03927 3.35849 3.65916
2.88 0 0.208836 0.425148 0.757114 1.25725 1.78638 2.34492 2.77567 3.07423 3.40097
2.9 0 0.133544 0.299464 0.556712 0.980359 1.51175 2.08635 2.48687 2.78636 3.12347
2.92 0 0.0527628 0.15568 0.350917 0.699779 1.2352 1.80335 2.17804 2.49276 2.82481
2.94 0 -0.0289042 0.00140121 0.140969 0.426099 0.959329 1.49747 1.86234 2.19414 2.51144
2.96 0 -0.107416 -0.151267 -0.0702952 0.170686 0.68415 1.17972 1.55123 1.89246 2.19226
2.98 0 -0.178555 -0.292597 -0.275486 -0.0595625 0.409768 0.866309 1.25112 1.59161 1.87604
3 0 -0.239441 -0.418457 -0.464404 -0.26664 0.14001 0.569593 0.963265 1.29544 1.56857
3.02 0 -0.296025 -0.534143 -0.634592 -0.465288 -0.123795 0.287823 0.679982 1.00024 1.26606
3.04 0 -0.356635 -0.646005 -0.788775 -0.670454 -0.381706 0.0135695 0.392839 0.700439 0.961951
3.06 0 -0.426605 -0.756434 -0.933596 -0.887405 -0.635452 -0.259417 0.0975381 0.392629 0.651741
3.08 0 -0.500856 -0.858343 -1.07374 -1.10486 -0.882831 -0.528906 -0.2002 0.0816451 0.339347
3.1 0 -0.569136 -0.945619 -1.21074 -1.30848 -1.12045 -0.790568 -0.491741 -0.225566 0.0308549
3.12 0 -0.618741 -1.01804 -1.33879 -1.48929 -1.34275 -1.04026 -0.768839 -0.521782 -0.267728
3.14 0 -0.638723 -1.07622 -1.44787 -1.64203 -1.54289 -1.27312 -1.02454 -0.799277 -0.550439
3.16 0 -0.627054 -1.11667 -1.53144 -1.76445 -1.71605 -1.48513 -1.25542 -1.05221 -0.81335
3.18 0 -0.598189 -1.13654 -1.59402 -1.86238 -1.86585 -1.67941 -1.46702 -1.28331 -1.06041
3.2 0 -0.569535 -1.13576 -1.64128 -1.94448 -1.99815 -1.86076 -1.66673 -1.49846 -1.29724
3.22 0 -0.552477 -1.12193 -1.67497 -2.0201 -2.11911 -2.03408 -1.86099 -1.70481 -1.52895
3.24 0 -0.548962 -1.10554 -1.69345 -2.09357 -2.23328 -2.20132 -2.05237 -1.90757 -1.75743
3.26 0 -0.545816 -1.08544 -1.6893 -2.15321 -2.3359 -2.35319 -2.23169 -2.10087 -1.97342
3.28 0 -0.527354 -1.05315 -1.65805 -2.18268 -2.41837 -2.47816 -2.38682 -2.27536 -2.16506
3.3 0 -0.486263 -0.999604 -1.60156 -2.1712 -2.47334 -2.56998 -2.51011 -2.42455 -2.32504
3.32 0 -0.43448 -0.930398 -1.53388 -2.12695 -2.50659 -2.63813 -2.61 -2.55589 -2.46189
3.34 0 -0.387464 -0.859735 -1.46556 -2.06801 -2.52587 -2.69608 -2.69979 -2.67971 -2.58861
3.36 0 -0.357814 -0.805201 -1.40348 -2.01485 -2.53871 -2.75679 -2.79331 -2.8058 -2.71845
3.38 0 -0.35579 -0.782361 -1.35862 -1.98468 -2.55485 -2.8324 -2.9042 -2.94435 -2.86452
3.4 0 -0.385446 -0.798255 -1.34482 -1.98516 -2.58366 -2.93001 -3.04126 -3.1027 -3.03543
3.42 0 -0.432901 -0.841993 -1.36357 -2.00504 -2.62277 -3.04027 -3.19667 -3.2741 -3.22397
3.44 0 -0.479926 -0.89864 -1.40927 -2.03052 -2.66628 -3.14997 -3.35727 -3.44893 -3.41853
3.46 0 -0.511393 -0.954596 -1.46828 -2.05342 -2.70646 -3.24699 -3.50911 -3.61812 -3.60736
3.48 0 -0.521934 -1.00009 -1.5232 -2.07402 -2.73755 -3.32378 -3.64213 -3.77585 -3.78252
3.5 0 -0.525923 -1.03715 -1.57056 -2.10606 -2.76752 -3.38717 -3.76119 -3.92924 -3.95051
3.52 0 -0.541494 -1.07079 -1.61616 -2.16157 -2.80879 -3.44793 -3.87569 -4.0879 -4.12192
3.54 0 -0.580299 -1.11005 -1.67185 -2.24472 -2.8754 -3.51753 -3.99554 -4.26055 -4.30765
3.56 0 -0.642131 -1.16734 -1.74827 -2.3522 -2.97754 -3.6054 -4.12752 -4.45204 -4.51534
3.58 0 -0.710314 -1.24508 -1.84195 -2.47131 -3.10759 -3.71006 -4.26614 -4.65402 -4.73976
3.6 0 -0.769234 -1.33769 -1.94532 -2.59219 -3.24837 -3.82797 -4.40382 -4.85463 -4.97214
3.62 0 -0.812997 -1.43394 -2.05373 -2.71036 -3.38349 -3.95616 -4.53648 -5.04404 -5.20554
3.64 0 -0.848798 -1.52655 -2.17008 -2.82928 -3.50915 -4.0949 -4.66952 -5.22061 -5.44071
3.66 0 -0.885814 -1.61318 -2.29576 -2.9536 -3.6303 -4.24129 -4.81079 -5.38595 -5.67994
3.68 0 -0.929718 -1.69756 -2.42751 -3.08736 -3.75643 -4.39096 -4.96491 -5.54515 -5.92441
3.7 0 -0.98099 -1.78583 -2.55893 -3.23206 -3.89528 -4.54113 -5.12954 -5.70584 -6.17239
3.72 0 -1.03282 -1.87638 -2.6811 -3.38108 -4.04472 -4.68753 -5.29224 -5.87098 -6.41528
3.74 0 -1.07849 -1.96107 -2.7896 -3.5245 -4.19694 -4.82731 -5.43968 -6.03979 -6.64356
3.76 0 -1.11469 -2.03086 -2.88496 -3.65468 -4.34338 -4.95897 -5.56553 -6.20897 -6.85113
3.78 0 -1.14512 -2.08601 -2.97298 -3.77367 -4.48236 -5.08546 -5.67767 -6.37787 -7.04105
3.8 0 -1.17314 -2.13229 -3.05702 -3.88741 -4.61396 -5.20886 -5.78943 -6.54408 -7.21908
3.82 0 -1.19891 -2.1766 -3.13678 -4.00043 -4.73792 -5.32983 -5.91097 -6.70414 -7.38956
3.84 0 -1.22288 -2.22403 -3.2136 -4.11431 -4.85576 -5.45016 -6.04765 -6.85711 -7.55565
3.86 0 -1.2456 -2.27434 -3.29039 -4.22611 -4.96913 -5.57159 -6.19818 -7.00378 -7.71766
3.88 0 -1.26208 -2.31869 -3.3639 -4.32569 -5.0735 -5.69072 -6.34941 -7.14147 -7.86812
3.9 0 -1.26577 -2.3476 -3.42633 -4.4033 -5.16271 -5.80143 -6.48561 -7.2668 -7.99758
3.92 0 -1.25049 -2.3537 -3.46606 -4.45207 -5.23024 -5.89546 -6.59377 -7.37462 -8.0971
3.94 0 -1.21445 -2.33259 -3.47202 -4.46955 -5.27128 -5.96539 -6.66756 -7.45878 -8.16149
3.96 0 -1.1675 -2.28883 -3.4443 -4.46213 -5.29107 -6.01147 -6.71442 -7.51914 -8.19657
3.98 0 -1.1222 -2.22866 -3.38894 -4.43658 -5.29728 -6.03652 -6.74548 -7.55686 -8.21123
4 0 -1.08759 -2.15947 -3.31522 -4.39818 -5.29585 -6.04624 -6.76908 -7.57489 -8.21388
4.02 0 -1.06582 -2.09229 -3.23438 -4.35194 -5.29028 -6.05016 -6.78926 -7.57961 -8.21183
4.04 0 -1.05251 -2.03766 -3.15688 -4.30099 -5.28114 -6.05735 -6.80557 -7.57809 -8.2094
4.06 0 -1.03678 -1.99556 -3.08625 -4.24151 -5.26263 -6.06703 -6.81108 -7.5705 -8.20288
4.08 0 -1.01258 -1.95997 -3.02448 -4.17136 -5.23013 -6.07365 -6.80191 -7.55519 -8.18813
4.1 0 -0.984769 -1.92724 -2.9755 -4.09698 -5.1853 -6.0741 -6.78302 -7.53413 -8.16681
4.12 0 -0.960957 -1.89731 -2.93891 -4.02849 -5.13231 -6.06582 -6.762 -7.50978 -8.14229
4.14 0 -0.945264 -1.87274 -2.90876 -3.97387 -5.07585 -6.04568 -6.74323 -7.48366 -8.11631
4.16 0 -0.934062 -1.85133 -2.87559 -3.93141 -5.01663 -6.00711 -6.72177 -7.45299 -8.0846
4.18 0 -0.92192 -1.8267 -2.83517 -3.89177 -4.95491 -5.94488 -6.68825 -7.41444 -8.04132
4.2 0 -0.903485 -1.79093 -2.78732 -3.84263 -4.88837 -5.85833 -6.63189 -7.36405 -7.98099
4.22 0 -0.872854 -1.73835 -2.72921 -3.77487 -4.80965 -5.75011 -6.54305 -7.2956 -7.89893
4.24 0 -0.824177 -1.66625 -2.6529 -3.68433 -4.70803 -5.62167 -6.41664 -7.19972 -7.79129
4.26 0 -0.753593 -1.57171 -2.54893 -3.56795 -4.57388 -5.47049 -6.25216 -7.065 -7.65447
4.28 0 -0.662264 -1.45092 -2.41281 -3.42152 -4.40438 -5.29147 -6.05376 -6.88261 -7.48636
4.3 0 -0.560502 -1.30687 -2.25082 -3.24645 -4.20833 -5.0859 -5.83221 -6.65586 -7.29152
4.32 0 -0.45847 -1.14694 -2.07013 -3.04765 -3.99565 -4.85931 -5.59522 -6.39613 -7.07458
4.34 0 -0.36322 -0.981535 -1.87558 -2.83317 -3.77289 -4.62059 -5.34556 -6.11916 -6.8389
4.36 0 -0.279898 -0.821618 -1.67241 -2.61227 -3.54485 -4.37944 -5.08549 -5.84052 -6.58826
4.38 0 -0.212721 -0.676454 -1.46904 -2.39246 -3.31743 -4.14297 -4.82118 -5.57194 -6.32801
4.4 0 -0.16525 -0.553508 -1.27704 -2.17929 -3.09835 -3.91492 -4.56391 -5.32045 -6.06511
4.42 0 -0.140281 -0.45971 -1.10841 -1.97886 -2.8949 -3.69837 -4.32757 -5.08937 -5.80814
4.44 0 -0.137173 -0.399845 -0.970904 -1.79735 -2.70931 -3.49663 -4.12192 -4.87833 -5.56414
4.46 0 -0.145257 -0.368455 -0.861225 -1.6331 -2.53225 -3.30712 -3.94226 -4.679 -5.33044
4.48 0 -0.153534 -0.354778 -0.773906 -1.48108 -2.35333 -3.12668 -3.77647 -4.48353 -5.10129
4.5 0 -0.157238 -0.347978 -0.706535 -1.33689 -2.16928 -2.95335 -3.61297 -4.2888 -4.87306
4.52 0 -0.163695 -0.348252 -0.664563 -1.20598 -1.99134 -2.79173 -3.452 -4.102 -4.65231
4.54 0 -0.181304 -0.363355 -0.650512 -1.09851 -1.83488 -2.64594 -3.29973 -3.93159 -4.4484
4.56 0 -0.21604 -0.404354 -0.663571 -1.02642 -1.71381 -2.51969 -3.16487 -3.78461 -4.2708
4.58 0 -0.273207 -0.479924 -0.705421 -1.00115 -1.63894 -2.41906 -3.0568 -3.66756 -4.12889
4.6 0 -0.354604 -0.589284 -0.779708 -1.02815 -1.61401 -2.34981 -2.98028 -3.58345 -4.02788
4.62 0 -0.446989 -0.713774 -0.879611 -1.09591 -1.62613 -2.30541 -2.92449 -3.52121 -3.95786
4.64 0 -0.533197 -0.832128 -0.994785 -1.1874 -1.65885 -2.27545 -2.87485 -3.46645 -3.90467
4.66 0 -0.596954 -0.927113 -1.1113 -1.28591 -1.69676 -2.2481 -2.81765 -3.40506 -3.85373
4.68 0 -0.623509 -0.986758 -1.2099 -1.37532 -1.72535 -2.20977 -2.74047 -3.32328 -3.78991
4.7 0 -0.607558 -1.00742 -1.27482 -1.44449 -1.73717 -2.15159 -2.63768 -3.21376 -3.70348
4.72 0 -0.572956 -1.00522 -1.31539 -1.50312 -1.74808 -2.08739 -2.52635 -3.09263 -3.60713
4.74 0 -0.546616 -0.995483 -1.34533 -1.56133 -1.77395 -2.03316 -2.4239 -2.97775 -3.51457
4.76 0 -0.531856 -0.977992 -1.36151 -1.61231 -1.8092 -1.98819 -2.32877 -2.86867 -3.42131
4.78 0 -0.520422 -0.951935 -1.35672 -1.64611 -1.84067 -1.94783 -2.23459 -2.7595 -3.31859
4.8 0 -0.501225 -0.916465 -1.32626 -1.65308 -1.85462 -1.90696 -2.13554 -2.64326 -3.19833
4.82 0 -0.465181 -0.866159 -1.26943 -1.62292 -1.83862 -1.8589 -2.0265 -2.51192 -3.05319
4.84 0 -0.407304 -0.791711 -1.18613 -1.54644 -1.78218 -1.79445 -1.90294 -2.35682 -2.87644
4.86 0 -0.325191 -0.684436 -1.07145 -1.419 -1.67592 -1.7018 -1.76031 -2.16946 -2.66168
4.88 0 -0.220846 -0.543038 -0.918252 -1.24499 -1.51614 -1.57186 -1.59727 -1.94665 -2.40654
4.9 0 -0.111107 -0.38363 -0.73458 -1.04462 -1.31904 -1.41163 -1.42585 -1.70355 -2.12443
4.92 0 -0.0144744 -0.224818 -0.537711 -0.837133 -1.1089 -1.23412 -1.25796 -1.46164 -1.83269
4.94 0 0.0534456 -0.0837217 -0.349739 -0.637822 -0.910084 -1.05596 -1.10237 -1.24296 -1.54888
4.96 0 0.0846015 0.024894 -0.188721 -0.459162 -0.738994 -0.893434 -0.96373 -1.06413 -1.28713
4.98 0 0.0895765 0.098875 -0.0549024 -0.30207 -0.592114 -0.749122 -0.835145 -0.922719 -1.04743
5 0 0.0834752 0.141013 0.0556699 -0.164832 -0.460265 -0.620241 -0.71151 -0.807092 -0.827255
5.02 0 0.0773775 0.159496 0.144188 -0.0438331 -0.336209 -0.500717 -0.592856 -0.701875 -0.625023
5.04 0 0.0741109 0.165242 0.207711 0.0637 -0.217826 -0.385304 -0.482648 -0.594878 -0.441303
5.06 0 0.0642253 0.15894 0.236604 0.149698 -0.113565 -0.28032 -0.390282 -0.488315 -0.285091
5.08 0 0.0381727 0.132685 0.225514 0.201023 -0.0338641 -0.197616 -0.322654 -0.391612 -0.166564
5.1 0 -0.0072423 0.0760007 0.176378 0.206598 0.0131017 -0.147587 -0.280774 -0.315194 -0.0920175
5.12 0 -0.0648184 -0.00977382 0.0992067 0.168663 0.0269303 -0.128797 -0.255552 -0.261726 -0.0564025
5.14 0 -0.128204 -0.11397 0.000601815 0.0970971 0.00735163 -0.134142 -0.238241 -0.231117 -0.051444
5.16 0 -0.193806 -0.222536 -0.115502 0.00314966 -0.0448405 -0.15505 -0.224253 -0.221326 -0.0689947
5.18 0 -0.257408 -0.324944 -0.241343 -0.105947 -0.123869 -0.18376 -0.21326 -0.227113 -0.101476
5.2 0 -0.31479 -0.418579 -0.366149 -0.228952 -0.220773 -0.216626 -0.208791 -0.242805 -0.143756
5.22 0 -0.368556 -0.510218 -0.487165 -0.370781 -0.332483 -0.259321 -0.220314 -0.269816 -0.198096
5.24 0 -0.424058 -0.606162 -0.610344 -0.531988 -0.460476 -0.320237 -0.256261 -0.312804 -0.268481
5.26 0 -0.485361 -0.708821 -0.745655 -0.706649 -0.606693 -0.406215 -0.320792 -0.376283 -0.356963
5.28 0 -0.549289 -0.815293 -0.89505 -0.883975 -0.766369 -0.517388 -0.410192 -0.459108 -0.459032
5.3 0 -0.610267 -0.923772 -1.05293 -1.05659 -0.932295 -0.651403 -0.519008 -0.55836 -0.568728
5.32 0 -0.663212 -1.03333 -1.20958 -1.22088 -1.09762 -0.804345 -0.64271 -0.670317 -0.680574
5.34 0 -0.705298 -1.14051 -1.35545 -1.37419 -1.25715 -0.969711 -0.778242 -0.790128 -0.789707
5.36 0 -0.739113 -1.24051 -1.48614 -1.51572 -1.41021 -1.14077 -0.925955 -0.914605 -0.894468
5.38 0 -0.777869 -1.33639 -1.609 -1.65382 -1.56665 -1.31984 -1.09452 -1.05041 -1.00328
5.4 0 -0.835232 -1.43506 -1.73446 -1.79985 -1.73783 -1.5136 -1.29189 -1.20802 -1.1272
5.42 0 -0.917077 -1.54297 -1.86924 -1.96244 -1.92963 -1.72807 -1.51923 -1.39561 -1.27378
5.44 0 -1.0112 -1.65654 -2.00665 -2.13657 -2.1336 -1.95736 -1.76324 -1.60781 -1.4372
5.46 0 -1.10085 -1.76861 -2.1384 -2.31169 -2.33884 -2.19112 -2.00896 -1.83402 -1.60844
5.48 0 -1.17252 -1.8682 -2.25903 -2.47527 -2.53587 -2.41717 -2.24457 -2.06132 -1.77896
5.5 0 -1.21735 -1.94571 -2.36515 -2.61801 -2.71751 -2.62534 -2.46307 -2.27783 -1.94299
5.52 0 -1.23764 -2.00228 -2.46 -2.74318 -2.88475 -2.8164 -2.66769 -2.48147 -2.10445
5.54 0 -1.2402 -2.04227 -2.54593 -2.85916 -3.03971 -2.99532 -2.86304 -2.67392 -2.26932
5.56 0 -1.23377 -2.07008 -2.62397 -2.97425 -3.18501 -3.1677 -3.05227 -2.85859 -2.44287
5.58 0 -1.22587 -2.08847 -2.69465 -3.09202 -3.32408 -3.33671 -3.23603 -3.03865 -2.62799
5.6 0 -1.2158 -2.09479 -2.75348 -3.20659 -3.45619 -3.49776 -3.40845 -3.21209 -2.82031
5.62 0 -1.19932 -2.08638 -2.79467 -3.30915 -3.57956 -3.64388 -3.56267 -3.37595 -3.01286
5.64 0 -1.1717 -2.06137 -2.8128 -3.39132 -3.6909 -3.7685 -3.69307 -3.52697 -3.19823
5.66 0 -1.12958 -2.01698 -2.80342 -3.44583 -3.78425 -3.86604 -3.79565 -3.66067 -3.36901
5.68 0 -1.07163 -1.949 -2.76315 -3.46635 -3.85137 -3.93195 -3.86781 -3.77108 -3.51805
5.7 0 -0.999842 -1.85518 -2.69114 -3.44942 -3.88493 -3.96466 -3.90975 -3.85351 -3.64072
5.72 0 -0.923401 -1.74332 -2.59476 -3.40034 -3.88619 -3.97123 -3.92965 -3.91168 -3.74106
5.74 0 -0.850385 -1.6257 -2.48334 -3.32658 -3.85985 -3.96057 -3.93669 -3.95223 -3.82536
5.76 0 -0.786182 -1.51527 -2.36634 -3.23539 -3.81195 -3.94085 -3.93887 -3.98276 -3.89992
5.78 0 -0.733699 -1.42175 -2.25209 -3.13245 -3.74783 -3.91778 -3.94153 -4.00997 -3.96932
5.8 0 -0.690168 -1.34455 -2.14336 -3.01781 -3.66683 -3.88998 -3.94283 -4.03443 -4.03163
5.82 0 -0.652486 -1.27786 -2.04122 -2.89147 -3.56728 -3.85359 -3.93918 -4.05485 -4.08343
5.84 0 -0.618893 -1.21614 -1.94448 -2.75617 -3.44963 -3.80444 -3.92812 -4.07009 -4.12236
5.86 0 -0.590111 -1.15815 -1.85083 -2.61868 -3.31877 -3.74051 -3.91022 -4.08111 -4.14919
5.88 0 -0.566726 -1.10434 -1.75747 -2.48516 -3.18132 -3.66052 -3.8864 -4.08882 -4.16555
5.9 0 -0.548014 -1.05404 -1.663 -2.35813 -3.04331 -3.56339 -3.85609 -4.09291 -4.17249
5.92 0 -0.534147 -1.00685 -1.57021 -2.23879 -2.91036 -3.45163 -3.81877 -4.09395 -4.17244
5.94 0 -0.528124 -0.96614 -1.48683 -2.13089 -2.78881 -3.33471 -3.77633 -4.09565 -4.1716
5.96 0 -0.527081 -0.932537 -1.41549 -2.03415 -2.67843 -3.2195 -3.72647 -4.09671 -4.17205
5.98 0 -0.527089 -0.907546 -1.35714 -1.94868 -2.57797 -3.11179 -3.66805 -4.09481 -4.17549
6 0 -0.525059 -0.891701 -1.31177 -1.87432 -2.48677 -3.01455 -3.60163 -4.08701 -4.18296
6.02 0 -0.517888 -0.880856 -1.27683 -1.80805 -2.40272 -2.92545 -3.52707 -4.06781 -4.19225
6.04 0 -0.504508 -0.868665 -1.24853 -1.74652 -2.32352 -2.83997 -3.4445 -4.03162 -4.19981
6.06 0 -0.484988 -0.849338 -1.22133 -1.68747 -2.24645 -2.75319 -3.35409 -3.97353 -4.20186
6.08 0 -0.460327 -0.820669 -1.18949 -1.63095 -2.16969 -2.66266 -3.25604 -3.89224 -4.19553
6.1 0 -0.436664 -0.787922 -1.15373 -1.58226 -2.09734 -2.57321 -3.15425 -3.79573 -4.18316
6.12 0 -0.420532 -0.758107 -1.11893 -1.54569 -2.03578 -2.49141 -3.05299 -3.69571 -4.16795
6.14 0 -0.415283 -0.736423 -1.09091 -1.521 -1.99029 -2.42125 -2.95552 -3.6021 -4.15136
6.16 0 -0.415754 -0.721893 -1.06938 -1.50098 -1.95836 -2.35905 -2.86058 -3.51606 -4.12858
6.18 0 -0.414531 -0.711831 -1.05116 -1.47948 -1.93306 -2.29953 -2.76706 -3.43483 -4.09381
6.2 0 -0.407585 -0.70349 -1.03361 -1.45508 -1.90641 -2.23972 -2.67614 -3.35561 -4.0434
6.22 0 -0.399361 -0.697808 -1.02003 -1.43288 -1.87608 -2.18288 -2.59445 -3.28071 -3.97993
6.24 0 -0.395372 -0.695417 -1.01437 -1.41704 -1.8425 -2.13218 -2.52804 -3.21258 -3.90661
6.26 0 -0.395383 -0.694273 -1.01521 -1.40538 -1.80482 -2.08572 -2.47711 -3.14908 -3.82266
6.28 0 -0.396333 -0.693756 -1.01834 -1.39352 -1.76345 -2.04062 -2.43836 -3.08711 -3.72683
6.3 0 -0.394832 -0.694026 -1.0187 -1.37703 -1.71953 -1.99533 -2.40547 -3.02419 -3.61852
6.32 0 -0.38908 -0.693354 -1.01193 -1.35217 -1.67331 -1.94966 -2.37035 -2.95793 -3.49767
6.34 0 -0.380509 -0.688731 -0.996513 -1.31729 -1.62565 -1.90464 -2.32712 -2.88653 -3.36603
6.36 0 -0.376169 -0.682029 -0.976815 -1.27757 -1.58211 -1.8652 -2.27817 -2.81245 -3.23099
6.38 0 -0.380891 -0.67706 -0.956372 -1.23978 -1.54754 -1.83414 -2.22886 -2.73736 -3.09965
6.4 0 -0.391362 -0.673956 -0.932735 -1.20604 -1.52036 -1.80764 -2.18046 -2.65778 -2.9729
6.42 0 -0.402494 -0.671318 -0.904884 -1.17646 -1.49756 -1.7817 -2.13273 -2.57097 -2.85005
6.44 0 -0.412251 -0.668128 -0.877934 -1.15147 -1.4782 -1.75648 -2.086 -2.47889 -2.73203
6.46 0 -0.419358 -0.663328 -0.858169 -1.13101 -1.46154 -1.73369 -2.03928 -2.38551 -2.61949
6.48 0 -0.421167 -0.656864 -0.847742 -1.115 -1.44615 -1.7137 -1.99028 -2.29403 -2.51162
6.5 0 -0.41532 -0.650451 -0.844712 -1.10444 -1.43143 -1.69517 -1.93776 -2.20654 -2.40745
6.52 0 -0.40212 -0.645082 -0.84548 -1.10005 -1.41823 -1.67518 -1.88228 -2.12363 -2.30621
6.54 0 -0.38515 -0.638819 -0.846893 -1.10064 -1.40773 -1.65019 -1.82515 -2.04435 -2.20708
6.56 0 -0.369828 -0.629192 -0.847465 -1.10436 -1.40064 -1.61866 -1.76789 -1.96769 -2.10987
6.58 0 -0.361547 -0.618068 -0.847681 -1.11167 -1.39768 -1.58348 -1.71307 -1.89495 -2.01657
6.6 0 -0.362406 -0.610927 -0.848465 -1.12379 -1.39852 -1.54999 -1.66255 -1.82827 -1.9297
6.62 0 -0.371665 -0.614022 -0.85271 -1.14071 -1.40284 -1.52382 -1.61794 -1.76981 -1.85184
6.64 0 -0.387196 -0.630529 -0.865238 -1.16014 -1.41087 -1.50838 -1.58078 -1.72042 -1.78472
6.66 0 -0.404987 -0.657061 -0.887917 -1.17726 -1.42051 -1.50191 -1.55035 -1.67719 -1.72676
6.68 0 -0.422123 -0.687869 -0.918378 -1.18992 -1.42874 -1.50067 -1.52557 -1.63643 -1.67537
6.7 0 -0.437012 -0.717625 -0.950158 -1.19961 -1.43186 -1.5007 -1.50485 -1.59517 -1.62771
6.72 0 -0.450076 -0.743108 -0.977218 -1.20955 -1.42813 -1.49945 -1.48706 -1.553 -1.5821
6.74 0 -0.46587 -0.765935 -1.00024 -1.22421 -1.42315 -1.4984 -1.47477 -1.51493 -1.54125
6.76 0 -0.484375 -0.785801 -1.02011 -1.2416 -1.4221 -1.49627 -1.46703 -1.48378 -1.50514
6.78 0 -0.502343 -0.802858 -1.0375 -1.25796 -1.42806 -1.49208 -1.46128 -1.46113 -1.47284
6.8 0 -0.516064 -0.818257 -1.05236 -1.27208 -1.44045 -1.48735 -1.4552 -1.44786 -1.44393
6.82 0 -0.523997 -0.832393 -1.06489 -1.28561 -1.45613 -1.48546 -1.44808 -1.44399 -1.41898
6.84 0 -0.526682 -0.843017 -1.07593 -1.2999 -1.47135 -1.48844 -1.44097 -1.44698 -1.39878
6.86 0 -0.523922 -0.845411 -1.08455 -1.31288 -1.48236 -1.49385 -1.43523 -1.45074 -1.38247
6.88 0 -0.514667 -0.836686 -1.08781 -1.32088 -1.487 -1.49704 -1.43208 -1.44887 -1.36852
6.9 0 -0.497159 -0.816965 -1.08076 -1.32001 -1.48382 -1.49384 -1.43059 -1.43715 -1.35471
6.92 0 -0.47019 -0.786955 -1.05848 -1.30634 -1.47083 -1.48207 -1.42615 -1.41449 -1.33785
6.94 0 -0.434314 -0.74529 -1.01821 -1.27555 -1.44539 -1.46117 -1.41135 -1.38228 -1.31386
6.96 0 -0.392425 -0.690217 -0.960473 -1.22492 -1.40596 -1.43134 -1.38046 -1.34314 -1.27991
6.98 0 -0.35113 -0.626044 -0.890783 -1.1585 -1.35612 -1.39526 -1.3362 -1.30255 -1.23909
7 0 -0.315205 -0.560635 -0.81478 -1.08374 -1.30061 -1.35427 -1.28656 -1.26431 -1.19677
7.02 0 -0.287087 -0.502163 -0.738412 -1.00895 -1.24365 -1.30907 -1.24115 -1.23051 -1.15886
7.04 0 -0.267424 -0.455276 -0.66836 -0.940182 -1.18751 -1.26116 -1.20639 -1.2023 -1.12986
7.06 0 -0.252157 -0.417083 -0.607441 -0.876633 -1.129 -1.20995 -1.1794 -1.17742 -1.10829
7.08 0 -0.236628 -0.38294 -0.556058 -0.815346 -1.06446 -1.15565 -1.1527 -1.15407 -1.09075
7.1 0 -0.218402 -0.350984 -0.513186 -0.754973 -0.994049 -1.09956 -1.12003 -1.1323 -1.07522
7.12 0 -0.201827 -0.326645 -0.480864 -0.700582 -0.926419 -1.04663 -1.08373 -1.11678 -1.06609
7.14 0 -0.191996 -0.315334 -0.459896 -0.657483 -0.871046 -0.999718 -1.04931 -1.11014 -1.0681
7.16 0 -0.188701 -0.314716 -0.44608 -0.624904 -0.8296 -0.955782 -1.01776 -1.1078 -1.07988
7.18 0 -0.190827 -0.318771 -0.435816 -0.600487 -0.798959 -0.912619 -0.987915 -1.10416 -1.09807
7.2 0 -0.19659 -0.32124 -0.426739 -0.581835 -0.773259 -0.870686 -0.957046 -1.09529 -1.11858
7.22 0 -0.202014 -0.318049 -0.416305 -0.565939 -0.746268 -0.830968 -0.92158 -1.0788 -1.1367
7.24 0 -0.202605 -0.308728 -0.402802 -0.549499 -0.715154 -0.793562 -0.879826 -1.05414 -1.14857
7.26 0 -0.198706 -0.298009 -0.389297 -0.532415 -0.68441 -0.760178 -0.83621 -1.02527 -1.15503
7.28 0 -0.193373 -0.290788 -0.379979 -0.516105 -0.660425 -0.732067 -0.797258 -0.997073 -1.15836
7.3 0 -0.190022 -0.290033 -0.376943 -0.503279 -0.646611 -0.710208 -0.767941 -0.973495 -1.16006
7.32 0 -0.189467 -0.294437 -0.377794 -0.495583 -0.640143 -0.694145 -0.748324 -0.955187 -1.15833
7.34 0 -0.193499 -0.302327 -0.3815 -0.495472 -0.638055 -0.685372 -0.738045 -0.943436 -1.15239
7.36 0 -0.202874 -0.311887 -0.388784 -0.50326 -0.639148 -0.684965 -0.736609 -0.939003 -1.14193
7.38 0 -0.214584 -0.321209 -0.399523 -0.515405 -0.643148 -0.691073 -0.742358 -0.939989 -1.12577
7.4 0 -0.223728 -0.330006 -0.412196 -0.527506 -0.650463 -0.700739 -0.753417 -0.94302 -1.10315
7.42 0 -0.226325 -0.338146 -0.423782 -0.536768 -0.660432 -0.711691 -0.767323 -0.944326 -1.07382
7.44 0 -0.222129 -0.343853 -0.431544 -0.542944 -0.67132 -0.723472 -0.781286 -0.941126 -1.0384
7.46 0 -0.216128 -0.345599 -0.436042 -0.549044 -0.683078 -0.738501 -0.794506 -0.933851 -0.99992
7.48 0 -0.213569 -0.343168 -0.43906 -0.557998 -0.696997 -0.758758 -0.807194 -0.924173 -0.9618
7.5 0 -0.215328 -0.338505 -0.441107 -0.570197 -0.714583 -0.783286 -0.819323 -0.912975 -0.925894
7.52 0 -0.214978 -0.331606 -0.438552 -0.580543 -0.733323 -0.805683 -0.827128 -0.897005 -0.889197
7.54 0 -0.206732 -0.321495 -0.429294 -0.584042 -0.749498 -0.82025 -0.82704 -0.873495 -0.848469
7.56 0 -0.192727 -0.308955 -0.41732 -0.58175 -0.761936 -0.827685 -0.820069 -0.844847 -0.805109
7.58 0 -0.178316 -0.294769 -0.407162 -0.577552 -0.769279 -0.830924 -0.808449 -0.814696 -0.761684
7.6 0 -0.168069 -0.281511 -0.40117 -0.575787 -0.771031 -0.832391 -0.794959 -0.78625 -0.720791
7.62 0 -0.164 -0.273551 -0.399792 -0.57869 -0.768966 -0.832544 -0.782525 -0.761606 -0.684542
7.64 0 -0.164887 -0.273327 -0.401988 -0.583909 -0.765332 -0.828954 -0.771973 -0.740443 -0.652893
7.66 0 -0.16932 -0.280851 -0.407544 -0.587655 -0.762024 -0.81975 -0.762666 -0.722087 -0.62518
7.68 0 -0.176851 -0.293934 -0.416368 -0.58798 -0.758552 -0.805538 -0.752639 -0.706223 -0.600673
7.7 0 -0.187118 -0.309276 -0.426778 -0.585562 -0.75165 -0.788549 -0.739073 -0.69217 -0.57844
7.72 0 -0.198183 -0.323077 -0.435055 -0.581055 -0.737245 -0.769451 -0.719163 -0.677467 -0.556779
7.74 0 -0.207012 -0.331936 -0.43771 -0.57302 -0.713856 -0.746026 -0.691847 -0.658353 -0.533925
7.76 0 -0.210864 -0.333554 -0.433111 -0.558412 -0.683322 -0.714638 -0.658042 -0.631367 -0.508772
7.78 0 -0.209803 -0.328799 -0.422519 -0.536658 -0.649869 -0.674852 -0.62055 -0.596592 -0.482504
7.8 0 -0.203665 -0.318479 -0.405773 -0.508366 -0.614373 -0.6282 -0.579292 -0.555294 -0.455013
7.82 0 -0.189506 -0.299572 -0.378768 -0.471938 -0.571715 -0.574521 -0.528914 -0.506413 -0.421975
7.84 0 -0.16956 -0.272016 -0.342284 -0.429134 -0.520784 -0.516928 -0.468531 -0.452622 -0.382839
7.86 0 -0.147586 -0.237036 -0.299518 -0.381409 -0.463827 -0.457368 -0.400993 -0.396567 -0.338737
7.88 0 -0.125944 -0.197283 -0.253265 -0.329473 -0.404564 -0.395668 -0.331331 -0.339409 -0.291232
7.9 0 -0.10547 -0.157048 -0.204941 -0.274877 -0.346213 -0.33175 -0.264804 -0.281851 -0.242118
7.92 0 -0.086659 -0.120683 -0.15557 -0.2203 -0.290201 -0.267622 -0.204863 -0.225359 -0.193129
7.94 0 -0.0708618 -0.0906156 -0.107701 -0.168394 -0.236708 -0.207438 -0.152607 -0.172591 -0.145839
7.96 0 -0.060362 -0.0671861 -0.065806 -0.120806 -0.186325 -0.155846 -0.107905 -0.126814 -0.101817
7.98 0 -0.0572339 -0.0507359 -0.0343667 -0.0787084 -0.141039 -0.116235 -0.0711222 -0.0908464 -0.0629078
8 0 -0.0610546 -0.0427157 -0.0146339 -0.0431579 -0.103118 -0.0887102 -0.0432384 -0.065306 -0.0303867
8.02 0 -0.0662677 -0.0422624 -0.00180067 -0.0126602 -0.0714497 -0.0677351 -0.0225741 -0.04588 -0.0019731
8.04 0 -0.0676289 -0.0458814 0.00959997 0.014901 -0.0435594 -0.0469251 -0.00616891 -0.0271972 0.0255348
8.06 0 -0.0642418 -0.0478159 0.0216738 0.0408198 -0.0173177 -0.023042 0.00925546 -0.00608559 0.0541877
8.08 0 -0.0617002 -0.0461937 0.0307867 0.0616167 0.00543906 8.32203e-05 0.0236282 0.0145772 0.0812458
8.1 0 -0.0649104 -0.043524 0.0336424 0.0724007 0.0218185 0.0166779 0.0358741 0.0303116 0.102771
8.12 0 -0.0752698 -0.0464331 0.0286169 0.0689705 0.0278359 0.0222029 0.043509 0.0372818 0.114753
8.14 0 -0.0914589 -0.0615096 0.0139937 0.0503188 0.0187094 0.0149324 0.0429047 0.0335566 0.113998
8.16 0 -0.10974 -0.0885906 -0.0112158 0.0207123 -0.00697648 -0.00272336 0.0328331 0.0211905 0.100947
8.18 0 -0.128154 -0.122881 -0.0479628 -0.0161523 -0.047096 -0.0289245 0.0134304 0.00259211 0.0772902
8.2 0 -0.146861 -0.159296 -0.0947346 -0.0605925 -0.0962805 -0.064122 -0.0141915 -0.0212629 0.0449293
8.22 0 -0.166923 -0.196021 -0.147659 -0.115661 -0.149654 -0.109821 -0.0493364 -0.0513039 0.00514477
8.24 0 -0.188668 -0.233512 -0.202905 -0.181888 -0.206147 -0.165396 -0.0921606 -0.0888864 -0.0409289
8.26 0 -0.211844 -0.272513 -0.259414 -0.255122 -0.269052 -0.227821 -0.143721 -0.135121 -0.092374
8.28 0 -0.236324 -0.31366 -0.318388 -0.329836 -0.342506 -0.294612 -0.205159 -0.191145 -0.148874
8.3 0 -0.261994 -0.357786 -0.380248 -0.403585 -0.426728 -0.366409 -0.276368 -0.257979 -0.210539
8.32 0 -0.288295 -0.405026 -0.443099 -0.477552 -0.516617 -0.446111 -0.355627 -0.335449 -0.277269
8.34 0 -0.312843 -0.451801 -0.502945 -0.551632 -0.603774 -0.533704 -0.439505 -0.419725 -0.346984
8.36 0 -0.333356 -0.492427 -0.557282 -0.622666 -0.682538 -0.625264 -0.525786 -0.505211 -0.417333
8.38 0 -0.348145 -0.522266 -0.605123 -0.685554 -0.752268 -0.714301 -0.613731 -0.586946 -0.486616
8.4 0 -0.357065 -0.541643 -0.645932 -0.738051 -0.816196 -0.796454 -0.703425 -0.663895 -0.55513
8.42 0 -0.359633 -0.553401 -0.676947 -0.780851 -0.875797 -0.870267 -0.792172 -0.737434 -0.62288
8.44 0 -0.35632 -0.559698 -0.695826 -0.816212 -0.930033 -0.937145 -0.875202 -0.810197 -0.689603
8.46 0 -0.350085 -0.560413 -0.704165 -0.8459 -0.978073 -0.99962 -0.949072 -0.884719 -0.755925
8.48 0 -0.344378 -0.55424 -0.706283 -0.869939 -1.02053 -1.05849 -1.01353 -0.961416 -0.823247
8.5 0 -0.340476 -0.54234 -0.705581 -0.888262 -1.05891 -1.11248 -1.07162 -1.03836 -0.893481
8.52 0 -0.336529 -0.529235 -0.702498 -0.901974 -1.09374 -1.15973 -1.12735 -1.11243 -0.968227
8.54 0 -0.329136 -0.518388 -0.695658 -0.911715 -1.12309 -1.19881 -1.182 -1.18033 -1.04726
8.56 0 -0.31852 -0.510275 -0.686748 -0.918077 -1.14541 -1.23128 -1.23477 -1.2421 -1.13018
8.58 0 -0.311962 -0.506351 -0.68363 -0.924897 -1.16423 -1.26392 -1.28719 -1.30436 -1.21997
8.6 0 -0.31703 -0.510378 -0.693681 -0.937422 -1.18546 -1.30364 -1.34216 -1.3755 -1.32035
8.62 0 -0.33762 -0.53021 -0.720634 -0.962149 -1.21625 -1.35522 -1.40472 -1.4627 -1.4352
8.64 0 -0.374781 -0.575184 -0.766862 -1.00598 -1.26465 -1.42169 -1.4824 -1.57132 -1.56894
8.66 0 -0.428047 -0.649362 -0.83551 -1.07323 -1.33669 -1.50442 -1.58189 -1.7036 -1.72471
8.68 0 -0.491993 -0.745613 -0.926171 -1.16104 -1.42978 -1.60006 -1.70191 -1.85492 -1.89904
8.7 0 -0.560874 -0.853172 -1.03706 -1.26583 -1.53721 -1.70631 -1.83732 -2.01966 -2.08665
8.72 0 -0.629174 -0.963193 -1.16347 -1.38525 -1.65158 -1.82219 -1.98163 -2.19289 -2.28224
8.74 0 -0.691146 -1.07024 -1.29748 -1.51601 -1.76793 -1.94542 -2.12873 -2.36968 -2.4806
8.76 0 -0.742561 -1.17128 -1.43123 -1.65258 -1.88597 -2.07196 -2.27464 -2.54537 -2.67749
8.78 0 -0.784079 -1.26538 -1.56117 -1.79038 -2.01028 -2.19956 -2.41934 -2.71809 -2.87192
8.8 0 -0.818763 -1.35091 -1.68532 -1.92673 -2.14419 -2.32783 -2.5634 -2.88697 -3.06362
8.82 0 -0.848223 -1.42485 -1.79993 -2.05992 -2.28503 -2.45707 -2.70485 -3.05007 -3.25059
8.84 0 -0.867119 -1.47887 -1.89527 -2.18376 -2.4205 -2.58275 -2.83535 -3.19958 -3.42452
8.86 0 -0.867911 -1.50346 -1.96144 -2.28946 -2.53682 -2.6976 -2.94577 -3.32592 -3.57546
8.88 0 -0.846542 -1.49284 -1.99326 -2.36888 -2.62686 -2.79449 -3.03179 -3.42257 -3.69677
8.9 0 -0.811915 -1.45561 -1.99807 -2.42484 -2.69922 -2.87611 -3.10243 -3.49599 -3.79429
8.92 0 -0.775137 -1.40679 -1.98514 -2.4644 -2.76545 -2.94853 -3.16899 -3.557 -3.87691
8.94 0 -0.745995 -1.36235 -1.96363 -2.49631 -2.83432 -3.02048 -3.24047 -3.61773 -3.95326
8.96 0 -0.733366 -1.33596 -1.94544 -2.52967 -2.9121 -3.1035 -3.32404 -3.69084 -4.03202
8.98 0 -0.741843 -1.33525 -1.94291 -2.5702 -3.0016 -3.2066 -3.42424 -3.78526 -4.11945
9 0 -0.763403 -1.35495 -1.95819 -2.61298 -3.0957 -3.32554 -3.53692 -3.89661 -4.21171
9.02 0 -0.789196 -1.38844 -1.98988 -2.65465 -3.18753 -3.45273 -3.65954 -4.01722 -4.30529
9.04 0 -0.820159 -1.43664 -2.04029 -2.70291 -3.27883 -3.58744 -3.79776 -4.14656 -4.40524
9.06 0 -0.856631 -1.49742 -2.10651 -2.76431 -3.36973 -3.72705 -3.95278 -4.28294 -4.51405
9.08 0 -0.882841 -1.55089 -2.16892 -2.82587 -3.44519 -3.85276 -4.1055 -4.40992 -4.6164
9.1 0 -0.884578 -1.57683 -2.21022 -2.87051 -3.49297 -3.94681 -4.2341 -4.5132 -4.69643
9.12 0 -0.866777 -1.57354 -2.23098 -2.89632 -3.51947 -4.0098 -4.3333 -4.59632 -4.75551
9.14 0 -0.838817 -1.54735 -2.23354 -2.90736 -3.53422 -4.04781 -4.40368 -4.66582 -4.79986
9.16 0 -0.808148 -1.50877 -2.21816 -2.90955 -3.54404 -4.06778 -4.44843 -4.72559 -4.83628
9.18 0 -0.780025 -1.46746 -2.18649 -2.90706 -3.55287 -4.07596 -4.47242 -4.77617 -4.87093
9.2 0 -0.755365 -1.42593 -2.14204 -2.8975 -3.56032 -4.07446 -4.4787 -4.81332 -4.90591
9.22 0 -0.734174 -1.3843 -2.09244 -2.87757 -3.56438 -4.06546 -4.47136 -4.83351 -4.9426
9.24 0 -0.718857 -1.3473 -2.04818 -2.85045 -3.56429 -4.05556 -4.45791 -4.83936 -4.98486
9.26 0 -0.711383 -1.32296 -2.01682 -2.82365 -3.55954 -4.05214 -4.44561 -4.83767 -5.03586
9.28 0 -0.713802 -1.31916 -2.00377 -2.80545 -3.55226 -4.06007 -4.44082 -4.83799 -5.09745
9.3 0 -0.729741 -1.34085 -2.01464 -2.80272 -3.54934 -4.08062 -4.44983 -4.85107 -5.17124
9.32 0 -0.761297 -1.38692 -2.05193 -2.81843 -3.55856 -4.11022 -4.47602 -4.88415 -5.25656
9.34 0 -0.799522 -1.44434 -2.10494 -2.84582 -3.5764 -4.13599 -4.51085 -4.93199 -5.34275
9.36 0 -0.832588 -1.49802 -2.15781 -2.87704 -3.59357 -4.14621 -4.5416 -4.9847 -5.41722
9.38 0 -0.849751 -1.53327 -2.19505 -2.90315 -3.59845 -4.13319 -4.55498 -5.03051 -5.46835
9.4 0 -0.846627 -1.5402 -2.20841 -2.91606 -3.58384 -4.09548 -4.54339 -5.06024 -5.49027
9.42 0 -0.83719 -1.52874 -2.20926 -2.92179 -3.56157 -4.04894 -4.51938 -5.08017 -5.49621
9.44 0 -0.833733 -1.51505 -2.20907 -2.92681 -3.545 -4.0098 -4.49823 -5.09657 -5.50122
9.46 0 -0.832088 -1.5056 -2.20485 -2.92638 -3.53342 -3.98075 -4.48184 -5.10376 -5.50678
9.48 0 -0.825777 -1.50016 -2.19199 -2.91438 -3.52146 -3.96064 -4.46708 -5.09546 -5.50976
9.5 0 -0.812779 -1.49148 -2.16925 -2.88658 -3.50321 -3.94731 -4.44908 -5.06865 -5.50552
9.52 0 -0.793776 -1.46914 -2.13561 -2.84144 -3.47329 -3.93581 -4.42214 -5.02336 -5.48812
9.54 0 -0.769417 -1.42818 -2.08799 -2.78173 -3.42966 -3.91864 -4.38305 -4.96257 -5.45273
9.56 0 -0.74281 -1.3756 -2.02681 -2.71658 -3.37829 -3.89186 -4.33605 -4.89475 -5.40112
9.58 0 -0.716436 -1.32154 -1.95664 -2.65371 -3.32713 -3.85398 -4.28713 -4.82872 -5.33745
9.6 0 -0.693074 -1.27305 -1.88775 -2.59728 -3.28238 -3.80735 -4.24116 -4.77199 -5.26661
9.62 0 -0.676378 -1.23453 -1.83314 -2.55068 -3.24676 -3.7591 -4.20191 -4.72998 -5.19473
9.64 0 -0.667844 -1.20954 -1.80121 -2.51762 -3.21833 -3.71786 -4.17132 -4.7035 -5.12759
9.66 0 -0.661533 -1.19694 -1.78855 -2.49641 -3.18908 -3.68487 -4.14574 -4.684 -5.06498
9.68 0 -0.65158 -1.1935 -1.78724 -2.48231 -3.15422 -3.65609 -4.12128 -4.66045 -5.00501
9.7 0 -0.636288 -1.19272 -1.78925 -2.4679 -3.11439 -3.62429 -4.09389 -4.6235 -4.94492
9.72 0 -0.617173 -1.18572 -1.7863 -2.44547 -3.07138 -3.58225 -4.05722 -4.56713 -4.88056
9.74 0 -0.596726 -1.16639 -1.76997 -2.41131 -3.02488 -3.52686 -4.00345 -4.49023 -4.8078
9.76 0 -0.579505 -1.13725 -1.73681 -2.36928 -2.97577 -3.46256 -3.92929 -4.3989 -4.72692
9.78 0 -0.567724 -1.10333 -1.68831 -2.32339 -2.92483 -3.39433 -3.83562 -4.29984 -4.6394
9.8 0 -0.560709 -1.06854 -1.63173 -2.27431 -2.87344 -3.32409 -3.72839 -4.19698 -4.54721
9.82 0 -0.556525 -1.03605 -1.57702 -2.22161 -2.8229 -3.25156 -3.61745 -4.09179 -4.45279
9.84 0 -0.552447 -1.0089 -1.53076 -2.16688 -2.77163 -3.17649 -3.51193 -3.98472 -4.35783
9.86 0 -0.545088 -0.988698 -1.49373 -2.11331 -2.71453 -3.09919 -3.41577 -3.87613 -4.26173
9.88 0 -0.537638 -0.979137 -1.46874 -2.06791 -2.65189 -3.02515 -3.33266 -3.7724 -4.16712
9.9 0 -0.534489 -0.980119 -1.45799 -2.03323 -2.58707 -2.95788 -3.26234 -3.67975 -4.07519
9.92 0 -0.530853 -0.981241 -1.45376 -1.99951 -2.51756 -2.88951 -3.19413 -3.59397 -3.97781
9.94 0 -0.521425 -0.974094 -1.4455 -1.95751 -2.44158 -2.81119 -3.1181 -3.50868 -3.86776
9.96 0 -0.509756 -0.961818 -1.42947 -1.90956 -2.36455 -2.72404 -3.03513 -3.42404 -3.7483
9.98 0 -0.501443 -0.949834 -1.4052 -1.86131 -2.29153 -2.63323 -2.94974 -3.34039 -3.62602
10 0 -0.500573 -0.940581 -1.37543 -1.81641 -2.225 -2.54454 -2.86584 -3.25655 -3.50684
10.02 0 -0.507446 -0.932797 -1.34389 -1.77426 -2.16449 -2.46192 -2.78436 -3.16997 -3.39358
10.04 0 -0.52186 -0.928267 -1.31692 -1.73565 -2.11147 -2.39082 -2.70748 -3.08176 -3.29014
10.06 0 -0.54046 -0.930503 -1.29861 -1.70167 -2.06701 -2.33468 -2.63659 -2.99419 -3.1989
10.08 0 -0.554612 -0.938332 -1.28626 -1.66957 -2.02743 -2.28992 -2.56832 -2.90582 -3.11632
10.1 0 -0.55765 -0.946417 -1.27584 -1.63593 -1.98847 -2.24988 -2.49869 -2.81458 -3.03684
10.12 0 -0.547558 -0.946115 -1.26334 -1.59792 -1.94633 -2.20678 -2.42431 -2.71877 -2.9545
10.14 0 -0.525366 -0.928599 -1.24293 -1.5539 -1.89688 -2.15281 -2.3419 -2.61661 -2.86327
10.16 0 -0.492026 -0.888291 -1.20633 -1.50272 -1.83541 -2.08134 -2.24786 -2.50585 -2.75743
10.18 0 -0.448226 -0.824611 -1.14681 -1.44342 -1.75903 -1.98869 -2.13987 -2.38521 -2.63347
10.2 0 -0.398798 -0.744817 -1.06737 -1.3777 -1.67255 -1.87884 -2.02186 -2.25907 -2.49517
10.22 0 -0.348653 -0.658146 -0.976447 -1.30516 -1.58274 -1.75891 -1.89912 -2.13243 -2.34874
10.24 0 -0.302111 -0.573653 -0.883655 -1.22539 -1.49445 -1.63769 -1.77678 -2.00916 -2.20105
10.26 0 -0.263017 -0.500142 -0.797412 -1.1413 -1.40996 -1.52482 -1.66034 -1.89225 -2.0593
10.28 0 -0.233859 -0.443901 -0.722543 -1.0581 -1.32874 -1.42776 -1.55445 -1.78315 -1.92903
10.3 0 -0.212197 -0.403163 -0.657137 -0.976857 -1.24591 -1.34578 -1.45851 -1.67827 -1.80937
10.32 0 -0.196668 -0.373392 -0.599576 -0.89747 -1.1602 -1.27441 -1.37218 -1.57475 -1.69865
10.34 0 -0.19112 -0.354365 -0.553346 -0.823069 -1.07863 -1.21158 -1.29921 -1.47598 -1.59939
10.36 0 -0.199278 -0.34895 -0.521983 -0.758699 -1.0094 -1.15721 -1.24205 -1.38882 -1.51454
10.38 0 -0.222343 -0.362142 -0.507194 -0.711434 -0.958335 -1.11377 -1.20074 -1.32164 -1.44665
10.4 0 -0.257919 -0.395871 -0.509376 -0.686123 -0.92722 -1.08358 -1.17292 -1.27979 -1.39642
10.42 0 -0.295748 -0.439906 -0.523788 -0.676921 -0.908965 -1.06079 -1.14975 -1.25753 -1.35704
10.44 0 -0.324892 -0.479558 -0.545001 -0.674423 -0.894197 -1.03686 -1.12328 -1.24366 -1.3206
10.46 0 -0.337941 -0.50374 -0.567322 -0.672067 -0.875178 -1.0052 -1.09005 -1.22704 -1.28178
10.48 0 -0.337194 -0.51289 -0.588657 -0.672898 -0.851911 -0.967846 -1.05498 -1.20423 -1.24343
10.5 0 -0.328226 -0.512518 -0.606182 -0.681963 -0.827338 -0.929455 -1.02334 -1.17549 -1.21
10.52 0 -0.317379 -0.508736 -0.618907 -0.700504 -0.806895 -0.894809 -0.997498 -1.14379 -1.18513
10.54 0 -0.310406 -0.505852 -0.629639 -0.724457 -0.797336 -0.868422 -0.976824 -1.11428 -1.17074
10.56 0 -0.309323 -0.505536 -0.640747 -0.746673 -0.802285 -0.852631 -0.957905 -1.09113 -1.16561
10.58 0 -0.313554 -0.509881 -0.652403 -0.763261 -0.821466 -0.848769 -0.938945 -1.07697 -1.1679
10.6 0 -0.322061 -0.521277 -0.663503 -0.776169 -0.850843 -0.857753 -0.922246 -1.07258 -1.17672
10.62 0 -0.336168 -0.541121 -0.675721 -0.792071 -0.886096 -0.880838 -0.914737 -1.07833 -1.19355
10.64 0 -0.358061 -0.568182 -0.694264 -0.817108 -0.924943 -0.917692 -0.924804 -1.09441 -1.2206
10.66 0 -0.388508 -0.60137 -0.725788 -0.854594 -0.968402 -0.966854 -0.959405 -1.12228 -1.25981
10.68 0 -0.424426 -0.64176 -0.773426 -0.904895 -1.01856 -1.02658 -1.02048 -1.16456 -1.31128
10.7 0 -0.456871 -0.688125 -0.83167 -0.963203 -1.07358 -1.09239 -1.10024 -1.22115 -1.36967
10.72 0 -0.478663 -0.73643 -0.892303 -1.0236 -1.13067 -1.16042 -1.18671 -1.29118 -1.42864
10.74 0 -0.489133 -0.779961 -0.949429 -1.08162 -1.18834 -1.22843 -1.27035 -1.37289 -1.48444
10.76 0 -0.496272 -0.815499 -1.00313 -1.13879 -1.25 -1.29858 -1.35095 -1.4656 -1.54048
10.78 0 -0.508096 -0.843816 -1.05381 -1.19907 -1.3192 -1.37332 -1.43366 -1.56629 -1.60282
10.8 0 -0.526935 -0.8688 -1.10005 -1.26525 -1.39681 -1.4539 -1.52372 -1.66976 -1.67625
10.82 0 -0.546527 -0.891446 -1.13776 -1.33329 -1.47799 -1.53785 -1.61968 -1.76809 -1.75951
10.84 0 -0.559108 -0.909452 -1.16591 -1.39528 -1.55666 -1.62256 -1.71572 -1.85562 -1.84872
10.86 0 -0.559219 -0.917371 -1.18583 -1.44288 -1.62692 -1.70543 -1.80372 -1.93006 -1.93864
10.88 0 -0.545465 -0.910953 -1.19806 -1.47231 -1.68458 -1.78365 -1.87715 -1.99299 -2.02458
10.9 0 -0.524218 -0.894639 -1.20438 -1.49014 -1.73226 -1.85764 -1.93834 -2.05222 -2.10787
10.92 0 -0.50362 -0.876605 -1.20531 -1.50619 -1.77526 -1.92678 -1.99459 -2.11539 -2.19182
10.94 0 -0.491414 -0.86424 -1.2035 -1.52812 -1.81987 -1.9901 -2.05491 -2.18818 -2.28037
10.96 0 -0.492547 -0.861346 -1.20451 -1.55868 -1.87061 -2.04796 -2.12568 -2.27373 -2.37643
10.98 0 -0.503389 -0.865365 -1.21086 -1.59325 -1.92417 -2.09964 -2.20453 -2.36922 -2.47748
11 0 -0.516281 -0.873416 -1.22316 -1.62648 -1.97347 -2.14712 -2.2849 -2.47017 -2.57983
11.02 0 -0.523649 -0.883313 -1.2398 -1.6542 -2.01131 -2.19289 -2.36014 -2.57129 -2.6802
11.04 0 -0.522396 -0.893079 -1.25852 -1.67409 -2.03463 -2.23756 -2.42734 -2.66736 -2.77712
11.06 0 -0.518469 -0.904425 -1.2807 -1.68905 -2.0496 -2.2826 -2.49141 -2.75796 -2.8745
11.08 0 -0.520061 -0.92049 -1.30734 -1.70401 -2.06593 -2.32866 -2.55913 -2.84502 -2.97713
11.1 0 -0.533862 -0.945483 -1.33812 -1.72551 -2.09204 -2.37781 -2.63519 -2.9329 -3.08892
11.12 0 -0.562912 -0.983071 -1.37301 -1.75938 -2.13276 -2.43378 -2.72048 -3.0273 -3.21189
11.14 0 -0.603784 -1.03182 -1.41227 -1.80565 -2.18719 -2.49821 -2.81059 -3.13095 -3.34372
11.16 0 -0.650461 -1.08764 -1.45935 -1.86118 -2.2528 -2.57166 -2.90119 -3.24455 -3.48141
11.18 0 -0.696622 -1.14668 -1.51778 -1.92291 -2.3269 -2.65324 -2.99076 -3.36649 -3.62265
11.2 0 -0.737068 -1.20696 -1.58687 -1.99023 -2.40664 -2.74023 -3.0809 -3.49278 -3.76595
11.22 0 -0.769958 -1.26863 -1.66333 -2.06559 -2.49022 -2.83017 -3.17562 -3.61963 -3.91122
11.24 0 -0.800015 -1.33492 -1.74844 -2.15505 -2.58079 -2.92534 -3.28209 -3.74845 -4.06252
11.26 0 -0.834787 -1.40857 -1.84644 -2.26342 -2.68367 -3.03056 -3.40585 -3.88391 -4.22445
11.28 0 -0.880062 -1.49103 -1.96107 -2.39217 -2.80361 -3.15101 -3.54798 -4.03153 -4.3996
11.3 0 -0.934123 -1.58085 -2.08966 -2.53673 -2.94027 -3.28751 -3.70273 -4.19255 -4.5849
11.32 0 -0.992131 -1.6775 -2.22672 -2.69168 -3.09182 -3.4389 -3.86375 -4.36609 -4.77617
11.34 0 -1.04951 -1.7801 -2.36691 -2.85237 -3.25607 -3.60244 -4.02737 -4.54925 -4.96978
11.36 0 -1.10348 -1.88526 -2.50624 -3.0148 -3.43006 -3.7738 -4.19291 -4.73691 -5.1628
11.38 0 -1.15304 -1.98728 -2.6419 -3.17605 -3.60925 -3.94827 -4.36129 -4.92273 -5.35268
11.4 0 -1.19776 -2.07995 -2.77117 -3.33427 -3.78744 -4.12229 -4.53256 -5.10103 -5.53671
11.42 0 -1.23652 -2.15823 -2.89082 -3.48765 -3.95818 -4.29348 -4.70439 -5.26802 -5.71162
11.44 0 -1.26691 -2.21893 -2.99731 -3.6331 -4.11679 -4.45959 -4.87207 -5.42198 -5.87362
11.46 0 -1.28515 -2.26088 -3.08682 -3.7656 -4.26121 -4.61732 -5.02947 -5.56265 -6.01861
11.48 0 -1.28717 -2.28377 -3.15544 -3.87905 -4.39111 -4.76213 -5.17071 -5.6898 -6.14263
11.5 0 -1.27097 -2.28674 -3.19993 -3.96834 -4.50614 -4.88931 -5.29185 -5.8023 -6.2427
11.52 0 -1.23936 -2.26895 -3.21912 -4.0318 -4.60548 -4.99648 -5.39246 -5.89871 -6.3186
11.54 0 -1.19719 -2.22994 -3.21214 -4.06992 -4.68621 -5.08289 -5.47361 -5.97632 -6.37136
11.56 0 -1.14896 -2.17062 -3.17799 -4.0838 -4.74408 -5.14872 -5.53629 -6.03185 -6.40236
11.58 0 -1.0964 -2.09252 -3.11565 -4.07249 -4.7746 -5.19328 -5.57953 -6.06185 -6.41178
11.6 0 -1.03486 -1.99445 -3.02283 -4.02928 -4.77145 -5.21149 -5.59725 -6.06075 -6.39551
11.62 0 -0.959688 -1.87649 -2.90073 -3.94744 -4.73119 -5.19889 -5.58364 -6.02596 -6.35014
11.64 0 -0.875702 -1.7468 -2.75958 -3.82962 -4.65965 -5.15935 -5.54162 -5.96464 -6.28073
11.66 0 -0.790688 -1.61518 -2.60971 -3.68376 -4.56387 -5.09881 -5.47709 -5.88617 -6.19457
11.68 0 -0.712521 -1.49034 -2.45855 -3.52213 -4.44923 -5.02302 -5.39712 -5.79895 -6.09909
11.7 0 -0.648689 -1.3794 -2.31271 -3.35914 -4.32078 -4.93741 -5.30988 -5.71025 -6.00204
11.72 0 -0.605796 -1.2881 -2.1804 -3.20752 -4.18513 -4.84707 -5.22413 -5.62648 -5.91136
11.74 0 -0.587175 -1.22081 -2.06983 -3.07497 -4.05087 -4.75519 -5.14677 -5.55251 -5.83352
11.76 0 -0.588155 -1.17797 -1.98339 -2.96112 -3.92378 -4.65977 -5.07798 -5.4882 -5.76927
11.78 0 -0.600935 -1.15975 -1.92072 -2.86392 -3.80842 -4.55895 -5.01479 -5.43277 -5.71761
11.8 0 -0.619523 -1.16599 -1.88146 -2.78333 -3.70748 -4.4556 -4.95321 -5.38682 -5.67811
11.82 0 -0.644727 -1.19565 -1.86905 -2.72354 -3.62365 -4.35926 -4.89207 -5.35358 -5.65359
11.84 0 -0.68092 -1.2454 -1.88783 -2.68977 -3.55982 -4.27984 -4.83354 -5.33545 -5.64794
11.86 0 -0.730677 -1.31233 -1.93862 -2.68635 -3.51908 -4.223 -4.78278 -5.33192 -5.66418
11.88 0 -0.790143 -1.39332 -2.01459 -2.71354 -3.50187 -4.18706 -4.7442 -5.33757 -5.70098
11.9 0 -0.853765 -1.48577 -2.10696 -2.76953 -3.50817 -4.16834 -4.72135 -5.34727 -5.75521
11.92 0 -0.917683 -1.58532 -2.20952 -2.85026 -3.53761 -4.16475 -4.71492 -5.35894 -5.82268
11.94 0 -0.980598 -1.68603 -2.31998 -2.95 -3.5895 -4.17711 -4.72253 -5.3741 -5.89897
11.96 0 -1.04368 -1.78509 -2.43861 -3.06469 -3.66419 -4.20933 -4.74213 -5.39774 -5.98168
11.98 0 -1.1076 -1.88381 -2.5641 -3.19197 -3.76165 -4.26479 -4.77332 -5.4348 -6.06942
12 0 -1.17142 -1.985 -2.69272 -3.32978 -3.88036 -4.34371 -4.81769 -5.48749 -6.16058
12.02 0 -1.23137 -2.08735 -2.81865 -3.47291 -4.01497 -4.44111 -4.87606 -5.55281 -6.25086
12.04 0 -1.28422 -2.18597 -2.93842 -3.61484 -4.15835 -4.55075 -4.94908 -5.62593 -6.33549
12.06 0 -1.3279 -2.27418 -3.05055 -3.74938 -4.30218 -4.66743 -5.0362 -5.70214 -6.40992
12.08 0 -1.36053 -2.34575 -3.15249 -3.87165 -4.43735 -4.78705 -5.13454 -5.77736 -6.46968
12.1 0 -1.38061 -2.39718 -3.24031 -3.97888 -4.55633 -4.90671 -5.23984 -5.84898 -6.51176
12.12 0 -1.39055 -2.43125 -3.31302 -4.07268 -4.65888 -5.02669 -5.35096 -5.91898 -6.53843
12.14 0 -1.39334 -2.45298 -3.37074 -4.15433 -4.75008 -5.14616 -5.46726 -5.99015 -6.55391
12.16 0 -1.39139 -2.46637 -3.41396 -4.22363 -4.83668 -5.26256 -5.58693 -6.06413 -6.56232
12.18 0 -1.38544 -2.47186 -3.442 -4.27925 -4.92141 -5.37228 -5.7054 -6.13987 -6.56555
12.2 0 -1.37543 -2.46742 -3.45373 -4.32084 -5.00184 -5.47294 -5.81671 -6.2147 -6.56402
12.22 0 -1.36033 -2.44965 -3.44782 -4.34832 -5.07174 -5.56269 -5.91479 -6.28434 -6.55697
12.24 0 -1.34376 -2.42145 -3.42909 -4.36643 -5.13048 -5.64465 -6.00089 -6.34904 -6.54906
12.26 0 -1.32705 -2.3873 -3.40281 -4.37789 -5.17925 -5.72005 -6.07783 -6.40828 -6.5446
12.28 0 -1.30445 -2.34741 -3.36907 -4.37848 -5.21546 -5.78353 -6.14357 -6.45629 -6.5421
12.3 0 -1.27507 -2.30517 -3.33136 -4.36765 -5.24047 -5.8338 -6.199 -6.49217 -6.54316
12.32 0 -1.24138 -2.26327 -3.29292 -4.34691 -5.25548 -5.87168 -6.24438 -6.51739 -6.54963
12.34 0 -1.20633 -2.22161 -3.25368 -4.31787 -5.25884 -5.89737 -6.27709 -6.53302 -6.56106
12.36 0 -1.17533 -2.18185 -3.21438 -4.28479 -5.25077 -5.91294 -6.29632 -6.54286 -6.57847
12.38 0 -1.15314 -2.14694 -3.17658 -4.25174 -5.2334 -5.91999 -6.30294 -6.55142 -6.60318
12.4 0 -1.1421 -2.1206 -3.14291 -4.22097 -5.21061 -5.91856 -6.29979 -6.56246 -6.63626
12.42 0 -1.14161 -2.10593 -3.11655 -4.1929 -5.18639 -5.90729 -6.29093 -6.57768 -6.67809
12.44 0 -1.14735 -2.10255 -3.09843 -4.166 -5.161 -5.88326 -6.27831 -6.59525 -6.72634
12.46 0 -1.15488 -2.10782 -3.08808 -4.14007 -5.1317 -5.84574 -6.26194 -6.61255 -6.77792
12.48 0 -1.16217 -2.11794 -3.0846 -4.11681 -5.09468 -5.79797 -6.24055 -6.62804 -6.8303
12.5 0 -1.17107 -2.13084 -3.08868 -4.09916 -5.05012 -5.74639 -6.21469 -6.64271 -6.8835
12.52 0 -1.18373 -2.14643 -3.10056 -4.08795 -5.00295 -5.69597 -6.18641 -6.65779 -6.93846
12.54 0 -1.20092 -2.16691 -3.119 -4.08225 -4.96113 -5.64939 -6.15891 -6.67405 -6.9964
12.56 0 -1.22168 -2.19433 -3.14124 -4.08079 -4.9312 -5.60799 -6.13468 -6.69141 -7.05775
12.58 0 -1.24224 -2.2253 -3.162 -4.08065 -4.91271 -5.571 -6.11207 -6.70673 -7.11938
12.6 0 -1.25952 -2.25266 -3.1772 -4.07961 -4.90059 -5.53827 -6.08795 -6.71648 -7.17716
12.62 0 -1.27103 -2.26841 -3.18417 -4.07585 -4.88819 -5.50968 -6.05939 -6.71747 -7.22689
12.64 0 -1.27409 -2.26753 -3.18096 -4.06758 -4.87073 -5.48404 -6.02515 -6.70731 -7.26516
12.66 0 -1.26753 -2.25172 -3.16772 -4.05467 -4.849 -5.46053 -5.98803 -6.68681 -7.29158
12.68 0 -1.25071 -2.22581 -3.14495 -4.03654 -4.82643 -5.43731 -5.95176 -6.65818 -7.30641
12.7 0 -1.22488 -2.19388 -3.11393 -4.0124 -4.80591 -5.41302 -5.91896 -6.62456 -7.30977
12.72 0 -1.19345 -2.15705 -3.07656 -3.98226 -4.78703 -5.38808 -5.88991 -6.58925 -7.30114
12.74 0 -1.15905 -2.11325 -3.03286 -3.94594 -4.76458 -5.36271 -5.86157 -6.55355 -7.27807
12.76 0 -1.12293 -2.06112 -2.98164 -3.90326 -4.73286 -5.33617 -5.8307 -6.51731 -7.23803
12.78 0 -1.08461 -2.00119 -2.9216 -3.85268 -4.6891 -5.30539 -5.79574 -6.47868 -7.17943
12.8 0 -1.04285 -1.93496 -2.8523 -3.7912 -4.63389 -5.2655 -5.75677 -6.43398 -7.1023
12.82 0 -0.996523 -1.86346 -2.77368 -3.71591 -4.56832 -5.21219 -5.71324 -6.37868 -7.00763
12.84 0 -0.945186 -1.78647 -2.68532 -3.62598 -4.49119 -5.1441 -5.66186 -6.30901 -6.8966
12.86 0 -0.889148 -1.70252 -2.58637 -3.52264 -4.39914 -5.06248 -5.5968 -6.22258 -6.77012
12.88 0 -0.829955 -1.61054 -2.47722 -3.40828 -4.2904 -4.96943 -5.51299 -6.11892 -6.6298
12.9 0 -0.77262 -1.51406 -2.3628 -3.28774 -4.17025 -4.86835 -5.41163 -6.00167 -6.48112
12.92 0 -0.721727 -1.41907 -2.24877 -3.1656 -4.04743 -4.76088 -5.29769 -5.87504 -6.33036
12.94 0 -0.680277 -1.333 -2.14003 -3.04664 -3.93024 -4.64822 -5.1773 -5.7433 -6.18344
12.96 0 -0.649858 -1.26267 -2.04076 -2.93637 -3.82341 -4.53311 -5.05546 -5.61077 -6.04516
12.98 0 -0.629982 -1.21084 -1.95409 -2.83863 -3.72594 -4.41892 -4.93365 -5.48036 -5.91746
13 0 -0.619693 -1.17655 -1.88369 -2.75478 -3.63433 -4.3091 -4.81168 -5.35411 -5.80038
13.02 0 -0.615745 -1.15449 -1.83075 -2.68146 -3.54387 -4.20285 -4.68762 -5.23087 -5.69058
13.04 0 -0.614009 -1.1396 -1.79353 -2.6138 -3.4519 -4.09621 -4.56075 -5.10798 -5.58381
13.06 0 -0.610139 -1.12901 -1.76653 -2.54797 -3.35729 -3.98398 -4.43131 -4.98241 -5.47575
13.08 0 -0.600874 -1.12041 -1.74191 -2.48163 -3.25824 -3.86198 -4.29871 -4.8515 -5.36195
13.1 0 -0.587206 -1.11145 -1.71475 -2.4147 -3.15355 -3.73013 -4.16248 -4.71532 -5.23992
13.12 0 -0.579397 -1.10525 -1.69013 -2.35378 -3.0494 -3.59743 -4.02837 -4.58194 -5.11509
13.14 0 -0.585948 -1.10525 -1.67371 -2.30377 -2.95225 -3.47243 -3.90154 -4.45837 -4.99289
13.16 0 -0.601942 -1.10903 -1.66121 -2.25952 -2.86028 -3.35332 -3.77874 -4.34095 -4.87005
13.18 0 -0.617016 -1.11386 -1.64563 -2.21321 -2.7696 -3.2349 -3.65535 -4.22226 -4.74148
13.2 0 -0.624092 -1.1172 -1.62343 -2.15928 -2.67791 -3.11402 -3.52916 -4.09651 -4.60452
13.22 0 -0.627585 -1.12092 -1.60046 -2.10125 -2.58956 -2.99616 -3.40525 -3.96652 -4.46455
13.24 0 -0.635636 -1.12786 -1.58402 -2.04676 -2.50947 -2.88955 -3.28972 -3.83848 -4.32867
13.26 0 -0.65479 -1.14289 -1.57926 -2.0051 -2.44213 -2.80212 -3.18801 -3.71971 -4.20366
13.28 0 -0.686352 -1.17094 -1.58826 -1.9827 -2.39121 -2.73814 -3.10361 -3.6158 -4.09375
13.3 0 -0.721363 -1.20823 -1.60584 -1.97535 -2.35389 -2.69136 -3.03231 -3.5237 -3.99452
13.32 0 -0.749768 -1.2463 -1.62702 -1.97462 -2.32652 -2.65215 -2.96833 -3.43779 -3.89933
13.34 0 -0.766056 -1.27656 -1.64894 -1.97428 -2.30641 -2.61342 -2.90752 -3.35406 -3.80343
13.36 0 -0.77402 -1.29778 -1.6728 -1.97767 -2.29505 -2.57703 -2.8517 -3.27538 -3.70897
13.38 0 -0.779032 -1.3122 -1.69786 -1.99122 -2.29308 -2.54753 -2.80326 -3.20544 -3.61931
13.4 0 -0.782697 -1.32164 -1.72026 -2.01739 -2.29905 -2.52658 -2.7622 -3.1446 -3.53534
13.42 0 -0.784677 -1.32749 -1.73814 -2.05302 -2.31297 -2.51376 -2.72817 -3.09158 -3.4571
13.44 0 -0.783231 -1.32901 -1.75228 -2.08968 -2.33506 -2.50684 -2.69994 -3.04353 -3.38333
13.46 0 -0.77697 -1.32542 -1.76415 -2.11951 -2.36384 -2.50446 -2.67603 -2.99788 -3.31268
13.48 0 -0.76578 -1.31787 -1.77304 -2.13988 -2.39504 -2.50748 -2.65524 -2.95325 -3.24443
13.5 0 -0.748486 -1.30558 -1.7734 -2.15003 -2.41983 -2.51502 -2.63418 -2.90641 -3.17555
13.52 0 -0.724998 -1.28522 -1.7598 -2.1488 -2.42981 -2.52382 -2.6095 -2.85349 -3.10229
13.54 0 -0.696138 -1.25167 -1.72958 -2.13217 -2.42068 -2.52708 -2.57911 -2.7906 -3.02076
13.56 0 -0.661409 -1.20089 -1.68126 -2.09402 -2.39157 -2.51554 -2.54108 -2.7143 -2.92688
13.58 0 -0.619354 -1.13391 -1.61343 -2.03106 -2.34337 -2.48239 -2.49326 -2.62413 -2.818
13.6 0 -0.573503 -1.05988 -1.52983 -1.94945 -2.28073 -2.43026 -2.43747 -2.52735 -2.69783
13.62 0 -0.529285 -0.987337 -1.43733 -1.85848 -2.20753 -2.36603 -2.37574 -2.43312 -2.57195
13.64 0 -0.492702 -0.921089 -1.34582 -1.76654 -2.12755 -2.29712 -2.31066 -2.3493 -2.44645
13.66 0 -0.469093 -0.865067 -1.26601 -1.68054 -2.04651 -2.22935 -2.24733 -2.28125 -2.32827
13.68 0 -0.461786 -0.825707 -1.20598 -1.60729 -1.97202 -2.16698 -2.19341 -2.23166 -2.22516
13.7 0 -0.469946 -0.810073 -1.16857 -1.55223 -1.91041 -2.1125 -2.15529 -2.19972 -2.1433
13.72 0 -0.484807 -0.8166 -1.14866 -1.51296 -1.85985 -2.06288 -2.1299 -2.17746 -2.08097
13.74 0 -0.498845 -0.836613 -1.14178 -1.48385 -1.81586 -2.01589 -2.10938 -2.15667 -2.0338
13.76 0 -0.509254 -0.858211 -1.14573 -1.45962 -1.77455 -1.97154 -2.08511 -2.1319 -1.99773
13.78 0 -0.517692 -0.874863 -1.15866 -1.44003 -1.73591 -1.93226 -2.05266 -2.10222 -1.97187
13.8 0 -0.523553 -0.88494 -1.17303 -1.42593 -1.70027 -1.89687 -2.00955 -2.06639 -1.95424
13.82 0 -0.523572 -0.888273 -1.17877 -1.41603 -1.66767 -1.85958 -1.95492 -2.02194 -1.94059
13.84 0 -0.527314 -0.894819 -1.1822 -1.41808 -1.6503 -1.82568 -1.90166 -1.97907 -1.9379
13.86 0 -0.538527 -0.906152 -1.18913 -1.43174 -1.6525 -1.79706 -1.8565 -1.94338 -1.94687
13.88 0 -0.556388 -0.921568 -1.20431 -1.45483 -1.67177 -1.77678 -1.82186 -1.91864 -1.96533
13.9 0 -0.577829 -0.942969 -1.23057 -1.48786 -1.70222 -1.77007 -1.79922 -1.90836 -1.99151
13.92 0 -0.599585 -0.973417 -1.26879 -1.53224 -1.73884 -1.7808 -1.79091 -1.9146 -2.02436
13.94 0 -0.61962 -1.01269 -1.31839 -1.58634 -1.77945 -1.80829 -1.79948 -1.93642 -2.06242
13.96 0 -0.634309 -1.05289 -1.3736 -1.64185 -1.82064 -1.84426 -1.82311 -1.96694 -2.09975
13.98 0 -0.641071 -1.08446 -1.42517 -1.68998 -1.85867 -1.87913 -1.85737 -1.99829 -2.12938
14 0 -0.637908 -1.09961 -1.46116 -1.72423 -1.88789 -1.90586 -1.89477 -2.02384 -2.14446
14.02 0 -0.622435 -1.09215 -1.46943 -1.73887 -1.901 -1.92021 -1.92445 -2.03795 -2.13843
14.04 0 -0.593646 -1.05802 -1.44279 -1.72803 -1.89308 -1.9203 -1.93641 -2.03655 -2.10722
14.06 0 -0.556565 -1.00075 -1.38544 -1.69063 -1.86773 -1.90934 -1.92975 -2.02098 -2.05485
14.08 0 -0.515359 -0.927497 -1.30559 -1.62783 -1.83027 -1.8897 -1.90836 -1.99248 -1.98784
14.1 0 -0.471599 -0.846975 -1.211 -1.54435 -1.78358 -1.8625 -1.87789 -1.95167 -1.91276
14.12 0 -0.426511 -0.766744 -1.1089 -1.44873 -1.72783 -1.82915 -1.84354 -1.90028 -1.83555
14.14 0 -0.382794 -0.691 -1.00715 -1.35061 -1.66293 -1.79164 -1.80869 -1.8423 -1.76117
14.16 0 -0.344306 -0.621692 -0.9142 -1.2578 -1.59144 -1.75189 -1.77486 -1.78379 -1.69371
14.18 0 -0.313177 -0.560268 -0.835871 -1.17449 -1.51801 -1.70988 -1.74139 -1.73052 -1.6354
14.2 0 -0.285266 -0.505621 -0.770029 -1.09885 -1.44417 -1.66042 -1.70279 -1.68284 -1.58332
14.22 0 -0.255045 -0.456503 -0.710939 -1.02795 -1.36999 -1.59784 -1.65327 -1.63829 -1.53356
14.24 0 -0.21877 -0.410049 -0.65292 -0.959096 -1.29383 -1.51834 -1.58837 -1.59233 -1.48283
14.26 0 -0.176641 -0.361836 -0.59347 -0.890365 -1.21338 -1.42191 -1.50647 -1.5398 -1.42963
14.28 0 -0.135544 -0.311602 -0.536584 -0.824378 -1.13013 -1.31603 -1.41255 -1.4798 -1.37806
14.3 0 -0.102459 -0.262723 -0.486468 -0.764533 -1.04699 -1.21 -1.31366 -1.41311 -1.33314
14.32 0 -0.0805279 -0.221012 -0.444143 -0.712349 -0.967151 -1.11074 -1.21572 -1.34108 -1.29765
14.34 0 -0.0666714 -0.189121 -0.405922 -0.663808 -0.891181 -1.01877 -1.11956 -1.26302 -1.26855
14.36 0 -0.0573606 -0.167569 -0.369149 -0.613882 -0.819723 -0.932648 -1.02454 -1.18001 -1.24115
14.38 0 -0.0527036 -0.156041 -0.335086 -0.560905 -0.754425 -0.852589 -0.931652 -1.09653 -1.21263
14.4 0 -0.0546578 -0.152566 -0.305916 -0.506371 -0.695265 -0.779307 -0.842676 -1.01731 -1.18118
14.42 0 -0.0647676 -0.155367 -0.282562 -0.454417 -0.640407 -0.713319 -0.76028 -0.945711 -1.14583
14.44 0 -0.0830094 -0.164503 -0.265324 -0.410164 -0.588519 -0.654841 -0.688339 -0.883964 -1.10676
14.46 0 -0.108886 -0.18215 -0.256565 -0.378212 -0.541655 -0.604782 -0.632199 -0.8346 -1.06617
14.48 0 -0.141316 -0.21041 -0.260622 -0.360937 -0.504354 -0.564643 -0.596522 -0.800129 -1.02708
14.5 0 -0.177258 -0.248981 -0.28075 -0.357878 -0.479874 -0.53589 -0.582039 -0.781272 -0.991185
14.52 0 -0.207596 -0.290585 -0.312405 -0.362671 -0.46392 -0.515446 -0.580308 -0.771919 -0.954169
14.54 0 -0.225211 -0.327123 -0.348132 -0.370144 -0.450855 -0.500684 -0.581345 -0.764889 -0.911844
14.56 0 -0.231398 -0.354655 -0.382782 -0.380857 -0.439949 -0.492635 -0.580804 -0.756673 -0.86523
14.58 0 -0.22985 -0.36972 -0.410502 -0.395114 -0.43203 -0.490176 -0.576625 -0.743199 -0.815736
14.6 0 -0.221822 -0.368463 -0.424026 -0.409253 -0.427223 -0.488018 -0.56625 -0.71857 -0.762341
14.62 0 -0.212191 -0.355242 -0.423571 -0.422889 -0.431425 -0.486245 -0.552818 -0.68406 -0.708916
14.64 0 -0.204852 -0.337999 -0.413781 -0.436066 -0.450089 -0.488351 -0.539954 -0.644822 -0.660129
14.66 0 -0.201745 -0.324601 -0.402202 -0.449905 -0.483843 -0.500398 -0.530155 -0.607737 -0.619849
14.68 0 -0.204365 -0.321293 -0.398011 -0.468109 -0.52947 -0.529006 -0.526559 -0.580105 -0.591531
14.7 0 -0.212291 -0.330067 -0.407646 -0.494001 -0.581206 -0.575961 -0.532002 -0.56576 -0.576186
14.72 0 -0.216839 -0.342412 -0.426212 -0.522046 -0.627142 -0.629652 -0.542431 -0.557484 -0.565658
14.74 0 -0.211731 -0.349477 -0.446143 -0.54624 -0.659567 -0.675867 -0.554639 -0.547324 -0.552002
14.76 0 -0.202595 -0.352464 -0.466809 -0.569376 -0.682754 -0.710743 -0.572822 -0.537684 -0.536705
14.78 0 -0.197762 -0.356462 -0.48863 -0.5958 -0.704062 -0.735903 -0.600071 -0.535009 -0.523554
14.8 0 -0.201926 -0.365838 -0.510863 -0.626751 -0.728009 -0.755124 -0.634378 -0.544864 -0.514578
14.82 0 -0.210673 -0.377715 -0.528368 -0.655164 -0.750436 -0.768634 -0.665471 -0.565181 -0.50535
14.84 0 -0.216919 -0.385943 -0.536808 -0.671538 -0.76428 -0.775421 -0.683299 -0.589236 -0.490579
14.86 0 -0.215557 -0.384785 -0.533895 -0.668938 -0.763844 -0.773606 -0.683765 -0.608054 -0.467578
14.88 0 -0.208035 -0.374569 -0.521181 -0.648888 -0.74939 -0.763844 -0.672482 -0.616031 -0.439967
14.9 0 -0.197466 -0.358185 -0.499347 -0.617062 -0.722943 -0.746467 -0.657226 -0.609644 -0.412471
14.92 0 -0.186693 -0.338662 -0.469087 -0.579383 -0.687265 -0.722171 -0.642801 -0.588537 -0.388735
14.94 0 -0.178057 -0.318051 -0.433642 -0.539638 -0.646303 -0.693342 -0.629255 -0.556799 -0.370925
14.96 0 -0.172878 -0.297994 -0.398449 -0.499555 -0.604906 -0.663723 -0.612896 -0.522581 -0.359628
14.98 0 -0.171106 -0.281253 -0.368507 -0.460992 -0.567888 -0.636747 -0.590128 -0.4949 -0.354837
15 0 -0.171099 -0.270836 -0.345785 -0.426802 -0.538199 -0.613109 -0.560429 -0.479092 -0.356186
15.02 0 -0.168761 -0.265347 -0.327627 -0.397894 -0.513898 -0.588062 -0.52508 -0.47252 -0.360901
15.04 0 -0.161703 -0.259861 -0.311347 -0.374212 -0.49081 -0.555795 -0.487895 -0.468163 -0.366278
15.06 0 -0.150657 -0.249011 -0.296351 -0.355407 -0.46483 -0.514009 -0.453036 -0.459572 -0.370915
15.08 0 -0.140036 -0.233337 -0.285396 -0.343291 -0.43591 -0.468093 -0.42467 -0.446603 -0.37689
15.1 0 -0.132956 -0.218597 -0.280415 -0.338544 -0.406835 -0.426707 -0.403704 -0.433268 -0.386495
15.12 0 -0.130809 -0.213012 -0.282407 -0.33986 -0.383268 -0.397767 -0.389219 -0.425425 -0.401504
15.14 0 -0.134384 -0.221817 -0.292002 -0.344424 -0.3714 -0.385221 -0.380402 -0.427385 -0.422542
15.16 0 -0.141962 -0.24113 -0.306199 -0.347162 -0.371753 -0.385634 -0.374843 -0.436934 -0.446036
15.18 0 -0.152309 -0.262532 -0.320394 -0.346304 -0.380436 -0.393072 -0.371699 -0.448803 -0.467761
15.2 0 -0.164691 -0.279131 -0.329929 -0.34482 -0.391525 -0.4029 -0.372173 -0.458249 -0.48495
15.22 0 -0.180162 -0.290898 -0.335087 -0.349509 -0.403 -0.415596 -0.38067 -0.465802 -0.499159
15.24 0 -0.196771 -0.299702 -0.338832 -0.362997 -0.415227 -0.43215 -0.399113 -0.473711 -0.5116
15.26 0 -0.206758 -0.30382 -0.342331 -0.378701 -0.427188 -0.449514 -0.422366 -0.4814 -0.518797
15.28 0 -0.202809 -0.300543 -0.345102 -0.387841 -0.437513 -0.464084 -0.44268 -0.487637 -0.516245
15.3 0 -0.18261 -0.287949 -0.344094 -0.386232 -0.443967 -0.473763 -0.453971 -0.491052 -0.501185
15.32 0 -0.152516 -0.267458 -0.336617 -0.378043 -0.446176 -0.480074 -0.456601 -0.491932 -0.476001
15.34 0 -0.121286 -0.240035 -0.319824 -0.368345 -0.443893 -0.483334 -0.453755 -0.488551 -0.444173
15.36 0 -0.092906 -0.203975 -0.290688 -0.355803 -0.435471 -0.479613 -0.446387 -0.47546 -0.406222
15.38 0 -0.0665241 -0.158687 -0.248773 -0.334597 -0.419577 -0.464869 -0.433032 -0.447927 -0.361288
15.4 0 -0.0389763 -0.106828 -0.19636 -0.299474 -0.395037 -0.438653 -0.410516 -0.405172 -0.308843
15.42 0 -0.0109045 -0.0560058 -0.140108 -0.252396 -0.363279 -0.407203 -0.378595 -0.353385 -0.252452
15.44 0 0.0148452 -0.0134007 -0.0868769 -0.199511 -0.326062 -0.377135 -0.339099 -0.300297 -0.196637
15.46 0 0.0337777 0.016378 -0.0429378 -0.148561 -0.286625 -0.351616 -0.296954 -0.252252 -0.146092
15.48 0 0.0403405 0.0304644 -0.014066 -0.107468 -0.250732 -0.330466 -0.260096 -0.213891 -0.10585
15.5 0 0.0312031 0.0275047 -0.00339671 -0.0821333 -0.223872 -0.311391 -0.235314 -0.187533 -0.0793773
15.52 0 0.0115528 0.0113241 -0.00679653 -0.071469 -0.204575 -0.288667 -0.220569 -0.169873 -0.0634846
15.54 0 -0.0106147 -0.0125478 -0.0188951 -0.0713953 -0.188308 -0.259559 -0.208662 -0.157196 -0.0529954
15.56 0 -0.0294346 -0.0383862 -0.0367761 -0.0771059 -0.17117 -0.225893 -0.191771 -0.14722 -0.0439396
15.58 0 -0.0453411 -0.0643891 -0.0620774 -0.0872215 -0.154725 -0.194027 -0.168162 -0.140834 -0.0373948
15.6 0 -0.0608586 -0.0912905 -0.0951105 -0.102102 -0.142958 -0.168764 -0.141043 -0.137794 -0.0361651
15.62 0 -0.0784896 -0.12174 -0.133431 -0.123544 -0.140223 -0.152079 -0.116915 -0.136391 -0.0431996
15.64 0 -0.100696 -0.158458 -0.174549 -0.153982 -0.150188 -0.145101 -0.102815 -0.135715 -0.0609017
15.66 0 -0.129059 -0.201412 -0.217842 -0.194294 -0.174446 -0.14928 -0.10253 -0.136848 -0.0896631
15.68 0 -0.161116 -0.245686 -0.262284 -0.240992 -0.210114 -0.164372 -0.113196 -0.140813 -0.12532
15.7 0 -0.192237 -0.286145 -0.306795 -0.289589 -0.252772 -0.189786 -0.129392 -0.149543 -0.162294
15.72 0 -0.216888 -0.319776 -0.348981 -0.336293 -0.297949 -0.223717 -0.146763 -0.164249 -0.195405
15.74 0 -0.23113 -0.345712 -0.385845 -0.378854 -0.342638 -0.263045 -0.164664 -0.184591 -0.221392
15.76 0 -0.236737 -0.365855 -0.417607 -0.418615 -0.388057 -0.306247 -0.18834 -0.211154 -0.241565
15.78 0 -0.238516 -0.381708 -0.446005 -0.457887 -0.43624 -0.352628 -0.22417 -0.24405 -0.259025
15.8 0 -0.241669 -0.394764 -0.473187 -0.499156 -0.488091 -0.403509 -0.276261 -0.283706 -0.277331
15.82 0 -0.248789 -0.407061 -0.500344 -0.543672 -0.54267 -0.461716 -0.344215 -0.330998 -0.299081
15.84 0 -0.256562 -0.418277 -0.52517 -0.587714 -0.596076 -0.527138 -0.421013 -0.384226 -0.322916
15.86 0 -0.260708 -0.427492 -0.545731 -0.625921 -0.646141 -0.597638 -0.498932 -0.441261 -0.347062
15.88 0 -0.259482 -0.433731 -0.561709 -0.654708 -0.693535 -0.669716 -0.573515 -0.500224 -0.371285
15.9 0 -0.250863 -0.432828 -0.569725 -0.671068 -0.736217 -0.736151 -0.640553 -0.556006 -0.39348
15.92 0 -0.235339 -0.421425 -0.566066 -0.676147 -0.771024 -0.791094 -0.698034 -0.604164 -0.41257
15.94 0 -0.220448 -0.403543 -0.553804 -0.678742 -0.800113 -0.837048 -0.750448 -0.647635 -0.434028
15.96 0 -0.213561 -0.386157 -0.539666 -0.686998 -0.827912 -0.879665 -0.802958 -0.692111 -0.464672
15.98 0 -0.218561 -0.377644 -0.532936 -0.705444 -0.860539 -0.925251 -0.859808 -0.744097 -0.51091
16 0 -0.234451 -0.385256 -0.542034 -0.734823 -0.903179 -0.978349 -0.92309 -0.808441 -0.576915
16.02 0 -0.252568 -0.407854 -0.566831 -0.769478 -0.952909 -1.03606 -0.988051 -0.882243 -0.659142
16.04 0 -0.265836 -0.439412 -0.602924 -0.804761 -1.00334 -1.09336 -1.04942 -0.960028 -0.751857
16.06 0 -0.272116 -0.470862 -0.643362 -0.838745 -1.04717 -1.14468 -1.10354 -1.03569 -0.849087
16.08 0 -0.273391 -0.494792 -0.681371 -0.871771 -1.07985 -1.18543 -1.14949 -1.10481 -0.946351
16.1 0 -0.276446 -0.511834 -0.715727 -0.907715 -1.10511 -1.21642 -1.19178 -1.16946 -1.04457
16.12 0 -0.282738 -0.522835 -0.74371 -0.944551 -1.12635 -1.23701 -1.23085 -1.23041 -1.14184
16.14 0 -0.289739 -0.529378 -0.763116 -0.976638 -1.14572 -1.24786 -1.26411 -1.28808 -1.23504
16.16 0 -0.294396 -0.533438 -0.773709 -0.998837 -1.16334 -1.25244 -1.2887 -1.34303 -1.32179
16.18 0 -0.29634 -0.537025 -0.777919 -1.00984 -1.1781 -1.25645 -1.30481 -1.39614 -1.40214
16.2 0 -0.297171 -0.540713 -0.778778 -1.01121 -1.18802 -1.26408 -1.31582 -1.44682 -1.4773
16.22 0 -0.298869 -0.543917 -0.778115 -1.00606 -1.19159 -1.27582 -1.32719 -1.49295 -1.54859
16.24 0 -0.301578 -0.54524 -0.775223 -0.996934 -1.1883 -1.28817 -1.34317 -1.53165 -1.61586
16.26 0 -0.304933 -0.544748 -0.769515 -0.986176 -1.18021 -1.29787 -1.366 -1.56281 -1.6789
16.28 0 -0.311039 -0.54623 -0.764431 -0.978167 -1.17335 -1.30694 -1.39736 -1.59245 -1.74007
16.3 0 -0.321307 -0.55312 -0.764368 -0.976219 -1.17293 -1.31986 -1.43561 -1.62838 -1.80124
16.32 0 -0.333036 -0.564497 -0.770225 -0.979586 -1.17936 -1.33812 -1.47497 -1.674 -1.86057
16.34 0 -0.342622 -0.57777 -0.780878 -0.986635 -1.19112 -1.3608 -1.51089 -1.72877 -1.91565
16.36 0 -0.347659 -0.589964 -0.793992 -0.996385 -1.20647 -1.38501 -1.54258 -1.78846 -1.96514
16.38 0 -0.347269 -0.597879 -0.806351 -1.00828 -1.22344 -1.40668 -1.57217 -1.84591 -2.00888
16.4 0 -0.342718 -0.599555 -0.815661 -1.02251 -1.24058 -1.42357 -1.60268 -1.89483 -2.04794
16.42 0 -0.339321 -0.598114 -0.82437 -1.04216 -1.25996 -1.43992 -1.63833 -1.93558 -2.08681
16.44 0 -0.341044 -0.598679 -0.836093 -1.06865 -1.28413 -1.46245 -1.68012 -1.97212 -2.12914
16.46 0 -0.346999 -0.604617 -0.852218 -1.09904 -1.31366 -1.49518 -1.72422 -2.00786 -2.17472
16.48 0 -0.35512 -0.617903 -0.873598 -1.13001 -1.34939 -1.53939 -1.76704 -2.04582 -2.22222
16.5 0 -0.364368 -0.638684 -0.900305 -1.16031 -1.3922 -1.59301 -1.80781 -2.08749 -2.2704
16.52 0 -0.374689 -0.664856 -0.930834 -1.19057 -1.44138 -1.65126 -1.84836 -2.13175 -2.3179
16.54 0 -0.38689 -0.693095 -0.962844 -1.22329 -1.49418 -1.70933 -1.89169 -2.17628 -2.36367
16.56 0 -0.401671 -0.720096 -0.994331 -1.26127 -1.54682 -1.76406 -1.93983 -2.21921 -2.40676
16.58 0 -0.418409 -0.74353 -1.02455 -1.30507 -1.59631 -1.8142 -1.99211 -2.26009 -2.446
16.6 0 -0.435605 -0.763228 -1.05492 -1.35305 -1.64233 -1.86076 -2.0459 -2.30062 -2.48095
16.62 0 -0.451832 -0.782133 -1.08856 -1.40286 -1.68777 -1.90672 -2.09894 -2.34406 -2.51284
16.64 0 -0.459639 -0.798287 -1.12133 -1.44655 -1.72988 -1.94878 -2.14402 -2.38634 -2.53762
16.66 0 -0.452197 -0.806857 -1.1459 -1.47656 -1.76306 -1.98101 -2.17443 -2.4195 -2.55016
16.68 0 -0.428836 -0.801856 -1.15613 -1.48925 -1.78203 -1.99844 -2.18725 -2.43571 -2.54756
16.7 0 -0.398802 -0.782236 -1.15216 -1.48893 -1.78722 -2.0025 -2.18672 -2.43379 -2.53337
16.72 0 -0.371998 -0.750829 -1.13527 -1.48132 -1.78109 -1.99649 -2.17768 -2.41593 -2.5122
16.74 0 -0.353911 -0.714491 -1.10716 -1.46991 -1.76765 -1.98391 -2.16298 -2.38677 -2.48767
16.76 0 -0.345161 -0.682315 -1.07227 -1.45516 -1.75243 -1.9684 -2.144 -2.35293 -2.46256
16.78 0 -0.34339 -0.661623 -1.03802 -1.43566 -1.74025 -1.95311 -2.12151 -2.32096 -2.43878
16.8 0 -0.345071 -0.653988 -1.01124 -1.40993 -1.73141 -1.93911 -2.09573 -2.29409 -2.41635
16.82 0 -0.348838 -0.656905 -0.996229 -1.38136 -1.72226 -1.92669 -2.06878 -2.27285 -2.39534
16.84 0 -0.355156 -0.666456 -0.993243 -1.35748 -1.70764 -1.91493 -2.04447 -2.2557 -2.37619
16.86 0 -0.36356 -0.678438 -0.998605 -1.34374 -1.68434 -1.90021 -2.02559 -2.23932 -2.35825
16.88 0 -0.371316 -0.688705 -1.00687 -1.33893 -1.65331 -1.87662 -2.01111 -2.22004 -2.339
16.9 0 -0.375878 -0.695 -1.0145 -1.33719 -1.61989 -1.84108 -1.9967 -2.19705 -2.31615
16.92 0 -0.378747 -0.6999 -1.02223 -1.3352 -1.59199 -1.79889 -1.97856 -2.17489 -2.29122
16.94 0 -0.382738 -0.707413 -1.03089 -1.33324 -1.57396 -1.75967 -1.95384 -2.15821 -2.26712
16.96 0 -0.39104 -0.720741 -1.04105 -1.33454 -1.56649 -1.7325 -1.9237 -2.14854 -2.24761
16.98 0 -0.406859 -0.741387 -1.05492 -1.34311 -1.56982 -1.72243 -1.89513 -2.14409 -2.23721
17 0 -0.431447 -0.769138 -1.07587 -1.36125 -1.58492 -1.72932 -1.87809 -2.14126 -2.23946
17.02 0 -0.460895 -0.801471 -1.10447 -1.38757 -1.61052 -1.74839 -1.87821 -2.13603 -2.2535
17.04 0 -0.489494 -0.836424 -1.13937 -1.42051 -1.64402 -1.77588 -1.89516 -2.12889 -2.27575
17.06 0 -0.512188 -0.871433 -1.17757 -1.45841 -1.6814 -1.80999 -1.92249 -2.12438 -2.30053
17.08 0 -0.526231 -0.90248 -1.21566 -1.4986 -1.7191 -1.84911 -1.95151 -2.12776 -2.32175
17.1 0 -0.537538 -0.93156 -1.25685 -1.54381 -1.76208 -1.8961 -1.98274 -2.14801 -2.34123
17.12 0 -0.549113 -0.958816 -1.30034 -1.59342 -1.81319 -1.94826 -2.0182 -2.18625 -2.35946
17.14 0 -0.561521 -0.984788 -1.34299 -1.64627 -1.87252 -2.00131 -2.06173 -2.23771 -2.37748
17.16 0 -0.574791 -1.01071 -1.38275 -1.70216 -1.93737 -2.05411 -2.11719 -2.29589 -2.39775
17.18 0 -0.589881 -1.0378 -1.4212 -1.76128 -2.00405 -2.11051 -2.1862 -2.35659 -2.42386
17.2 0 -0.607842 -1.0666 -1.46238 -1.82241 -2.06979 -2.17652 -2.26676 -2.41881 -2.4588
17.22 0 -0.628958 -1.0983 -1.50989 -1.88351 -2.13485 -2.25661 -2.3549 -2.48425 -2.50455
17.24 0 -0.652368 -1.13556 -1.56436 -1.94338 -2.20268 -2.35067 -2.44735 -2.55549 -2.56213
17.26 0 -0.676389 -1.18036 -1.62289 -2.0023 -2.2772 -2.45351 -2.54222 -2.63384 -2.63117
17.28 0 -0.700823 -1.23221 -1.68218 -2.06278 -2.36056 -2.55859 -2.63927 -2.71957 -2.711
17.3 0 -0.727419 -1.2874 -1.74097 -2.1284 -2.45172 -2.66131 -2.73858 -2.81246 -2.80092
17.32 0 -0.758251 -1.34078 -1.80019 -2.20199 -2.54711 -2.76006 -2.83952 -2.91224 -2.9002
17.34 0 -0.792926 -1.38833 -1.86099 -2.28381 -2.64222 -2.85478 -2.94026 -3.01788 -3.00756
17.36 0 -0.825992 -1.42748 -1.9217 -2.36964 -2.73195 -2.9438 -3.03693 -3.12569 -3.11963
17.38 0 -0.849612 -1.45813 -1.97891 -2.45271 -2.81281 -3.02429 -3.12585 -3.23074 -3.23247
17.4 0 -0.856773 -1.48035 -2.0287 -2.52541 -2.88263 -3.09296 -3.20398 -3.32771 -3.34205
17.42 0 -0.844042 -1.49141 -2.06719 -2.58082 -2.93884 -3.14673 -3.26831 -3.41152 -3.44404
17.44 0 -0.814341 -1.48642 -2.09122 -2.61533 -2.97842 -3.18447 -3.31652 -3.47891 -3.53486
17.46 0 -0.777817 -1.46457 -2.10019 -2.63224 -3.00156 -3.20963 -3.35046 -3.53181 -3.61498
17.48 0 -0.743971 -1.4298 -2.09253 -2.63695 -3.01009 -3.22575 -3.37336 -3.57371 -3.68585
17.5 0 -0.718305 -1.38949 -2.06715 -2.63285 -3.00807 -3.23457 -3.389 -3.6081 -3.74893
17.52 0 -0.702511 -1.35146 -2.02693 -2.62003 -3.00144 -3.23703 -3.40123 -3.63839 -3.80583
17.54 0 -0.695597 -1.32139 -1.98011 -2.59664 -2.9953 -3.23527 -3.41314 -3.66797 -3.85838
17.56 0 -0.695142 -1.30157 -1.93669 -2.56212 -2.99067 -3.23324 -3.42623 -3.69953 -3.90809
17.58 0 -0.696924 -1.29023 -1.90196 -2.51911 -2.98222 -3.2341 -3.43952 -3.73291 -3.95446
17.6 0 -0.697581 -1.28448 -1.87625 -2.4744 -2.96321 -3.23907 -3.45263 -3.76639 -3.99677
17.62 0 -0.695708 -1.28104 -1.85752 -2.43435 -2.93112 -3.24545 -3.46707 -3.79744 -4.0346
17.64 0 -0.691464 -1.2765 -1.84334 -2.40106 -2.89021 -3.24681 -3.48488 -3.82372 -4.06749
17.66 0 -0.685452 -1.2685 -1.83127 -2.37295 -2.84838 -3.23693 -3.506 -3.84455 -4.09469
17.68 0 -0.677845 -1.25682 -1.81828 -2.3482 -2.8118 -3.2141 -3.52642 -3.86167 -4.11521
17.7 0 -0.668247 -1.24234 -1.80131 -2.32601 -2.78178 -3.18208 -3.53892 -3.87788 -4.12802
17.72 0 -0.65651 -1.22514 -1.7792 -2.30554 -2.75616 -3.14719 -3.53684 -3.89439 -4.13273
17.74 0 -0.64335 -1.20441 -1.75375 -2.28523 -2.73274 -3.11432 -3.51834 -3.90903 -4.13053
17.76 0 -0.630664 -1.18124 -1.72902 -2.26453 -2.71167 -3.08623 -3.48859 -3.91753 -4.12516
17.78 0 -0.61959 -1.15913 -1.70774 -2.24436 -2.69387 -3.06307 -3.4564 -3.91499 -4.12073
17.8 0 -0.61005 -1.1422 -1.69021 -2.22668 -2.67936 -3.04387 -3.42897 -3.8982 -4.11972
17.82 0 -0.600553 -1.1308 -1.67471 -2.21152 -2.6655 -3.02679 -3.40718 -3.86628 -4.12038
17.84 0 -0.590804 -1.12185 -1.66074 -2.1973 -2.64965 -3.01081 -3.38653 -3.82307 -4.1184
17.86 0 -0.581933 -1.11175 -1.64892 -2.18217 -2.63117 -2.99532 -3.36093 -3.77543 -4.1094
17.88 0 -0.57623 -1.10118 -1.64009 -2.16696 -2.61286 -2.98003 -3.32821 -3.7309 -4.09205
17.9 0 -0.574723 -1.09411 -1.63335 -2.15428 -2.59825 -2.96332 -3.29056 -3.69438 -4.06669
17.92 0 -0.577712 -1.09447 -1.62818 -2.14708 -2.58958 -2.94338 -3.25338 -3.6672 -4.03487
17.94 0 -0.585387 -1.10269 -1.62647 -2.14659 -2.58629 -2.91991 -3.22238 -3.6472 -3.99856
17.96 0 -0.595752 -1.11403 -1.62993 -2.15021 -2.58316 -2.89339 -3.19906 -3.62843 -3.95776
17.98 0 -0.60555 -1.12377 -1.63876 -2.15434 -2.57406 -2.86627 -3.18106 -3.60519 -3.91189
18 0 -0.611632 -1.131 -1.65091 -2.15643 -2.55607 -2.84197 -3.16439 -3.57466 -3.86097
18.02 0 -0.615062 -1.14021 -1.66528 -2.15721 -2.534 -2.82492 -3.14799 -3.53939 -3.80829
18.04 0 -0.619768 -1.15548 -1.68136 -2.15794 -2.51685 -2.81691 -3.13267 -3.50371 -3.7577
18.06 0 -0.630385 -1.17735 -1.69885 -2.15999 -2.51259 -2.81687 -3.11975 -3.47115 -3.71198
18.08 0 -0.64779 -1.20172 -1.71502 -2.16403 -2.52211 -2.82117 -3.10818 -3.44171 -3.67047
18.1 0 -0.669702 -1.2242 -1.72722 -2.17215 -2.54075 -2.82747 -3.09643 -3.41419 -3.63166
18.12 0 -0.691525 -1.24172 -1.73522 -2.18609 -2.56183 -2.83502 -3.08359 -3.38728 -3.59426
18.14 0 -0.708257 -1.25304 -1.74241 -2.20522 -2.58103 -2.84364 -3.07033 -3.36033 -3.55802
18.16 0 -0.715463 -1.25829 -1.75285 -2.22601 -2.59725 -2.85208 -3.05797 -3.33288 -3.52284
18.18 0 -0.710749 -1.25904 -1.76764 -2.2448 -2.61101 -2.85856 -3.04742 -3.30484 -3.48849
18.2 0 -0.695417 -1.25708 -1.78361 -2.26027 -2.62243 -2.86209 -3.03846 -3.27679 -3.45451
18.22 0 -0.674818 -1.25256 -1.79557 -2.27297 -2.63075 -2.86272 -3.02976 -3.24984 -3.42035
18.24 0 -0.656087 -1.24384 -1.79955 -2.28289 -2.63531 -2.86092 -3.01969 -3.22495 -3.3855
18.26 0 -0.64433 -1.22973 -1.79405 -2.28801 -2.6363 -2.85669 -3.00719 -3.20238 -3.34976
18.28 0 -0.639886 -1.21184 -1.77922 -2.28505 -2.63414 -2.8495 -2.99214 -3.18131 -3.31321
18.3 0 -0.638628 -1.19394 -1.75606 -2.27115 -2.62804 -2.83875 -2.97494 -3.16005 -3.27605
18.32 0 -0.635407 -1.1786 -1.72679 -2.24521 -2.6154 -2.82423 -2.95598 -3.13668 -3.23851
18.34 0 -0.627487 -1.16444 -1.69472 -2.20829 -2.59249 -2.80587 -2.93528 -3.10965 -3.20065
18.36 0 -0.615086 -1.14717 -1.6624 -2.16326 -2.55621 -2.78281 -2.91231 -3.07812 -3.16227
18.38 0 -0.599379 -1.12336 -1.62957 -2.11352 -2.50626 -2.75268 -2.88589 -3.04205 -3.12285
18.4 0 -0.58054 -1.09264 -1.59296 -2.06128 -2.44564 -2.71179 -2.85408 -3.00197 -3.08151
18.42 0 -0.557615 -1.05613 -1.54857 -2.00621 -2.37893 -2.65659 -2.81375 -2.95843 -3.03698
18.44 0 -0.530583 -1.01441 -1.495 -1.94651 -2.31004 -2.58644 -2.76157 -2.91192 -2.98856
18.46 0 -0.502276 -0.968293 -1.43519 -1.88224 -2.2415 -2.50586 -2.6966 -2.86369 -2.93798
18.48 0 -0.475633 -0.919227 -1.3729 -1.8152 -2.17283 -2.42156 -2.62037 -2.81363 -2.88788
18.5 0 -0.452141 -0.870279 -1.31094 -1.7482 -2.10242 -2.3392 -2.53734 -2.75996 -2.84106
18.52 0 -0.43213 -0.825603 -1.25164 -1.68339 -2.03036 -2.26166 -2.45418 -2.70071 -2.80002
18.54 0 -0.415251 -0.788229 -1.19728 -1.62089 -1.95879 -2.18894 -2.3767 -2.63526 -2.76561
18.56 0 -0.39961 -0.757429 -1.14806 -1.55806 -1.88865 -2.1185 -2.30555 -2.56425 -2.73485
18.58 0 -0.383873 -0.730733 -1.10281 -1.49316 -1.81937 -2.04858 -2.2374 -2.49094 -2.70307
18.6 0 -0.368607 -0.706214 -1.06 -1.42749 -1.75005 -1.97949 -2.16837 -2.42055 -2.66649
18.62 0 -0.358336 -0.685838 -1.02118 -1.3669 -1.68349 -1.91463 -2.09985 -2.3602 -2.62606
18.64 0 -0.357687 -0.673014 -0.989343 -1.31718 -1.62464 -1.85661 -2.0373 -2.31456 -2.58507
18.66 0 -0.368235 -0.670655 -0.967374 -1.28128 -1.57804 -1.80609 -1.98734 -2.28392 -2.54695
18.68 0 -0.385022 -0.677503 -0.954502 -1.2566 -1.54289 -1.76071 -1.95166 -2.26245 -2.51136
18.7 0 -0.401643 -0.690342 -0.94947 -1.23938 -1.51531 -1.72007 -1.92812 -2.24372 -2.47697
18.72 0 -0.413111 -0.704565 -0.95112 -1.22633 -1.49036 -1.68617 -1.91141 -2.22314 -2.44218
18.74 0 -0.416425 -0.714941 -0.957256 -1.21454 -1.46405 -1.6605 -1.89475 -2.19778 -2.40492
18.76 0 -0.410498 -0.716967 -0.963315 -1.20138 -1.43499 -1.64128 -1.87249 -2.16525 -2.36286
18.78 0 -0.396486 -0.708581 -0.963155 -1.1854 -1.40514 -1.62348 -1.84228 -2.1239 -2.31437
18.8 0 -0.379321 -0.692299 -0.953366 -1.16863 -1.38041 -1.6034 -1.80693 -2.07543 -2.26104
18.82 0 -0.364022 -0.671696 -0.933331 -1.15348 -1.36549 -1.57968 -1.76991 -2.0229 -2.20514
18.84 0 -0.353795 -0.649763 -0.906362 -1.14146 -1.36109 -1.5548 -1.73316 -1.97016 -2.14869
18.86 0 -0.349519 -0.629116 -0.879516 -1.13355 -1.36391 -1.53432 -1.69774 -1.9212 -2.09371
18.88 0 -0.350078 -0.613056 -0.860624 -1.13061 -1.36974 -1.5237 -1.66563 -1.87911 -2.04245
18.9 0 -0.353458 -0.60651 -0.855302 -1.13351 -1.37678 -1.5255 -1.64102 -1.84559 -1.99757
18.92 0 -0.35768 -0.61355 -0.86548 -1.14259 -1.38583 -1.5379 -1.62873 -1.82048 -1.96095
18.94 0 -0.360259 -0.63187 -0.887385 -1.15548 -1.39618 -1.55403 -1.62909 -1.80043 -1.93052
18.96 0 -0.361952 -0.654484 -0.914864 -1.1703 -1.40629 -1.56756 -1.63865 -1.78284 -1.90282
18.98 0 -0.365767 -0.673908 -0.941357 -1.18647 -1.41439 -1.57564 -1.65119 -1.76741 -1.87455
19 0 -0.374679 -0.687418 -0.962386 -1.20459 -1.42077 -1.57968 -1.66115 -1.75646 -1.84475
19.02 0 -0.387862 -0.696452 -0.97553 -1.22326 -1.42708 -1.58145 -1.66484 -1.75131 -1.8136
19.04 0 -0.400605 -0.703183 -0.98066 -1.23802 -1.43476 -1.58062 -1.66097 -1.74986 -1.78138
19.06 0 -0.40668 -0.70672 -0.97878 -1.24286 -1.44204 -1.57496 -1.6496 -1.74621 -1.74754
19.08 0 -0.405868 -0.707232 -0.974509 -1.23834 -1.4473 -1.56669 -1.63525 -1.73731 -1.71508
19.1 0 -0.40139 -0.705122 -0.971129 -1.22985 -1.44789 -1.55999 -1.62255 -1.72236 -1.68763
19.12 0 -0.397163 -0.701771 -0.969453 -1.22381 -1.44241 -1.55815 -1.61462 -1.70278 -1.66797
19.14 0 -0.396386 -0.699924 -0.970021 -1.22384 -1.43397 -1.56227 -1.6132 -1.68253 -1.65793
19.16 0 -0.400522 -0.702551 -0.974268 -1.22921 -1.42968 -1.57134 -1.61812 -1.66716 -1.65787
19.18 0 -0.408274 -0.710778 -0.982581 -1.23645 -1.4353 -1.58275 -1.62658 -1.6612 -1.66592
19.2 0 -0.418047 -0.724613 -0.994389 -1.2448 -1.45218 -1.59542 -1.63596 -1.66785 -1.68016
19.22 0 -0.429549 -0.742958 -1.00905 -1.25758 -1.47701 -1.61057 -1.64594 -1.68822 -1.69997
19.24 0 -0.443292 -0.763369 -1.02703 -1.27883 -1.50473 -1.6297 -1.65913 -1.72038 -1.72596
19.26 0 -0.458557 -0.782808 -1.0495 -1.30887 -1.53171 -1.65231 -1.67931 -1.75941 -1.75873
19.28 0 -0.470427 -0.797672 -1.07468 -1.34166 -1.55511 -1.6742 -1.70686 -1.79775 -1.79599
19.3 0 -0.472969 -0.806153 -1.09795 -1.36926 -1.57303 -1.69145 -1.73838 -1.82949 -1.83398
19.32 0 -0.463503 -0.807687 -1.1135 -1.38607 -1.58421 -1.70322 -1.76759 -1.853 -1.86896
19.34 0 -0.44703 -0.803359 -1.11914 -1.39242 -1.59028 -1.71354 -1.79034 -1.87246 -1.90057
19.36 0 -0.431432 -0.793266 -1.11479 -1.39051 -1.59366 -1.72597 -1.80506 -1.89251 -1.9296
19.38 0 -0.422629 -0.778325 -1.10149 -1.38286 -1.59708 -1.74088 -1.81416 -1.91531 -1.95745
19.4 0 -0.421989 -0.762244 -1.08136 -1.37218 -1.60299 -1.75636 -1.82343 -1.94069 -1.98618
19.42 0 -0.426937 -0.75021 -1.05846 -1.36126 -1.61224 -1.77101 -1.8391 -1.96782 -2.01807
19.44 0 -0.433998 -0.745807 -1.03938 -1.35285 -1.62364 -1.78623 -1.86484 -1.9973 -2.05508
19.46 0 -0.440438 -0.748704 -1.03082 -1.34872 -1.63431 -1.80501 -1.89979 -2.03088 -2.09762
19.48 0 -0.442054 -0.753476 -1.03355 -1.3472 -1.63913 -1.82663 -1.93731 -2.06774 -2.14189
19.5 0 -0.43579 -0.754831 -1.04283 -1.34601 -1.63557 -1.84694 -1.97047 -2.10567 -2.18325
19.52 0 -0.420642 -0.749212 -1.04974 -1.3427 -1.62462 -1.85891 -1.9945 -2.14081 -2.21759
19.54 0 -0.398518 -0.734465 -1.04551 -1.33487 -1.60941 -1.85603 -2.00721 -2.16878 -2.2424
19.56 0 -0.375989 -0.711785 -1.02801 -1.32295 -1.59488 -1.83858 -2.01024 -2.18864 -2.25966
19.58 0 -0.358715 -0.683524 -0.999786 -1.30764 -1.58274 -1.81214 -2.00491 -2.20081 -2.27234
19.6 0 -0.348469 -0.653621 -0.966084 -1.28944 -1.57104 -1.78507 -1.99186 -2.20619 -2.28319
19.62 0 -0.343555 -0.62766 -0.933265 -1.26882 -1.55724 -1.7647 -1.97298 -2.20584 -2.29466
19.64 0 -0.341348 -0.611074 -0.907478 -1.24647 -1.54122 -1.75423 -1.95261 -2.20078 -2.30881
19.66 0 -0.341015 -0.607226 -0.893515 -1.22443 -1.52581 -1.75244 -1.93691 -2.19258 -2.32722
19.68 0 -0.344303 -0.616492 -0.893557 -1.20708 -1.51477 -1.75579 -1.93111 -2.1843 -2.35044
19.7 0 -0.353796 -0.636157 -0.906243 -1.19985 -1.51005 -1.761 -1.93629 -2.18007 -2.37718
19.72 0 -0.371757 -0.663091 -0.92892 -1.20787 -1.5126 -1.76738 -1.95011 -2.18505 -2.40566
19.74 0 -0.398392 -0.695494 -0.959942 -1.23344 -1.52392 -1.77635 -1.96907 -2.20376 -2.43463
19.76 0 -0.431226 -0.73322 -0.999677 -1.27469 -1.54668 -1.79012 -1.99107 -2.23807 -2.4639
19.78 0 -0.466084 -0.777073 -1.04941 -1.32723 -1.58346 -1.81081 -2.01676 -2.28587 -2.49457
19.8 0 -0.498833 -0.827122 -1.10884 -1.38701 -1.63396 -1.84015 -2.04868 -2.34115 -2.52826
19.82 0 -0.527686 -0.881714 -1.17556 -1.45253 -1.69461 -1.88013 -2.08964 -2.397 -2.56657
19.84 0 -0.553054 -0.936793 -1.2454 -1.52329 -1.76008 -1.93227 -2.14022 -2.44772 -2.60964
19.86 0 -0.576487 -0.987681 -1.31424 -1.59761 -1.8268 -1.99672 -2.19865 -2.49065 -2.65616
19.88 0 -0.598703 -1.03121 -1.37853 -1.67152 -1.89468 -2.07121 -2.26129 -2.52677 -2.70348
19.9 0 -0.619005 -1.06709 -1.43523 -1.74053 -1.96616 -2.15161 -2.3242 -2.56001 -2.74843
19.92 0 -0.637188 -1.09818 -1.48317 -1.80337 -2.04429 -2.23474 -2.38595 -2.59635 -2.78966
19.94 0 -0.653451 -1.12705 -1.52275 -1.86185 -2.12874 -2.31855 -2.44719 -2.64037 -2.827
19.96 0 -0.668711 -1.15411 -1.55668 -1.91934 -2.21554 -2.40221 -2.51041 -2.69375 -2.8615
19.98 0 -0.683518 -1.17771 -1.58899 -1.97798 -2.29914 -2.48492 -2.57862 -2.75491 -2.89472
20 0 -0.695082 -1.19448 -1.62111 -2.03556 -2.37326 -2.56338 -2.65207 -2.81841 -2.92633
20.02 0 -0.698977 -1.20288 -1.65172 -2.08793 -2.43377 -2.63382 -2.72846 -2.87877 -2.95528
20.04 0 -0.691084 -1.20305 -1.67706 -2.13037 -2.47902 -2.69318 -2.80263 -2.93227 -2.98008
20.06 0 -0.669825 -1.19429 -1.69228 -2.15821 -2.50877 -2.73913 -2.86705 -2.97682 -2.99864
20.08 0 -0.637908 -1.17459 -1.69333 -2.16806 -2.52381 -2.77036 -2.91453 -3.01151 -3.00938
20.1 0 -0.602904 -1.14408 -1.67906 -2.1609 -2.52709 -2.78812 -2.9426 -3.03745 -3.01384
20.12 0 -0.571931 -1.10503 -1.64873 -2.13981 -2.52099 -2.79365 -2.9522 -3.05495 -3.01462
20.14 0 -0.548629 -1.06165 -1.60254 -2.10792 -2.50679 -2.78746 -2.94672 -3.06294 -3.01443
20.16 0 -0.532622 -1.01882 -1.5443 -2.06683 -2.4853 -2.77011 -2.93064 -3.0602 -3.01578
20.18 0 -0.521366 -0.980198 -1.48184 -2.0171 -2.45681 -2.74335 -2.90784 -3.04699 -3.0206
20.2 0 -0.51218 -0.947472 -1.42408 -1.96033 -2.42051 -2.71037 -2.8803 -3.02608 -3.02967
20.22 0 -0.503452 -0.921588 -1.37745 -1.90079 -2.3751 -2.67469 -2.84871 -3.0023 -3.04272
20.24 0 -0.495116 -0.90381 -1.3443 -1.84477 -2.32091 -2.6381 -2.81422 -2.98094 -3.05909
20.26 0 -0.488819 -0.895462 -1.32385 -1.79823 -2.26215 -2.59962 -2.77966 -2.9662 -3.07839
20.28 0 -0.4877 -0.896978 -1.3148 -1.76468 -2.20667 -2.55684 -2.74903 -2.96063 -3.10091
20.3 0 -0.494438 -0.907108 -1.316 -1.74455 -2.16187 -2.50857 -2.72471 -2.96479 -3.12681
20.32 0 -0.507279 -0.921814 -1.32366 -1.73446 -2.12863 -2.45538 -2.70371 -2.97559 -3.15354
20.34 0 -0.521961 -0.937397 -1.33329 -1.73078 -2.10268 -2.40162 -2.68058 -2.98873 -3.17813
20.36 0 -0.533564 -0.950555 -1.3412 -1.72957 -2.07816 -2.35212 -2.65094 -2.99905 -3.19805
20.38 0 -0.53791 -0.957412 -1.34489 -1.72553 -2.05084 -2.30842 -2.61327 -3.00021 -3.21113
20.4 0 -0.532242 -0.953856 -1.34187 -1.71276 -2.01892 -2.26802 -2.56848 -2.98546 -3.21512
20.42 0 -0.516198 -0.937744 -1.3288 -1.68785 -1.98244 -2.22713 -2.51878 -2.95031 -3.20829
20.44 0 -0.494225 -0.912104 -1.30428 -1.65361 -1.94441 -2.18588 -2.46834 -2.89696 -3.19183
20.46 0 -0.471783 -0.881203 -1.26846 -1.61487 -1.90749 -2.14646 -2.41936 -2.83199 -3.16696
20.48 0 -0.453233 -0.848392 -1.22449 -1.57546 -1.87371 -2.11178 -2.372 -2.76408 -3.13435
20.5 0 -0.441392 -0.816178 -1.17879 -1.53769 -1.84512 -2.08412 -2.32674 -2.70171 -3.09489
20.52 0 -0.436775 -0.788207 -1.13843 -1.50365 -1.82374 -2.06433 -2.28632 -2.65132 -3.05025
20.54 0 -0.436852 -0.768787 -1.10787 -1.47576 -1.80984 -2.05124 -2.25474 -2.61553 -3.00195
20.56 0 -0.435079 -0.757731 -1.08594 -1.45356 -1.79856 -2.03966 -2.2329 -2.58998 -2.94853
20.58 0 -0.426836 -0.750979 -1.07052 -1.43538 -1.78401 -2.02481 -2.21965 -2.56769 -2.88858
20.6 0 -0.411252 -0.741687 -1.05968 -1.41843 -1.76144 -2.00393 -2.21106 -2.54205 -2.82114
20.62 0 -0.389268 -0.723407 -1.04933 -1.39899 -1.72823 -1.97576 -2.19995 -2.50798 -2.74511
20.64 0 -0.362327 -0.694224 -1.03287 -1.3739 -1.68524 -1.94016 -2.17852 -2.46291 -2.66006
20.66 0 -0.334567 -0.65937 -1.00645 -1.34336 -1.6392 -1.89994 -2.14391 -2.4088 -2.56938
20.68 0 -0.310149 -0.624802 -0.969697 -1.30784 -1.59754 -1.85761 -2.09667 -2.34816 -2.47736
20.7 0 -0.292583 -0.593751 -0.926496 -1.26821 -1.56464 -1.81542 -2.03993 -2.2826 -2.38805
20.72 0 -0.284284 -0.567473 -0.883568 -1.22771 -1.54024 -1.77622 -1.97868 -2.21342 -2.30529
20.74 0 -0.285926 -0.548021 -0.84718 -1.1922 -1.52065 -1.74334 -1.91877 -2.1423 -2.23242
20.76 0 -0.296252 -0.539439 -0.822192 -1.1677 -1.50283 -1.71918 -1.86586 -2.07228 -2.17209
20.78 0 -0.313058 -0.546067 -0.813698 -1.15757 -1.48782 -1.70443 -1.82454 -2.00842 -2.12596
20.8 0 -0.335152 -0.570669 -0.827272 -1.16238 -1.48086 -1.69876 -1.79791 -1.95755 -2.09492
20.82 0 -0.361953 -0.612689 -0.865632 -1.18146 -1.48707 -1.70111 -1.78634 -1.92576 -2.07822
20.84 0 -0.389837 -0.665518 -0.921966 -1.21204 -1.50432 -1.70707 -1.78428 -1.9129 -2.07027
20.86 0 -0.416089 -0.720831 -0.984726 -1.25256 -1.52671 -1.71267 -1.78544 -1.91528 -2.06511
20.88 0 -0.439224 -0.769687 -1.04313 -1.30014 -1.54813 -1.71444 -1.78519 -1.92621 -2.05806
20.9 0 -0.45707 -0.803629 -1.08962 -1.34775 -1.56423 -1.70852 -1.7806 -1.93622 -2.04563
20.92 0 -0.466479 -0.818271 -1.11999 -1.38613 -1.57314 -1.69242 -1.77009 -1.93621 -2.02596
20.94 0 -0.466982 -0.81752 -1.13461 -1.41048 -1.57694 -1.66963 -1.75513 -1.92324 -2.00148
20.96 0 -0.458942 -0.807914 -1.13433 -1.41925 -1.5769 -1.64628 -1.73611 -1.89821 -1.97489
20.98 0 -0.444302 -0.793497 -1.12076 -1.41257 -1.57237 -1.62807 -1.71205 -1.86407 -1.94763
21 0 -0.426313 -0.773724 -1.09616 -1.39082 -1.5615 -1.61726 -1.68192 -1.8238 -1.91938
21.02 0 -0.408267 -0.746793 -1.06266 -1.35584 -1.54325 -1.61146 -1.64719 -1.78001 -1.88921
21.04 0 -0.391863 -0.713704 -1.02144 -1.312 -1.5186 -1.60506 -1.61234 -1.73507 -1.85682
21.06 0 -0.378382 -0.679991 -0.975385 -1.2665 -1.49103 -1.59464 -1.58382 -1.69328 -1.82423
21.08 0 -0.367436 -0.650277 -0.928937 -1.22456 -1.46323 -1.57872 -1.56513 -1.65904 -1.79311
21.1 0 -0.355085 -0.622745 -0.885085 -1.18508 -1.43319 -1.55485 -1.55261 -1.63317 -1.7612
21.12 0 -0.337782 -0.593286 -0.845872 -1.14509 -1.39715 -1.52245 -1.53958 -1.6149 -1.7257
21.14 0 -0.313219 -0.558918 -0.81024 -1.10235 -1.35151 -1.48217 -1.5198 -1.60125 -1.68482
21.16 0 -0.280178 -0.518487 -0.773302 -1.05519 -1.29442 -1.43348 -1.48934 -1.58613 -1.63794
21.18 0 -0.239769 -0.471971 -0.729342 -1.00199 -1.22732 -1.37465 -1.44747 -1.56234 -1.58579
21.2 0 -0.197437 -0.421229 -0.676906 -0.942876 -1.15587 -1.30661 -1.39709 -1.5262 -1.53192
21.22 0 -0.158792 -0.367984 -0.617321 -0.87848 -1.08508 -1.23264 -1.34038 -1.47691 -1.47981
21.24 0 -0.127359 -0.314401 -0.552875 -0.810484 -1.01702 -1.15812 -1.27747 -1.41627 -1.43188
21.26 0 -0.104458 -0.263638 -0.486291 -0.741699 -0.951714 -1.0888 -1.2079 -1.34841 -1.38928
21.28 0 -0.0897515 -0.219307 -0.421194 -0.674871 -0.889512 -1.02798 -1.13296 -1.27842 -1.35226
21.3 0 -0.0820431 -0.184482 -0.362012 -0.611838 -0.832236 -0.974808 -1.057 -1.21081 -1.32046
21.32 0 -0.0795301 -0.160808 -0.312632 -0.553809 -0.781637 -0.925323 -0.985943 -1.14852 -1.29282
21.34 0 -0.0809478 -0.148933 -0.275977 -0.503283 -0.737837 -0.876447 -0.925141 -1.09403 -1.26833
21.36 0 -0.0861242 -0.148625 -0.25401 -0.464082 -0.698994 -0.828482 -0.877471 -1.05008 -1.24631
21.38 0 -0.0958039 -0.158882 -0.248156 -0.439534 -0.663249 -0.784692 -0.843166 -1.0195 -1.22653
21.4 0 -0.110228 -0.177914 -0.25878 -0.430102 -0.630637 -0.748487 -0.820547 -1.00369 -1.20881
21.42 0 -0.126582 -0.202332 -0.282671 -0.431633 -0.601839 -0.719582 -0.805881 -0.999654 -1.19127
21.44 0 -0.141981 -0.229767 -0.314639 -0.439496 -0.578947 -0.696196 -0.796534 -1.0022 -1.17287
21.46 0 -0.156472 -0.259915 -0.349951 -0.452114 -0.565188 -0.678269 -0.792354 -1.00698 -1.1551
21.48 0 -0.171844 -0.291821 -0.384515 -0.469552 -0.562348 -0.667249 -0.793114 -1.01057 -1.13991
21.5 0 -0.189973 -0.322935 -0.415752 -0.491801 -0.570365 -0.665366 -0.797339 -1.01078 -1.12849
21.52 0 -0.210565 -0.34979 -0.442302 -0.517376 -0.587755 -0.673934 -0.802263 -1.00628 -1.12046
21.54 0 -0.230718 -0.370227 -0.463744 -0.543905 -0.61296 -0.692595 -0.805535 -0.996854 -1.11448
21.56 0 -0.24624 -0.384474 -0.48045 -0.569359 -0.6448 -0.719414 -0.806796 -0.983568 -1.1091
21.58 0 -0.25501 -0.395079 -0.494706 -0.594327 -0.682966 -0.752706 -0.809017 -0.969625 -1.10433
21.6 0 -0.257429 -0.403942 -0.509335 -0.621104 -0.726312 -0.790786 -0.816234 -0.958784 -1.10055
21.62 0 -0.25623 -0.411693 -0.527065 -0.652598 -0.772907 -0.832592 -0.831932 -0.954759 -1.09826
21.64 0 -0.255225 -0.419167 -0.550018 -0.691181 -0.821246 -0.878029 -0.858496 -0.960999 -1.09833
21.66 0 -0.257238 -0.428525 -0.578989 -0.737319 -0.87098 -0.927283 -0.896938 -0.979939 -1.10176
21.68 0 -0.262393 -0.442024 -0.612699 -0.788282 -0.922004 -0.979461 -0.94613 -1.0116 -1.10875
21.7 0 -0.27007 -0.461443 -0.649646 -0.840127 -0.974715 -1.03383 -1.0041 -1.05468 -1.11975
21.72 0 -0.280637 -0.487238 -0.689039 -0.889929 -1.02935 -1.09079 -1.06884 -1.10748 -1.13581
21.74 0 -0.29628 -0.519347 -0.731222 -0.937804 -1.08605 -1.15248 -1.13949 -1.16895 -1.15928
21.76 0 -0.319093 -0.557439 -0.776429 -0.985982 -1.14463 -1.22108 -1.21593 -1.23802 -1.19271
21.78 0 -0.34978 -0.601504 -0.824802 -1.03725 -1.20563 -1.29744 -1.29864 -1.31372 -1.23841
21.8 0 -0.387493 -0.651889 -0.877161 -1.09369 -1.27113 -1.38092 -1.38838 -1.39558 -1.29832
21.82 0 -0.430378 -0.708925 -0.935292 -1.1565 -1.34407 -1.47039 -1.48554 -1.48404 -1.37395
21.84 0 -0.474501 -0.77073 -0.999444 -1.22503 -1.42483 -1.56355 -1.58764 -1.57862 -1.46444
21.86 0 -0.509422 -0.827607 -1.06208 -1.2921 -1.50479 -1.65204 -1.68408 -1.67209 -1.56117
21.88 0 -0.52688 -0.869316 -1.11509 -1.35121 -1.57444 -1.72811 -1.76473 -1.75737 -1.65536
21.9 0 -0.528678 -0.893044 -1.15746 -1.40302 -1.63226 -1.79105 -1.82869 -1.83432 -1.7458
21.92 0 -0.519815 -0.899036 -1.18948 -1.44899 -1.6799 -1.84107 -1.87908 -1.9038 -1.83322
21.94 0 -0.504711 -0.889986 -1.21055 -1.48935 -1.71969 -1.87826 -1.91993 -1.96612 -1.91824
21.96 0 -0.485972 -0.871013 -1.21956 -1.5231 -1.75328 -1.90395 -1.95439 -2.02178 -2.00094
21.98 0 -0.46458 -0.8468 -1.21581 -1.54757 -1.78026 -1.92077 -1.98313 -2.07125 -2.08017
22 0 -0.441887 -0.819878 -1.20076 -1.5593 -1.79907 -1.93234 -2.00562 -2.11534 -2.1544
22.02 0 -0.420396 -0.791388 -1.17776 -1.55596 -1.8084 -1.94209 -2.02217 -2.15516 -2.22272
22.04 0 -0.403859 -0.76445 -1.15135 -1.5391 -1.80928 -1.95308 -2.03647 -2.19297 -2.28649
22.06 0 -0.394807 -0.743847 -1.12477 -1.51334 -1.80389 -1.96637 -2.05382 -2.23094 -2.34792
22.08 0 -0.394493 -0.734 -1.10073 -1.48481 -1.79511 -1.9819 -2.07932 -2.27139 -2.40935
22.1 0 -0.40383 -0.736886 -1.08348 -1.45974 -1.78646 -2.00014 -2.11631 -2.31751 -2.47308
22.12 0 -0.422299 -0.751197 -1.07768 -1.44252 -1.78079 -2.02185 -2.16471 -2.37242 -2.54025
22.14 0 -0.444297 -0.771366 -1.08315 -1.43302 -1.7771 -2.04476 -2.21877 -2.43525 -2.60784
22.16 0 -0.462841 -0.792184 -1.09621 -1.43002 -1.7738 -2.06577 -2.27176 -2.5032 -2.6722
22.18 0 -0.472348 -0.809203 -1.11128 -1.43192 -1.77001 -2.08139 -2.31848 -2.57168 -2.73041
22.2 0 -0.470069 -0.817313 -1.12247 -1.43595 -1.76519 -2.08779 -2.35528 -2.63435 -2.78031
22.22 0 -0.456853 -0.811785 -1.12534 -1.43888 -1.75919 -2.08282 -2.38 -2.68506 -2.82096
22.24 0 -0.437778 -0.792895 -1.11922 -1.43999 -1.75386 -2.06956 -2.39343 -2.72177 -2.8547
22.26 0 -0.417214 -0.76498 -1.10436 -1.43893 -1.7502 -2.05346 -2.39655 -2.74461 -2.88421
22.28 0 -0.397427 -0.734389 -1.08208 -1.43484 -1.74798 -2.04015 -2.39033 -2.75486 -2.91143
22.3 0 -0.379823 -0.706622 -1.0561 -1.4264 -1.74684 -2.03379 -2.37677 -2.7546 -2.93763
22.32 0 -0.365649 -0.684459 -1.03132 -1.4126 -1.74649 -2.03528 -2.3591 -2.74604 -2.96306
22.34 0 -0.354857 -0.667689 -1.01015 -1.39335 -1.74533 -2.04071 -2.34042 -2.73032 -2.98599
22.36 0 -0.347056 -0.655467 -0.992158 -1.37129 -1.74109 -2.04444 -2.32338 -2.70883 -3.0042
22.38 0 -0.341884 -0.646644 -0.975692 -1.35022 -1.73147 -2.0418 -2.3088 -2.68416 -3.01521
22.4 0 -0.339133 -0.639557 -0.960453 -1.33218 -1.71524 -2.03037 -2.29532 -2.6599 -3.01679
22.42 0 -0.338867 -0.633327 -0.948224 -1.31757 -1.6934 -2.0101 -2.28091 -2.64001 -3.00789
22.44 0 -0.340324 -0.628556 -0.940746 -1.30519 -1.66836 -1.9823 -2.26369 -2.62695 -2.98845
22.46 0 -0.342102 -0.627259 -0.938182 -1.2937 -1.64261 -1.94925 -2.24305 -2.62022 -2.95966
22.48 0 -0.343538 -0.631262 -0.939328 -1.28282 -1.61768 -1.91392 -2.22028 -2.61589 -2.92427
22.5 0 -0.345726 -0.640128 -0.94287 -1.27307 -1.59403 -1.87948 -2.19756 -2.60815 -2.8857
22.52 0 -0.350601 -0.650891 -0.947763 -1.26465 -1.57146 -1.84858 -2.17608 -2.59156 -2.84667
22.54 0 -0.359627 -0.661114 -0.953363 -1.25768 -1.55064 -1.82366 -2.15564 -2.56356 -2.80906
22.56 0 -0.3733 -0.671958 -0.959911 -1.25345 -1.53464 -1.80754 -2.13587 -2.52617 -2.77479
22.58 0 -0.390383 -0.686554 -0.968021 -1.25346 -1.52763 -1.80173 -2.11613 -2.48456 -2.7449
22.6 0 -0.409393 -0.707235 -0.979486 -1.25933 -1.53348 -1.80602 -2.09679 -2.44511 -2.71961
22.62 0 -0.430058 -0.734056 -0.997556 -1.27353 -1.55431 -1.81927 -2.08023 -2.41366 -2.69914
22.64 0 -0.453186 -0.765779 -1.02575 -1.30009 -1.5895 -1.84066 -2.07085 -2.39438 -2.68415
22.66 0 -0.478106 -0.800498 -1.06505 -1.34223 -1.63513 -1.86901 -2.07251 -2.38823 -2.67456
22.68 0 -0.498126 -0.832472 -1.10971 -1.39585 -1.68215 -1.89854 -2.08301 -2.38933 -2.66518
22.7 0 -0.50605 -0.855629 -1.15241 -1.45176 -1.72264 -1.92276 -2.09716 -2.39013 -2.64979
22.72 0 -0.498576 -0.865404 -1.18718 -1.49932 -1.75249 -1.93746 -2.1092 -2.38488 -2.62383
22.74 0 -0.480472 -0.862731 -1.21212 -1.53354 -1.77341 -1.9449 -2.11701 -2.37379 -2.58833
22.76 0 -0.458772 -0.850783 -1.22488 -1.5533 -1.78738 -1.94923 -2.11931 -2.35852 -2.54582
22.78 0 -0.439178 -0.833299 -1.2226 -1.5593 -1.79515 -1.95355 -2.11555 -2.33992 -2.49873
22.8 0 -0.424677 -0.812698 -1.20381 -1.55168 -1.79648 -1.9581 -2.10629 -2.31708 -2.44871
22.82 0 -0.415849 -0.789868 -1.1706 -1.52993 -1.79112 -1.96083 -2.09337 -2.28847 -2.39705
22.84 0 -0.410983 -0.765222 -1.12831 -1.49432 -1.77848 -1.95929 -2.07883 -2.25348 -2.34495
22.86 0 -0.407459 -0.740519 -1.08338 -1.44853 -1.75776 -1.95275 -2.06437 -2.21405 -2.29415
22.88 0 -0.402531 -0.718083 -1.04075 -1.39876 -1.72803 -1.94153 -2.05015 -2.17386 -2.24613
22.9 0 -0.394948 -0.69938 -1.00397 -1.35126 -1.69016 -1.92579 -2.03536 -2.13728 -2.20213
22.92 0 -0.385778 -0.68453 -0.97603 -1.31039 -1.64802 -1.9048 -2.01936 -2.1083 -2.16348
22.94 0 -0.377617 -0.673517 -0.958745 -1.27873 -1.60769 -1.87759 -2.0023 -2.08971 -2.13193
22.96 0 -0.372626 -0.667191 -0.951441 -1.25794 -1.57441 -1.84421 -1.98446 -2.0821 -2.10921
22.98 0 -0.370425 -0.665629 -0.950236 -1.24759 -1.54911 -1.80567 -1.96445 -2.08232 -2.0955
23 0 -0.370459 -0.668222 -0.952106 -1.24609 -1.53017 -1.76559 -1.94115 -2.08577 -2.09094
23.02 0 -0.373642 -0.674103 -0.957503 -1.25113 -1.51633 -1.72956 -1.91551 -2.08848 -2.09669
23.04 0 -0.38068 -0.682624 -0.968101 -1.25966 -1.50721 -1.70215 -1.88992 -2.08735 -2.11363
23.06 0 -0.391008 -0.694752 -0.984052 -1.26949 -1.50322 -1.68571 -1.8673 -2.08114 -2.1415
23.08 0 -0.40341 -0.712441 -1.00354 -1.2804 -1.50513 -1.68055 -1.85019 -2.07149 -2.17861
23.1 0 -0.416963 -0.735603 -1.02414 -1.29288 -1.51321 -1.6851 -1.83965 -2.06208 -2.22152
23.12 0 -0.430051 -0.759206 -1.04284 -1.30545 -1.52539 -1.6949 -1.83388 -2.05569 -2.26428
23.14 0 -0.441014 -0.776512 -1.05724 -1.31617 -1.53854 -1.7049 -1.83043 -2.05392 -2.30092
23.16 0 -0.447706 -0.783129 -1.06506 -1.32398 -1.54931 -1.7112 -1.82788 -2.05719 -2.32709
23.18 0 -0.448673 -0.779797 -1.06552 -1.32976 -1.55621 -1.71304 -1.82743 -2.06613 -2.34178
23.2 0 -0.44258 -0.769339 -1.05897 -1.33334 -1.55872 -1.71111 -1.83095 -2.08005 -2.34558
23.22 0 -0.429355 -0.753851 -1.04739 -1.33268 -1.557 -1.70705 -1.83985 -2.09664 -2.34011
23.24 0 -0.410833 -0.734183 -1.03312 -1.32535 -1.55136 -1.70345 -1.85417 -2.11291 -2.32775
23.26 0 -0.389815 -0.71112 -1.01657 -1.31045 -1.54172 -1.7032 -1.87215 -2.12612 -2.31093
23.28 0 -0.369294 -0.686606 -0.996162 -1.28939 -1.52863 -1.70835 -1.89134 -2.13479 -2.29207
23.3 0 -0.352542 -0.663592 -0.971071 -1.26517 -1.51496 -1.71955 -1.9103 -2.13944 -2.27407
23.32 0 -0.342083 -0.644075 -0.942966 -1.24034 -1.5051 -1.73542 -1.92854 -2.14174 -2.25954
23.34 0 -0.339007 -0.628948 -0.915917 -1.21729 -1.50281 -1.75381 -1.94616 -2.14402 -2.2506
23.36 0 -0.34252 -0.619368 -0.894611 -1.19963 -1.50939 -1.77359 -1.96351 -2.14903 -2.24897
23.38 0 -0.350384 -0.617382 -0.883056 -1.19227 -1.52365 -1.79515 -1.98124 -2.15946 -2.2562
23.4 0 -0.359933 -0.624389 -0.884382 -1.19909 -1.54341 -1.81899 -2.00017 -2.17695 -2.27323
23.42 0 -0.368095 -0.638458 -0.899777 -1.21975 -1.56597 -1.84312 -2.02002 -2.20029 -2.29894
23.44 0 -0.373611 -0.656366 -0.92891 -1.25141 -1.59014 -1.86467 -2.04057 -2.22726 -2.33161
23.46 0 -0.377031 -0.67592 -0.968431 -1.29061 -1.6157 -1.88163 -2.06117 -2.25573 -2.36932
23.48 0 -0.379776 -0.696581 -1.01187 -1.33415 -1.64217 -1.89391 -2.08014 -2.28407 -2.4099
23.5 0 -0.383627 -0.717983 -1.05242 -1.37845 -1.66848 -1.90299 -2.09504 -2.31093 -2.45098
23.52 0 -0.390717 -0.73896 -1.08627 -1.41917 -1.69387 -1.91112 -2.10444 -2.33528 -2.49065
23.54 0 -0.403866 -0.759559 -1.11424 -1.45344 -1.71939 -1.92159 -2.1103 -2.35751 -2.52911
23.56 0 -0.423797 -0.781225 -1.13828 -1.48025 -1.74572 -1.93684 -2.11657 -2.3781 -2.56715
23.58 0 -0.448694 -0.806534 -1.15986 -1.50102 -1.77244 -1.95822 -2.12767 -2.39777 -2.60546
23.6 0 -0.475928 -0.837237 -1.18087 -1.51895 -1.79865 -1.98636 -2.14738 -2.41823 -2.64449
23.62 0 -0.502751 -0.871399 -1.20348 -1.53644 -1.8232 -2.02003 -2.17688 -2.44137 -2.68332
23.64 0 -0.523569 -0.90109 -1.22586 -1.55121 -1.84228 -2.05311 -2.2114 -2.4657 -2.7166
23.66 0 -0.534142 -0.919363 -1.24451 -1.56121 -1.85369 -2.07969 -2.24509 -2.48998 -2.73947
23.68 0 -0.535957 -0.926599 -1.25822 -1.56946 -1.8609 -2.09944 -2.27659 -2.51696 -2.75282
23.7 0 -0.532188 -0.926254 -1.26607 -1.57945 -1.86866 -2.11439 -2.30624 -2.54864 -2.75994
23.72 0 -0.526246 -0.921923 -1.26896 -1.59264 -1.8811 -2.12777 -2.33527 -2.5847 -2.76519
23.74 0 -0.520655 -0.91585 -1.26952 -1.608 -1.90011 -2.14321 -2.36482 -2.62259 -2.7727
23.76 0 -0.514205 -0.907245 -1.26824 -1.62145 -1.92255 -2.16185 -2.39312 -2.65656 -2.78329
23.78 0 -0.504452 -0.895188 -1.26402 -1.62968 -1.94316 -2.18372 -2.4176 -2.68127 -2.79624
23.8 0 -0.489437 -0.878856 -1.2547 -1.63074 -1.95719 -2.20704 -2.43582 -2.69313 -2.80983
23.82 0 -0.468473 -0.856657 -1.23789 -1.62279 -1.96183 -2.22732 -2.44545 -2.69072 -2.82122
23.84 0 -0.44321 -0.827413 -1.2125 -1.60484 -1.95722 -2.2392 -2.44519 -2.6759 -2.82762
23.86 0 -0.419661 -0.794757 -1.18167 -1.58063 -1.94788 -2.24173 -2.43768 -2.65621 -2.83004
23.88 0 -0.403196 -0.764756 -1.1495 -1.55572 -1.93805 -2.23663 -2.42648 -2.64014 -2.83067
23.9 0 -0.396839 -0.744056 -1.12102 -1.53562 -1.93037 -2.22744 -2.41564 -2.63444 -2.83243
23.92 0 -0.400831 -0.737035 -1.10212 -1.52361 -1.92563 -2.21777 -2.40901 -2.6421 -2.83801
23.94 0 -0.410346 -0.741604 -1.09534 -1.51742 -1.92014 -2.20728 -2.4068 -2.65895 -2.84647
23.96 0 -0.42019 -0.753352 -1.10106 -1.5137 -1.90976 -2.19481 -2.40807 -2.67827 -2.85626
23.98 0 -0.426802 -0.768014 -1.11596 -1.51025 -1.89192 -2.17931 -2.4108 -2.6937 -2.86588
24 0 -0.428634 -0.781774 -1.13298 -1.50562 -1.86618 -2.15945 -2.41125 -2.70052 -2.87327
24.02 0 -0.426852 -0.791338 -1.14473 -1.49845 -1.83507 -2.1343 -2.40508 -2.69697 -2.87653
24.04 0 -0.426466 -0.796243 -1.14868 -1.48914 -1.80524 -2.10605 -2.3908 -2.686 -2.87651
24.06 0 -0.431451 -0.797607 -1.1453 -1.47835 -1.78283 -2.07793 -2.36848 -2.67159 -2.87466
24.08 0 -0.442304 -0.798258 -1.13676 -1.4675 -1.77096 -2.05352 -2.34002 -2.65675 -2.87256
24.1 0 -0.456746 -0.80184 -1.12691 -1.45932 -1.76933 -2.03637 -2.30983 -2.64301 -2.87208
24.12 0 -0.472068 -0.810791 -1.12162 -1.45713 -1.77571 -2.02928 -2.28433 -2.63095 -2.87531
24.14 0 -0.48701 -0.825706 -1.12757 -1.46413 -1.78814 -2.03392 -2.27031 -2.62157 -2.8842
24.16 0 -0.501985 -0.846886 -1.14982 -1.4833 -1.80668 -2.05093 -2.27318 -2.61763 -2.90024
24.18 0 -0.516862 -0.8743 -1.18799 -1.51595 -1.83208 -2.07898 -2.29401 -2.62229 -2.9226
24.2 0 -0.52622 -0.902409 -1.23197 -1.55617 -1.86052 -2.11052 -2.32462 -2.63354 -2.94358
24.22 0 -0.5253 -0.923168 -1.26956 -1.595 -1.88747 -2.13721 -2.35364 -2.64754 -2.95413
24.24 0 -0.51179 -0.926968 -1.29026 -1.62233 -1.90775 -2.1517 -2.37022 -2.65853 -2.94617
24.26 0 -0.486417 -0.906748 -1.28709 -1.63044 -1.9163 -2.1498 -2.36801 -2.65962 -2.91544
24.28 0 -0.456949 -0.867266 -1.26195 -1.62152 -1.91436 -2.13655 -2.35192 -2.64957 -2.86786
24.3 0 -0.429859 -0.819096 -1.21971 -1.60046 -1.9041 -2.11915 -2.33032 -2.62825 -2.81211
24.32 0 -0.40846 -0.773379 -1.16829 -1.57103 -1.88809 -2.10412 -2.31083 -2.59701 -2.7563
24.34 0 -0.394946 -0.738765 -1.11917 -1.53611 -1.87025 -2.09694 -2.29889 -2.56044 -2.70731
24.36 0 -0.391818 -0.721155 -1.08422 -1.50029 -1.85552 -2.10189 -2.29761 -2.52658 -2.67069
24.38 0 -0.401979 -0.725221 -1.07191 -1.47247 -1.84912 -2.1219 -2.30899 -2.50567 -2.65098
24.4 0 -0.42496 -0.751719 -1.08325 -1.46167 -1.8534 -2.15497 -2.33224 -2.50462 -2.64904
24.42 0 -0.447911 -0.786575 -1.10491 -1.46336 -1.85927 -2.18487 -2.35523 -2.51535 -2.65301
24.44 0 -0.459775 -0.812687 -1.12422 -1.46917 -1.85849 -2.19517 -2.36673 -2.5266 -2.65122
24.46 0 -0.462089 -0.823696 -1.13963 -1.47829 -1.85315 -2.18251 -2.36631 -2.53555 -2.64335
24.48 0 -0.458319 -0.820271 -1.15075 -1.4909 -1.84584 -2.15116 -2.35524 -2.54096 -2.63225
24.5 0 -0.449719 -0.808188 -1.15582 -1.50552 -1.83668 -2.10992 -2.33365 -2.54107 -2.62089
24.52 0 -0.437066 -0.794396 -1.15458 -1.51822 -1.82541 -2.06846 -2.30226 -2.5339 -2.612
24.54 0 -0.421984 -0.781847 -1.14884 -1.52256 -1.81208 -2.03271 -2.26291 -2.51664 -2.60685
24.56 0 -0.404309 -0.766698 -1.13725 -1.51014 -1.79349 -2.00088 -2.21564 -2.48379 -2.60189
24.58 0 -0.384231 -0.744744 -1.1155 -1.47732 -1.76533 -1.96821 -2.16085 -2.43217 -2.59199
24.6 0 -0.364055 -0.716105 -1.07946 -1.42827 -1.72528 -1.93144 -2.1009 -2.36493 -2.57377
24.62 0 -0.34528 -0.681613 -1.02711 -1.36868 -1.6725 -1.88712 -2.03725 -2.2883 -2.54398
24.64 0 -0.327567 -0.640338 -0.961045 -1.30068 -1.6079 -1.83137 -1.96985 -2.20865 -2.49952
24.66 0 -0.308129 -0.590303 -0.886453 -1.22279 -1.53268 -1.76065 -1.89722 -2.13007 -2.43761
24.68 0 -0.283269 -0.532138 -0.807445 -1.13447 -1.44715 -1.67415 -1.81818 -2.0547 -2.35719
24.7 0 -0.25179 -0.470851 -0.726991 -1.03992 -1.35199 -1.57583 -1.73436 -1.98383 -2.26115
24.72 0 -0.215183 -0.411296 -0.647188 -0.944487 -1.24831 -1.47137 -1.64905 -1.91577 -2.15484
24.74 0 -0.177615 -0.355719 -0.571134 -0.851552 -1.13947 -1.36606 -1.5661 -1.84681 -2.04469
24.76 0 -0.144511 -0.304976 -0.502628 -0.762431 -1.0315 -1.26444 -1.48844 -1.77391 -1.93708
24.78 0 -0.119903 -0.260806 -0.443506 -0.678194 -0.930833 -1.17062 -1.41643 -1.69625 -1.83689
24.8 0 -0.104164 -0.225544 -0.39155 -0.600059 -0.841146 -1.08718 -1.34684 -1.61432 -1.74597
24.82 0 -0.0962299 -0.201391 -0.343979 -0.529943 -0.764478 -1.01564 -1.27587 -1.53021 -1.66464
24.84 0 -0.0955086 -0.188189 -0.300739 -0.469235 -0.702343 -0.955649 -1.20152 -1.44679 -1.59244
24.86 0 -0.102185 -0.183438 -0.264871 -0.418835 -0.655774 -0.904968 -1.12516 -1.36672 -1.52866
24.88 0 -0.116331 -0.185396 -0.240657 -0.381122 -0.624668 -0.86136 -1.05164 -1.29259 -1.47325
24.9 0 -0.136266 -0.194556 -0.231143 -0.359975 -0.606707 -0.823953 -0.986876 -1.22674 -1.42629
24.92 0 -0.15902 -0.21301 -0.238147 -0.359114 -0.598793 -0.793849 -0.935738 -1.17175 -1.38787
24.94 0 -0.18218 -0.24237 -0.263772 -0.37991 -0.599659 -0.773462 -0.901241 -1.13069 -1.35813
24.96 0 -0.203989 -0.281001 -0.309412 -0.419288 -0.609487 -0.763978 -0.883371 -1.10526 -1.33603
24.98 0 -0.21981 -0.32108 -0.368818 -0.467654 -0.62473 -0.760643 -0.87568 -1.09095 -1.31536
25 0 -0.225955 -0.354838 -0.429895 -0.515764 -0.640339 -0.757186 -0.870144 -1.08065 -1.28918
25.02 0 -0.222213 -0.377226 -0.479442 -0.557538 -0.652051 -0.749019 -0.86059 -1.06744 -1.25288
25.04 0 -0.215203 -0.388651 -0.51156 -0.592115 -0.661236 -0.73747 -0.847081 -1.04926 -1.20832
25.06 0 -0.211681 -0.390606 -0.525687 -0.618228 -0.670762 -0.725485 -0.831269 -1.02538 -1.15904
25.08 0 -0.214629 -0.385622 -0.524609 -0.633576 -0.682544 -0.716373 -0.814467 -0.995753 -1.10827
25.1 0 -0.22162 -0.377284 -0.512212 -0.635942 -0.6954 -0.713031 -0.796733 -0.9606 -1.05783
25.12 0 -0.224508 -0.366275 -0.4899 -0.622316 -0.702751 -0.714614 -0.775019 -0.917868 -1.00566
25.14 0 -0.216003 -0.349901 -0.458339 -0.591788 -0.696752 -0.717057 -0.746484 -0.865176 -0.948383
25.16 0 -0.194011 -0.323122 -0.418478 -0.546334 -0.672484 -0.713774 -0.710601 -0.801357 -0.883257
25.18 0 -0.163301 -0.284059 -0.372892 -0.492051 -0.631807 -0.69961 -0.670686 -0.729522 -0.810983
25.2 0 -0.129492 -0.23477 -0.322361 -0.435095 -0.580076 -0.670594 -0.629293 -0.654696 -0.732985
25.22 0 -0.0961217 -0.180699 -0.266574 -0.379566 -0.523436 -0.625272 -0.586526 -0.582565 -0.650718
25.24 0 -0.0651926 -0.127851 -0.207251 -0.326853 -0.466888 -0.565978 -0.540652 -0.518426 -0.566125
25.26 0 -0.0382978 -0.0801787 -0.149311 -0.276232 -0.412771 -0.498727 -0.489514 -0.465671 -0.481835
25.28 0 -0.0165784 -0.0395285 -0.0983755 -0.226664 -0.360407 -0.430882 -0.432581 -0.423948 -0.400968
25.3 0 -0.000778878 -0.00777933 -0.0580909 -0.17896 -0.308244 -0.368339 -0.37313 -0.389297 -0.327453
25.32 0 0.00862323 0.0123704 -0.0292613 -0.135679 -0.256256 -0.313792 -0.317661 -0.356127 -0.265451
25.34 0 0.0107888 0.0185684 -0.0113457 -0.0995973 -0.207103 -0.267426 -0.272848 -0.320148 -0.218444
25.36 0 0.00398757 0.0102586 -0.00451457 -0.0725986 -0.165399 -0.229307 -0.24204 -0.280873 -0.18865
25.38 0 -0.0138156 -0.0112909 -0.0101226 -0.0560718 -0.135776 -0.201406 -0.223578 -0.242983 -0.176484
25.4 0 -0.0433701 -0.0448529 -0.0294687 -0.0520877 -0.121551 -0.187308 -0.212638 -0.215108 -0.180716
25.42 0 -0.0807777 -0.0881077 -0.0605204 -0.0612474 -0.122524 -0.187355 -0.20337 -0.203311 -0.197321
25.44 0 -0.111874 -0.129626 -0.0917979 -0.0748683 -0.128935 -0.189644 -0.185721 -0.200549 -0.213779
25.46 0 -0.12497 -0.156444 -0.11291 -0.0838161 -0.130989 -0.180098 -0.155227 -0.195276 -0.219074
25.48 0 -0.121953 -0.164183 -0.123569 -0.088582 -0.12745 -0.155334 -0.119202 -0.183052 -0.213063
25.5 0 -0.10867 -0.152923 -0.124801 -0.0922408 -0.117834 -0.118289 -0.0848873 -0.162371 -0.19841
25.52 0 -0.088771 -0.126651 -0.115741 -0.0955156 -0.100746 -0.0748709 -0.054036 -0.133517 -0.176668
25.54 0 -0.0615668 -0.0899063 -0.0939641 -0.0928839 -0.0744401 -0.0293297 -0.0221049 -0.0967183 -0.146227
25.56 0 -0.0261336 -0.0457549 -0.0590726 -0.0752143 -0.0392781 0.016341 0.0170198 -0.0525642 -0.104609
25.58 0 0.0166051 0.00536971 -0.0117744 -0.0343202 0.00398335 0.0624678 0.0676073 -0.000797615 -0.0496572
25.6 0 0.0647156 0.0645101 0.0493316 0.0329272 0.0567739 0.111569 0.130649 0.0607852 0.0201571
25.62 0 0.115732 0.131933 0.127428 0.121966 0.122269 0.167157 0.203355 0.134856 0.104688
25.64 0 0.164215 0.204711 0.220817 0.221321 0.20022 0.229754 0.278313 0.219769 0.199398
25.66 0 0.20512 0.280223 0.322617 0.321499 0.287399 0.298666 0.349185 0.311004 0.299013
25.68 0 0.235119 0.355106 0.423473 0.417734 0.377764 0.371762 0.413427 0.401588 0.398808
25.7 0 0.253616 0.422884 0.514647 0.507572 0.464024 0.444706 0.471613 0.483102 0.494304
25.72 0 0.262165 0.47445 0.589644 0.587689 0.539708 0.511494 0.524734 0.54793 0.580646
25.74 0 0.262137 0.501081 0.643445 0.652711 0.599863 0.565959 0.571239 0.591348 0.652061
25.76 0 0.252315 0.497482 0.670507 0.696163 0.640328 0.603058 0.60573 0.612066 0.701802
25.78 0 0.230497 0.465786 0.666078 0.714109 0.659304 0.62134 0.622471 0.613173 0.725199
25.8 0 0.202089 0.420133 0.634998 0.711805 0.664114 0.628538 0.625024 0.606425 0.727403
25.82 0 0.175222 0.374949 0.588448 0.696144 0.664299 0.63341 0.621838 0.603333 0.717098
25.84 0 0.158532 0.340588 0.541974 0.674123 0.668495 0.643363 0.62446 0.611895 0.704379
25.86 0 0.157479 0.323357 0.509386 0.652682 0.681459 0.663568 0.643643 0.635147 0.698365
25.88 0 0.16685 0.321544 0.492473 0.634429 0.697266 0.691961 0.680171 0.667119 0.699983
25.9 0 0.178805 0.331114 0.487777 0.622293 0.707822 0.72543 0.729386 0.701439 0.707549
25.92 0 0.187722 0.345802 0.491954 0.617157 0.708746 0.760407 0.783593 0.73435 0.718629
25.94 0 0.190802 0.357602 0.502065 0.615864 0.700948 0.791502 0.833858 0.763876 0.730116
25.96 0 0.186548 0.360149 0.512706 0.613234 0.688376 0.811977 0.87204 0.788277 0.7386
25.98 0 0.175605 0.352864 0.51691 0.60738 0.675953 0.817823 0.893769 0.806984 0.742932
26 0 0.166775 0.345199 0.515475 0.606093 0.673525 0.815257 0.904518 0.826231 0.750601
26.02 0 0.170306 0.347291 0.515575 0.618549 0.689257 0.815269 0.913069 0.852938 0.771486
26.04 0 0.192054 0.365111 0.52805 0.649713 0.725871 0.828915 0.927468 0.890923 0.813313
26.06 0 0.226358 0.396849 0.558186 0.695515 0.776714 0.859204 0.94951 0.935896 0.875371
26.08 0 0.263814 0.44028 0.606875 0.750737 0.834052 0.904897 0.980064 0.982688 0.953892
26.1 0 0.297382 0.493395 0.67093 0.811924 0.892599 0.961862 1.01984 1.02859 1.04383
26.12 0 0.324678 0.55229 0.744036 0.876763 0.949974 1.02377 1.06796 1.07388 1.13899
26.14 0 0.346857 0.610959 0.818818 0.942964 1.00594 1.08388 1.12125 1.12082 1.23275
26.16 0 0.365958 0.662851 0.888353 1.0077 1.06054 1.13686 1.17475 1.17176 1.31895
26.18 0 0.382667 0.70271 0.946556 1.06761 1.1123 1.17983 1.22307 1.2272 1.39253
26.2 0 0.395453 0.727294 0.988302 1.11876 1.15776 1.21189 1.26191 1.28467 1.44968
26.22 0 0.400853 0.734866 1.00983 1.15631 1.19218 1.23279 1.28926 1.33807 1.48807
26.24 0 0.394465 0.724126 1.00893 1.17454 1.21064 1.2417 1.30513 1.37842 1.50669
26.26 0 0.372377 0.693534 0.984455 1.16764 1.20843 1.23707 1.30962 1.39642 1.50486
26.28 0 0.333525 0.642321 0.936373 1.13182 1.18226 1.21804 1.30181 1.38614 1.48237
26.3 0 0.282798 0.574086 0.867771 1.06906 1.13359 1.18749 1.28177 1.34931 1.44201
26.32 0 0.226726 0.494286 0.781635 0.98391 1.06621 1.14804 1.24835 1.29198 1.38652
26.34 0 0.171066 0.408593 0.680852 0.881794 0.985203 1.1001 1.20022 1.22177 1.31799
26.36 0 0.11982 0.321432 0.569539 0.767988 0.895738 1.04218 1.13762 1.14533 1.23834
26.38 0 0.0742449 0.234877 0.452548 0.646671 0.800857 0.971815 1.06213 1.06593 1.14913
26.4 0 0.033849 0.150164 0.335058 0.522342 0.701284 0.887708 0.976714 0.984089 1.05249
26.42 0 -0.0028137 0.0688198 0.221671 0.400076 0.596117 0.790452 0.88475 0.898728 0.951169
26.44 0 -0.0375161 -0.00735027 0.116122 0.28421 0.48416 0.682065 0.788618 0.808369 0.847871
26.46 0 -0.0719005 -0.0771234 0.021061 0.176718 0.365117 0.564988 0.688528 0.711879 0.744391
26.48 0 -0.106487 -0.139731 -0.0616902 0.0768346 0.241372 0.441795 0.583187 0.609299 0.641829
26.5 0 -0.140502 -0.194503 -0.131786 -0.0177778 0.117714 0.314858 0.470842 0.501692 0.540736
26.52 0 -0.172224 -0.240508 -0.191292 -0.108473 -0.000845175 0.186358 0.350232 0.390497 0.44123
26.54 0 -0.199257 -0.276898 -0.24408 -0.194321 -0.111094 0.0585136 0.221447 0.276789 0.343204
26.56 0 -0.218837 -0.304279 -0.293564 -0.273353 -0.212462 -0.0666521 0.0864916 0.160596 0.246303
26.58 0 -0.228974 -0.325633 -0.341205 -0.345046 -0.306547 -0.188209 -0.0514286 0.0405411 0.149415
26.6 0 -0.229294 -0.344203 -0.386398 -0.410535 -0.395423 -0.305868 -0.188617 -0.0847467 0.0510768
26.62 0 -0.222439 -0.360956 -0.428318 -0.471728 -0.480953 -0.419578 -0.322189 -0.215398 -0.0504854
26.64 0 -0.213711 -0.374444 -0.466927 -0.530551 -0.564659 -0.529299 -0.450897 -0.349939 -0.157366
26.66 0 -0.20789 -0.382872 -0.501792 -0.588364 -0.647164 -0.634635 -0.5745 -0.485339 -0.271308
26.68 0 -0.205451 -0.385151 -0.530096 -0.64455 -0.726945 -0.733818 -0.691668 -0.616707 -0.392097
26.7 0 -0.203618 -0.382011 -0.548689 -0.697124 -0.801903 -0.825114 -0.800473 -0.739476 -0.518508
26.72 0 -0.198586 -0.374183 -0.556248 -0.742498 -0.870081 -0.907201 -0.898411 -0.85054 -0.648448
26.74 0 -0.187491 -0.36051 -0.55373 -0.775929 -0.929433 -0.978983 -0.982442 -0.948675 -0.778658
26.76 0 -0.169674 -0.339257 -0.543183 -0.793985 -0.977894 -1.03995 -1.0504 -1.03466 -0.905599
26.78 0 -0.147931 -0.31205 -0.527308 -0.798106 -1.01509 -1.09159 -1.10396 -1.11208 -1.02797
26.8 0 -0.125664 -0.282737 -0.50693 -0.792575 -1.04092 -1.13497 -1.14724 -1.18431 -1.14531
26.82 0 -0.106023 -0.255472 -0.482379 -0.781882 -1.05595 -1.17003 -1.18559 -1.25356 -1.25765
26.84 0 -0.0918834 -0.233152 -0.456005 -0.768755 -1.06207 -1.19649 -1.22415 -1.32154 -1.3655
26.86 0 -0.0851886 -0.217147 -0.432232 -0.753915 -1.06179 -1.21495 -1.26609 -1.38997 -1.46949
26.88 0 -0.0856595 -0.20802 -0.414926 -0.737235 -1.05648 -1.22703 -1.31142 -1.46034 -1.56964
26.9 0 -0.0914545 -0.207041 -0.406015 -0.719992 -1.04639 -1.23565 -1.35838 -1.53419 -1.66597
26.92 0 -0.100588 -0.215554 -0.405456 -0.70488 -1.03194 -1.24373 -1.4053 -1.61248 -1.75889
26.94 0 -0.11245 -0.233108 -0.412567 -0.694515 -1.01544 -1.25252 -1.45197 -1.69485 -1.84937
26.96 0 -0.127554 -0.256541 -0.426634 -0.690027 -1.00067 -1.26126 -1.49916 -1.77934 -1.93835
26.98 0 -0.144813 -0.280642 -0.444886 -0.690366 -0.98999 -1.26726 -1.54611 -1.86173 -2.02521
27 0 -0.161568 -0.301532 -0.46301 -0.694442 -0.983917 -1.26891 -1.59063 -1.93794 -2.10868
27.02 0 -0.17422 -0.316962 -0.476554 -0.701044 -0.981226 -1.26664 -1.62904 -2.005 -2.18715
27.04 0 -0.180055 -0.325206 -0.483305 -0.708234 -0.980435 -1.26238 -1.6577 -2.06125 -2.2593
27.06 0 -0.179675 -0.326036 -0.485275 -0.714791 -0.98234 -1.25974 -1.67596 -2.10725 -2.32597
27.08 0 -0.174817 -0.320389 -0.48517 -0.719953 -0.988202 -1.26158 -1.68517 -2.14382 -2.38852
27.1 0 -0.16707 -0.311056 -0.483988 -0.72443 -0.998481 -1.26943 -1.68829 -2.17135 -2.44822
27.12 0 -0.1581 -0.301805 -0.481637 -0.730239 -1.01305 -1.28338 -1.68955 -2.19033 -2.50615
27.14 0 -0.150309 -0.295271 -0.479148 -0.739225 -1.03188 -1.30238 -1.69335 -2.2022 -2.56296
27.16 0 -0.146207 -0.291989 -0.479132 -0.751879 -1.05474 -1.32488 -1.70241 -2.20986 -2.61831
27.18 0 -0.146044 -0.290898 -0.48312 -0.766897 -1.07961 -1.34873 -1.71599 -2.21632 -2.66985
27.2 0 -0.148264 -0.29203 -0.490932 -0.783188 -1.10377 -1.37238 -1.73164 -2.22483 -2.71471
27.22 0 -0.15106 -0.296643 -0.501544 -0.800364 -1.12528 -1.39481 -1.74739 -2.23822 -2.75082
27.24 0 -0.154832 -0.306321 -0.515468 -0.818904 -1.14468 -1.41583 -1.76392 -2.2589 -2.77812
27.26 0 -0.161545 -0.321252 -0.534184 -0.839089 -1.16375 -1.43522 -1.78363 -2.2875 -2.79778
27.28 0 -0.172975 -0.340826 -0.558419 -0.861251 -1.18374 -1.45317 -1.80918 -2.32214 -2.81165
27.3 0 -0.188574 -0.364201 -0.586344 -0.885388 -1.20382 -1.47042 -1.84098 -2.35857 -2.82121
27.32 0 -0.206518 -0.390866 -0.61539 -0.911213 -1.22271 -1.48894 -1.87714 -2.39266 -2.82783
27.34 0 -0.225395 -0.419841 -0.644464 -0.937554 -1.24069 -1.51121 -1.91448 -2.42191 -2.833
27.36 0 -0.245526 -0.450426 -0.674868 -0.963555 -1.26091 -1.53963 -1.9507 -2.44643 -2.83898
27.38 0 -0.267458 -0.482434 -0.707725 -0.989586 -1.28726 -1.57511 -1.98462 -2.46752 -2.84784
27.4 0 -0.291248 -0.516602 -0.742708 -1.01828 -1.32246 -1.61707 -2.01643 -2.48694 -2.86116
27.42 0 -0.316822 -0.553784 -0.779296 -1.05375 -1.36754 -1.66422 -2.04764 -2.50667 -2.88014
27.44 0 -0.344044 -0.593409 -0.818404 -1.09897 -1.42177 -1.71508 -2.08023 -2.52847 -2.90521
27.46 0 -0.371357 -0.632642 -0.861518 -1.15338 -1.48216 -1.7672 -2.11468 -2.55275 -2.93491
27.48 0 -0.396412 -0.669282 -0.910053 -1.2145 -1.54523 -1.81858 -2.15078 -2.57967 -2.96718
27.5 0 -0.416396 -0.70319 -0.963739 -1.27946 -1.60764 -1.86818 -2.18786 -2.60934 -3
27.52 0 -0.428882 -0.735282 -1.02032 -1.34566 -1.66664 -1.91541 -2.22507 -2.64145 -3.03157
27.54 0 -0.433129 -0.765658 -1.07684 -1.41024 -1.72069 -1.95954 -2.2617 -2.67492 -3.06046
27.56 0 -0.431345 -0.792882 -1.13101 -1.47039 -1.76979 -2 -2.2976 -2.70846 -3.08604
27.58 0 -0.428976 -0.816247 -1.18186 -1.52535 -1.81581 -2.03805 -2.33405 -2.74199 -3.10963
27.6 0 -0.431057 -0.836666 -1.22776 -1.57593 -1.8604 -2.07591 -2.37221 -2.77592 -3.13307
27.62 0 -0.440157 -0.856783 -1.26674 -1.6234 -1.90466 -2.11609 -2.41266 -2.81092 -3.15813
27.64 0 -0.456432 -0.879483 -1.29837 -1.66806 -1.94968 -2.16053 -2.4557 -2.84778 -3.18627
27.66 0 -0.478887 -0.906308 -1.32531 -1.70895 -1.99679 -2.21027 -2.50189 -2.88743 -3.21883
27.68 0 -0.506501 -0.937253 -1.3523 -1.74528 -2.04684 -2.26559 -2.55219 -2.93088 -3.25701
27.7 0 -0.538141 -0.972317 -1.38339 -1.7786 -2.09937 -2.32637 -2.6078 -2.97928 -3.30191
27.72 0 -0.571912 -1.01207 -1.41962 -1.81304 -2.15267 -2.39183 -2.66947 -3.03363 -3.35409
27.74 0 -0.604894 -1.05545 -1.45933 -1.85186 -2.20423 -2.45922 -2.73622 -3.09356 -3.41248
27.76 0 -0.635056 -1.09958 -1.50163 -1.89567 -2.25345 -2.52491 -2.80629 -3.15848 -3.47559
27.78 0 -0.661449 -1.1409 -1.5466 -1.94252 -2.30149 -2.58565 -2.8773 -3.22777 -3.54195
27.8 0 -0.683163 -1.17697 -1.59334 -1.99001 -2.34932 -2.63969 -2.94618 -3.30044 -3.61025
27.82 0 -0.698563 -1.20719 -1.63885 -2.03675 -2.39613 -2.68696 -3.0096 -3.3746 -3.67933
27.84 0 -0.70567 -1.23105 -1.67866 -2.08152 -2.43924 -2.72788 -3.06443 -3.44666 -3.74773
27.86 0 -0.703766 -1.24631 -1.70953 -2.12198 -2.47597 -2.76241 -3.1089 -3.5119 -3.81398
27.88 0 -0.694492 -1.24978 -1.73064 -2.15495 -2.50543 -2.79011 -3.14319 -3.56606 -3.87718
27.9 0 -0.682325 -1.24197 -1.74358 -2.17987 -2.52987 -2.8127 -3.17047 -3.60866 -3.93862
27.92 0 -0.670494 -1.22735 -1.74864 -2.19821 -2.55161 -2.83275 -3.19374 -3.64188 -3.9994
27.94 0 -0.660443 -1.21234 -1.74547 -2.21215 -2.57225 -2.85309 -3.21485 -3.66979 -4.05981
27.96 0 -0.653644 -1.2016 -1.73617 -2.22289 -2.59356 -2.87609 -3.23537 -3.69736 -4.11973
27.98 0 -0.65162 -1.19588 -1.72574 -2.22996 -2.617 -2.90264 -3.25702 -3.72857 -4.17867
28 0 -0.653216 -1.19249 -1.71756 -2.23161 -2.64086 -2.93072 -3.28028 -3.76384 -4.23438
28.02 0 -0.655533 -1.18969 -1.71179 -2.22829 -2.66113 -2.95815 -3.3057 -3.80169 -4.28471
28.04 0 -0.655314 -1.18703 -1.70603 -2.22239 -2.67336 -2.98306 -3.33374 -3.83988 -4.32799
28.06 0 -0.650605 -1.18307 -1.69814 -2.21517 -2.67506 -3.00321 -3.3641 -3.87604 -4.36291
28.08 0 -0.641351 -1.17457 -1.6877 -2.20503 -2.66666 -3.01606 -3.39506 -3.9081 -4.3883
28.1 0 -0.628162 -1.15864 -1.67421 -2.18888 -2.65015 -3.01966 -3.42317 -3.93456 -4.40322
28.12 0 -0.611525 -1.13566 -1.6553 -2.16526 -2.62758 -3.01393 -3.44439 -3.95476 -4.40758
28.14 0 -0.59364 -1.1102 -1.6295 -2.13657 -2.6019 -3.00217 -3.45712 -3.97002 -4.4041
28.16 0 -0.577491 -1.08619 -1.5978 -2.10567 -2.5758 -2.98819 -3.46159 -3.98127 -4.39646
28.18 0 -0.566223 -1.06504 -1.56461 -2.07426 -2.55183 -2.97492 -3.45976 -3.98849 -4.38851
28.2 0 -0.561841 -1.04762 -1.53571 -2.04404 -2.53219 -2.96449 -3.45481 -3.99143 -4.38389
28.22 0 -0.563394 -1.03591 -1.51439 -2.01764 -2.51751 -2.95805 -3.44947 -3.98983 -4.38487
28.24 0 -0.565856 -1.03034 -1.49915 -1.99623 -2.50504 -2.95387 -3.44303 -3.98211 -4.38999
28.26 0 -0.564923 -1.02896 -1.48806 -1.97981 -2.49198 -2.94904 -3.43328 -3.96782 -4.39605
28.28 0 -0.559247 -1.02701 -1.4804 -1.96686 -2.47699 -2.93996 -3.41762 -3.94786 -4.39914
28.3 0 -0.549318 -1.01934 -1.47481 -1.95516 -2.45957 -2.92268 -3.39363 -3.92328 -4.39527
28.32 0 -0.535875 -1.00418 -1.46776 -1.94348 -2.43941 -2.89437 -3.36008 -3.89471 -4.38138
28.34 0 -0.520755 -0.984922 -1.45621 -1.93264 -2.41733 -2.85596 -3.3186 -3.8634 -4.35733
28.36 0 -0.505956 -0.965622 -1.43942 -1.92228 -2.3937 -2.81071 -3.2718 -3.8296 -4.3243
28.38 0 -0.493712 -0.94826 -1.4202 -1.90979 -2.36854 -2.763 -3.22251 -3.79248 -4.28407
28.4 0 -0.48578 -0.933527 -1.40262 -1.89226 -2.34138 -2.71719 -3.17341 -3.75071 -4.23848
28.42 0 -0.4821 -0.922507 -1.38813 -1.86857 -2.31097 -2.67623 -3.12626 -3.70297 -4.18862
28.44 0 -0.48159 -0.917094 -1.37518 -1.84033 -2.2766 -2.64119 -3.08217 -3.64915 -4.13495
28.46 0 -0.483637 -0.917831 -1.36189 -1.81004 -2.23944 -2.61098 -3.04148 -3.59077 -4.07747
28.48 0 -0.488833 -0.922477 -1.34846 -1.77942 -2.20268 -2.583 -3.00376 -3.53079 -4.0159
28.5 0 -0.49807 -0.927833 -1.33665 -1.75018 -2.17004 -2.55499 -2.96812 -3.47295 -3.9503
28.52 0 -0.510208 -0.932284 -1.32712 -1.72476 -2.14317 -2.52592 -2.93309 -3.42006 -3.88101
28.54 0 -0.521043 -0.935438 -1.31822 -1.70511 -2.12048 -2.49524 -2.89654 -3.37204 -3.80795
28.56 0 -0.526235 -0.936672 -1.30891 -1.69153 -2.09941 -2.46288 -2.85734 -3.32634 -3.73164
28.58 0 -0.523961 -0.934064 -1.30059 -1.6823 -2.07866 -2.42909 -2.81599 -3.27935 -3.6536
28.6 0 -0.516055 -0.92687 -1.29643 -1.67604 -2.05937 -2.39568 -2.77497 -3.22898 -3.57696
28.62 0 -0.505394 -0.91697 -1.2971 -1.67268 -2.04306 -2.36519 -2.73628 -3.17488 -3.50471
28.64 0 -0.494804 -0.908691 -1.30025 -1.67338 -2.03098 -2.34045 -2.70064 -3.11864 -3.43896
28.66 0 -0.487548 -0.905925 -1.30383 -1.67889 -2.02487 -2.32377 -2.66809 -3.06348 -3.38106
28.68 0 -0.486741 -0.909383 -1.30824 -1.68785 -2.02657 -2.31573 -2.63842 -3.01271 -3.33123
28.7 0 -0.492317 -0.915874 -1.31369 -1.69631 -2.03521 -2.31364 -2.61017 -2.967 -3.28713
28.72 0 -0.50151 -0.922605 -1.31922 -1.70176 -2.04744 -2.314 -2.58244 -2.92556 -3.24593
28.74 0 -0.509809 -0.92839 -1.3223 -1.70425 -2.05803 -2.3136 -2.55514 -2.88667 -3.20509
28.76 0 -0.512952 -0.931564 -1.32068 -1.70411 -2.06162 -2.30931 -2.52828 -2.84806 -3.16231
28.78 0 -0.508584 -0.92841 -1.31396 -1.69959 -2.05461 -2.29787 -2.50134 -2.80744 -3.1154
28.8 0 -0.496574 -0.915277 -1.30264 -1.6877 -2.03592 -2.27678 -2.4732 -2.76348 -3.06278
28.82 0 -0.479202 -0.893112 -1.28694 -1.66787 -2.00758 -2.24649 -2.44354 -2.71765 -3.00511
28.84 0 -0.458801 -0.866009 -1.26487 -1.64113 -1.97209 -2.20908 -2.41139 -2.67227 -2.94366
28.86 0 -0.437791 -0.837807 -1.23475 -1.60857 -1.93182 -2.16711 -2.37565 -2.62915 -2.87999
28.88 0 -0.419042 -0.809934 -1.19785 -1.57036 -1.88903 -2.12294 -2.33621 -2.58882 -2.81607
28.9 0 -0.404933 -0.782155 -1.1578 -1.52649 -1.84553 -2.07846 -2.29444 -2.55047 -2.75426
28.92 0 -0.39591 -0.75511 -1.1178 -1.4786 -1.80196 -2.03525 -2.25276 -2.51259 -2.69704
28.94 0 -0.390127 -0.73102 -1.07908 -1.43013 -1.75785 -1.99443 -2.21343 -2.47379 -2.64641
28.96 0 -0.384489 -0.711177 -1.04181 -1.3838 -1.71232 -1.9558 -2.17703 -2.43304 -2.60298
28.98 0 -0.377234 -0.694552 -1.00742 -1.34038 -1.66607 -1.91835 -2.14266 -2.39076 -2.56648
29 0 -0.368395 -0.678562 -0.978044 -1.29939 -1.62106 -1.88085 -2.10829 -2.34896 -2.53591
29.02 0 -0.358691 -0.661703 -0.954184 -1.26124 -1.57918 -1.84253 -2.07188 -2.31043 -2.51012
29.04 0 -0.349033 -0.645335 -0.934365 -1.22855 -1.54178 -1.80376 -2.03299 -2.2779 -2.48868
29.06 0 -0.340311 -0.631779 -0.916754 -1.20404 -1.50962 -1.7653 -1.99315 -2.25252 -2.47182
29.08 0 -0.333907 -0.622055 -0.901735 -1.18836 -1.48357 -1.72816 -1.95554 -2.2337 -2.46026
29.1 0 -0.331436 -0.615883 -0.892059 -1.18007 -1.46447 -1.69406 -1.92381 -2.22002 -2.45498
29.12 0 -0.333257 -0.613389 -0.890004 -1.17761 -1.45207 -1.66537 -1.90034 -2.21015 -2.45647
29.14 0 -0.337074 -0.615268 -0.894636 -1.17941 -1.44406 -1.64394 -1.88463 -2.20272 -2.46349
29.16 0 -0.340314 -0.622207 -0.903541 -1.18421 -1.43819 -1.63108 -1.87478 -2.19731 -2.47405
29.18 0 -0.341255 -0.631743 -0.913782 -1.18922 -1.43272 -1.62548 -1.86785 -2.1931 -2.48488
29.2 0 -0.338255 -0.637238 -0.920983 -1.18922 -1.42541 -1.62186 -1.85975 -2.18709 -2.49075
29.22 0 -0.335921 -0.638337 -0.925517 -1.18572 -1.41992 -1.61969 -1.85298 -2.18164 -2.49248
29.24 0 -0.336191 -0.63633 -0.925292 -1.18114 -1.41766 -1.61802 -1.84928 -2.17784 -2.4904
29.26 0 -0.338123 -0.633035 -0.918208 -1.1774 -1.4179 -1.61652 -1.84897 -2.17582 -2.48441
29.28 0 -0.340007 -0.6289 -0.905916 -1.17443 -1.41934 -1.6161 -1.85158 -2.17544 -2.47477
29.3 0 -0.340308 -0.622702 -0.893199 -1.17024 -1.42088 -1.61806 -1.85628 -2.17625 -2.46212
29.32 0 -0.337601 -0.6139 -0.883845 -1.16347 -1.42156 -1.6232 -1.8624 -2.17738 -2.44741
29.34 0 -0.330657 -0.604055 -0.877817 -1.15511 -1.42062 -1.63127 -1.86971 -2.17775 -2.43171
29.36 0 -0.319626 -0.59503 -0.872556 -1.14762 -1.41813 -1.64077 -1.8782 -2.17652 -2.41605
29.38 0 -0.306924 -0.586739 -0.866135 -1.14254 -1.41551 -1.6495 -1.88748 -2.17348 -2.40119
29.4 0 -0.296127 -0.577338 -0.858689 -1.1396 -1.41484 -1.65572 -1.89629 -2.1693 -2.38758
29.42 0 -0.289553 -0.565809 -0.851041 -1.13786 -1.41726 -1.65911 -1.90255 -2.16517 -2.37538
29.44 0 -0.286715 -0.553862 -0.843155 -1.13703 -1.42206 -1.6607 -1.9043 -2.16207 -2.36477
29.46 0 -0.285202 -0.544688 -0.834839 -1.13716 -1.42739 -1.66173 -1.90089 -2.15998 -2.35606
29.48 0 -0.283049 -0.540006 -0.82749 -1.13757 -1.43159 -1.66245 -1.89357 -2.15773 -2.34977
29.5 0 -0.280188 -0.538906 -0.823902 -1.13699 -1.43376 -1.66196 -1.88492 -2.15363 -2.3464
29.52 0 -0.277907 -0.539578 -0.82577 -1.13519 -1.43316 -1.65918 -1.87725 -2.14658 -2.34608
29.54 0 -0.277434 -0.541594 -0.83172 -1.13372 -1.42896 -1.6538 -1.87128 -2.13708 -2.34834
29.56 0 -0.279318 -0.545956 -0.83851 -1.13436 -1.42112 -1.64617 -1.86591 -2.1272 -2.35209
29.58 0 -0.28381 -0.553147 -0.844155 -1.13683 -1.41138 -1.6366 -1.85932 -2.11953 -2.35609
29.6 0 -0.291076 -0.562136 -0.849159 -1.1387 -1.40264 -1.62513 -1.85028 -2.11586 -2.35935
29.62 0 -0.30064 -0.571591 -0.854662 -1.13794 -1.39674 -1.61203 -1.8389 -2.11627 -2.36152
29.64 0 -0.310998 -0.581282 -0.860321 -1.1351 -1.39292 -1.59841 -1.82662 -2.11907 -2.36286
29.66 0 -0.32031 -0.591462 -0.864813 -1.13255 -1.38863 -1.58593 -1.81553 -2.12161 -2.36404
29.68 0 -0.327544 -0.601217 -0.867987 -1.13173 -1.38205 -1.57589 -1.80751 -2.1215 -2.36565
29.7 0 -0.332662 -0.608423 -0.87134 -1.13178 -1.37361 -1.5687 -1.80337 -2.11773 -2.36785
29.72 0 -0.335676 -0.61175 -0.875886 -1.13094 -1.36544 -1.56421 -1.80241 -2.11114 -2.37015
29.74 0 -0.336029 -0.612112 -0.880201 -1.12874 -1.35966 -1.56225 -1.80268 -2.10399 -2.37164
29.76 0 -0.333339 -0.611358 -0.881392 -1.12617 -1.35737 -1.5627 -1.8022 -2.09872 -2.3714
29.78 0 -0.328547 -0.60967 -0.877923 -1.12431 -1.35887 -1.5651 -1.80019 -2.09671 -2.36888
29.8 0 -0.323648 -0.605074 -0.870969 -1.12331 -1.3638 -1.56857 -1.79761 -2.09766 -2.36417
29.82 0 -0.319831 -0.59601 -0.86284 -1.12288 -1.37095 -1.57234 -1.7965 -2.09995 -2.35789
29.84 0 -0.316101 -0.583846 -0.854727 -1.12308 -1.37821 -1.57637 -1.79869 -2.10168 -2.35089
29.86 0 -0.310227 -0.572007 -0.84674 -1.12396 -1.38353 -1.58136 -1.80467 -2.10178 -2.34387
29.88 0 -0.301185 -0.562787 -0.839601 -1.12453 -1.38611 -1.58804 -1.81347 -2.10044 -2.33721
29.9 0 -0.290458 -0.555804 -0.834907 -1.12308 -1.38673 -1.59645 -1.82324 -2.09886 -2.33095
29.92 0 -0.281007 -0.549679 -0.833149 -1.11895 -1.38681 -1.60578 -1.83221 -2.09843 -2.32508
29.94 0 -0.275218 -0.544404 -0.832246 -1.11372 -1.38726 -1.61458 -1.8394 -2.10002 -2.31968
29.96 0 -0.273921 -0.541294 -0.829203 -1.11 -1.38836 -1.62128 -1.84478 -2.10359 -2.31513
29.98 0 -0.276763 -0.540987 -0.823415 -1.10894 -1.39023 -1.6247 -1.84892 -2.10837 -2.31198
30 0 -0.282676 -0.542553 -0.817733 -1.10945 -1.3928 -1.62468 -1.8522 -2.11333 -2.31085
30.02 0 -0.289855 -0.544949 -0.815892 -1.10995 -1.39524 -1.62241 -1.85444 -2.11767 -2.31222
30.04 0 -0.295937 -0.548656 -0.819333 -1.11029 -1.39594 -1.6198 -1.85501 -2.12096 -2.31637
30.06 0 -0.299145 -0.554993 -0.82688 -1.1117 -1.3937 -1.61815 -1.85359 -2.12304 -2.32331
30.08 0 -0.29979 -0.563928 -0.836691 -1.11501 -1.38927 -1.61707 -1.8506 -2.12393 -2.33277
30.1 0 -0.300319 -0.573401 -0.847616 -1.11986 -1.38519 -1.61489 -1.84694 -2.12392 -2.34421
30.12 0 -0.303366 -0.581275 -0.858567 -1.12554 -1.38394 -1.61033 -1.84322 -2.12374 -2.35688
30.14 0 -0.309681 -0.587457 -0.867692 -1.13217 -1.38614 -1.60387 -1.83923 -2.12446 -2.36985
30.16 0 -0.317874 -0.593491 -0.873435 -1.14008 -1.39059 -1.59756 -1.83442 -2.12697 -2.38232
30.18 0 -0.32584 -0.600296 -0.876497 -1.1484 -1.3957 -1.59357 -1.82894 -2.13141 -2.39376
30.2 0 -0.33211 -0.60704 -0.879747 -1.15507 -1.40062 -1.59292 -1.8242 -2.1369 -2.40398
30.22 0 -0.336013 -0.61248 -0.885478 -1.15871 -1.40497 -1.59539 -1.82243 -2.14211 -2.41304
30.24 0 -0.337321 -0.616583 -0.892997 -1.16024 -1.40824 -1.60031 -1.82548 -2.14609 -2.42091
30.26 0 -0.336413 -0.620097 -0.899434 -1.16198 -1.41008 -1.60705 -1.83377 -2.14907 -2.42736
30.28 0 -0.33463 -0.62281 -0.902757 -1.16525 -1.41123 -1.61516 -1.84608 -2.15246 -2.43194
30.3 0 -0.333692 -0.623283 -0.903291 -1.16916 -1.41368 -1.62424 -1.86022 -2.15812 -2.43425
30.32 0 -0.33425 -0.620727 -0.902303 -1.172 -1.41934 -1.6341 -1.87406 -2.16732 -2.43423
30.34 0 -0.335128 -0.616492 -0.900069 -1.17338 -1.42852 -1.64488 -1.88655 -2.1799 -2.43247
30.36 0 -0.334422 -0.612835 -0.896174 -1.17443 -1.4397 -1.65687 -1.89804 -2.19414 -2.43011
30.38 0 -0.331371 -0.610349 -0.891386 -1.17636 -1.45079 -1.6701 -1.90987 -2.20748 -2.42859
30.4 0 -0.326925 -0.607457 -0.88805 -1.17934 -1.46044 -1.6841 -1.92333 -2.21778 -2.42911
30.42 0 -0.322463 -0.602791 -0.888007 -1.18301 -1.46838 -1.69822 -1.93856 -2.22436 -2.43232
30.44 0 -0.318428 -0.597446 -0.890627 -1.18745 -1.47507 -1.71194 -1.9542 -2.22835 -2.43815
30.46 0 -0.314578 -0.594149 -0.893629 -1.19299 -1.48152 -1.72481 -1.96801 -2.23206 -2.44602
30.48 0 -0.311362 -0.594378 -0.895733 -1.1993 -1.48902 -1.73618 -1.9781 -2.23777 -2.45523
30.5 0 -0.31036 -0.597062 -0.897824 -1.20538 -1.49846 -1.74525 -1.98397 -2.24657 -2.46535
30.52 0 -0.313009 -0.600399 -0.901386 -1.2109 -1.50931 -1.75152 -1.98674 -2.25798 -2.47641
30.54 0 -0.319057 -0.604271 -0.906611 -1.21696 -1.51942 -1.75518 -1.98848 -2.2703 -2.48877
30.56 0 -0.326638 -0.610185 -0.912805 -1.22488 -1.5264 -1.75702 -1.9912 -2.28165 -2.50283
30.58 0 -0.333862 -0.61909 -0.920257 -1.23425 -1.5294 -1.75789 -1.99597 -2.29097 -2.51867
30.6 0 -0.340106 -0.630134 -0.930502 -1.24287 -1.52957 -1.75848 -2.00247 -2.29852 -2.53592
30.62 0 -0.345842 -0.641831 -0.944156 -1.24892 -1.52888 -1.7594 -2.00933 -2.30564 -2.55381
30.64 0 -0.351755 -0.65368 -0.959078 -1.25287 -1.52875 -1.7612 -2.01501 -2.31396 -2.57147
30.66 0 -0.358375 -0.66587 -0.971579 -1.25692 -1.52985 -1.76396 -2.01887 -2.32437 -2.58824
30.68 0 -0.366198 -0.677664 -0.979583 -1.26262 -1.53283 -1.76715 -2.0217 -2.3366 -2.60387
30.7 0 -0.375341 -0.68711 -0.984102 -1.26956 -1.53841 -1.77004 -2.02512 -2.34943 -2.61844
30.72 0 -0.384642 -0.692834 -0.987575 -1.27644 -1.54651 -1.77277 -2.03054 -2.36151 -2.63217
30.74 0 -0.391506 -0.695594 -0.991375 -1.28281 -1.55569 -1.77679 -2.03831 -2.37211 -2.64516
30.76 0 -0.393376 -0.697355 -0.995388 -1.28911 -1.56397 -1.78402 -2.04782 -2.38127 -2.65731
30.78 0 -0.389757 -0.698848 -0.999415 -1.29548 -1.57061 -1.79527 -2.05837 -2.38958 -2.66838
30.8 0 -0.382776 -0.698792 -1.00375 -1.30121 -1.57681 -1.80951 -2.06978 -2.39769 -2.6781
30.82 0 -0.375589 -0.695787 -1.00794 -1.30586 -1.58454 -1.82455 -2.08231 -2.4062 -2.68625
30.84 0 -0.370289 -0.690375 -1.00997 -1.31022 -1.59482 -1.83865 -2.09609 -2.41557 -2.69275
30.86 0 -0.367258 -0.684618 -1.00776 -1.31559 -1.60709 -1.85142 -2.11064 -2.42619 -2.6977
30.88 0 -0.365972 -0.679897 -1.00184 -1.32193 -1.62002 -1.86362 -2.12514 -2.43813 -2.70142
30.9 0 -0.365747 -0.675976 -0.995671 -1.3275 -1.63239 -1.87623 -2.13898 -2.45093 -2.70448
30.92 0 -0.365701 -0.672469 -0.992838 -1.3306 -1.64321 -1.88974 -2.15214 -2.46363 -2.70762
30.94 0 -0.364743 -0.670357 -0.994159 -1.33153 -1.65155 -1.90384 -2.16513 -2.47509 -2.71161
30.96 0 -0.362434 -0.671202 -0.997845 -1.3323 -1.65691 -1.91747 -2.17846 -2.48458 -2.71701
30.98 0 -0.359979 -0.675002 -1.00208 -1.33466 -1.65987 -1.92921 -2.19201 -2.49219 -2.724
31 0 -0.359777 -0.679767 -1.00666 -1.33878 -1.66215 -1.93782 -2.20478 -2.49894 -2.73243
31.02 0 -0.363459 -0.683742 -1.01205 -1.34392 -1.66548 -1.94295 -2.21507 -2.50625 -2.74194
31.04 0 -0.37036 -0.687513 -1.01784 -1.34972 -1.6705 -1.94528 -2.2213 -2.51519 -2.75222
31.06 0 -0.378105 -0.693208 -1.02311 -1.35635 -1.67658 -1.94603 -2.22302 -2.52569 -2.76323
31.08 0 -0.384702 -0.701712 -1.02823 -1.36358 -1.68269 -1.94611 -2.22137 -2.53637 -2.77527
31.1 0 -0.389842 -0.711461 -1.03514 -1.37056 -1.68799 -1.94586 -2.21866 -2.54523 -2.78866
31.12 0 -0.394274 -0.720266 -1.04518 -1.37686 -1.6918 -1.9454 -2.21705 -2.55075 -2.80348
31.14 0 -0.39847 -0.727641 -1.05724 -1.38323 -1.6936 -1.94505 -2.21749 -2.55284 -2.81926
31.16 0 -0.402288 -0.73476 -1.0685 -1.39057 -1.69367 -1.94526 -2.21941 -2.55301 -2.83495
31.18 0 -0.405738 -0.742393 -1.07708 -1.39843 -1.69358 -1.94616 -2.2215 -2.55358 -2.84928
