0 0 0 0 0 0 0 0 0 0 0
0.02 0 -0.02391 -0.0244694 -0.0243133 -0.0243347 -0.0243314 -0.024332 -0.0243319 -0.0243319 -0.024332
0.04 0 -0.0575383 -0.0641319 -0.0626383 -0.0627197 -0.0627232 -0.0627228 -0.0627228 -0.0627222 -0.0627234
0.06 0 -0.0629193 -0.0835265 -0.0811596 -0.0804335 -0.0806243 -0.0806053 -0.0806073 -0.0806044 -0.0806092
0.08 0 -0.0662224 -0.100998 -0.103887 -0.100562 -0.100931 -0.100979 -0.100963 -0.10096 -0.100971
0.1 0 -0.0935906 -0.136901 -0.15224 -0.147184 -0.146404 -0.146838 -0.146775 -0.146769 -0.146791
0.12 0 -0.14196 -0.194039 -0.222047 -0.221409 -0.217238 -0.218046 -0.218073 -0.218028 -0.218071
0.14 0 -0.176714 -0.247297 -0.282618 -0.293611 -0.286188 -0.285942 -0.286486 -0.286358 -0.286427
0.16 0 -0.169276 -0.265152 -0.308104 -0.33173 -0.326133 -0.322269 -0.323529 -0.323458 -0.323507
0.18 0 -0.12865 -0.240021 -0.301598 -0.333203 -0.33641 -0.328012 -0.328914 -0.329376 -0.329315
0.2 0 -0.10002 -0.204963 -0.294862 -0.334443 -0.348773 -0.339366 -0.337372 -0.33882 -0.338678
0.22 0 -0.118692 -0.204482 -0.314575 -0.373219 -0.395234 -0.391344 -0.384371 -0.38627 -0.386458
0.24 0 -0.173881 -0.251443 -0.357825 -0.447481 -0.476292 -0.482017 -0.471209 -0.471398 -0.472681
0.26 0 -0.210697 -0.304185 -0.390532 -0.505688 -0.550928 -0.565101 -0.555112 -0.550774 -0.553631
0.28 0 -0.186403 -0.306822 -0.38372 -0.49904 -0.574918 -0.596206 -0.591714 -0.581781 -0.585422
0.3 0 -0.151035 -0.283084 -0.377937 -0.471293 -0.578826 -0.613842 -0.616004 -0.6028 -0.604809
0.32 0 -0.129664 -0.251836 -0.376353 -0.454508 -0.572665 -0.635061 -0.643248 -0.631253 -0.628548
0.34 0 -0.100754 -0.205998 -0.342936 -0.43646 -0.538539 -0.635122 -0.653435 -0.646176 -0.636741
0.36 0 -0.0869133 -0.176729 -0.302349 -0.431669 -0.51336 -0.630938 -0.671267 -0.670219 -0.654103
0.38 0 -0.110411 -0.186008 -0.293746 -0.446591 -0.532948 -0.644318 -0.718794 -0.726522 -0.705357
0.4 0 -0.163911 -0.23226 -0.328814 -0.474928 -0.594718 -0.682972 -0.790572 -0.81476 -0.791036
0.42 0 -0.236201 -0.318017 -0.40616 -0.528203 -0.682676 -0.759726 -0.88172 -0.933668 -0.911731
0.44 0 -0.22493 -0.345698 -0.423921 -0.526778 -0.687459 -0.784908 -0.897807 -0.983767 -0.972457
0.46 0 -0.0510442 -0.203189 -0.286571 -0.379676 -0.516151 -0.655071 -0.751457 -0.864104 -0.877855
0.48 0 0.113164 -0.00698782 -0.128189 -0.214645 -0.319176 -0.488786 -0.585507 -0.705848 -0.760752
0.5 0 0.119721 0.0934601 -0.068461 -0.16039 -0.245419 -0.411108 -0.53478 -0.646491 -0.751921
0.52 0 0.0495994 0.10357 -0.0395323 -0.16452 -0.247647 -0.377878 -0.539817 -0.645302 -0.796733
0.54 0 -0.0497291 0.0117163 -0.0404097 -0.207555 -0.307212 -0.394063 -0.577165 -0.700488 -0.880048
0.56 0 -0.203298 -0.196125 -0.151295 -0.316375 -0.45094 -0.512696 -0.681712 -0.853066 -1.03922
0.58 0 -0.407812 -0.47795 -0.405004 -0.494052 -0.665276 -0.736177 -0.863501 -1.09496 -1.2755
0.6 0 -0.554827 -0.715022 -0.690486 -0.668932 -0.841047 -0.953975 -1.04269 -1.31313 -1.49203
0.62 0 -0.544715 -0.808917 -0.86417 -0.774048 -0.883443 -1.04817 -1.13644 -1.3987 -1.59102
0.64 0 -0.460465 -0.809754 -0.945082 -0.869961 -0.87148 -1.0593 -1.20022 -1.40929 -1.62601
0.66 0 -0.392867 -0.763217 -0.979183 -0.983241 -0.891477 -1.04401 -1.26893 -1.41458 -1.64766
0.68 0 -0.355724 -0.678217 -0.970963 -1.07517 -0.959429 -1.02442 -1.31225 -1.43223 -1.65192
0.7 0 -0.284539 -0.534802 -0.8709 -1.07069 -1.01108 -0.980168 -1.25781 -1.41699 -1.58667
0.72 0 -0.1151 -0.309967 -0.632746 -0.91483 -0.962699 -0.879317 -1.06075 -1.30396 -1.40545
0.74 0 0.138725 -0.00364772 -0.276182 -0.614339 -0.78326 -0.715558 -0.756176 -1.06535 -1.11731
0.76 0 0.396262 0.353349 0.126018 -0.22858 -0.503889 -0.508786 -0.435504 -0.724507 -0.777908
0.78 0 0.676915 0.795728 0.603632 0.26396 -0.0828727 -0.18923 -0.0829169 -0.240877 -0.349269
0.8 0 0.929858 1.24314 1.11368 0.796003 0.422894 0.210475 0.266514 0.307578 0.126828
0.82 0 1.03301 1.52505 1.51995 1.22514 0.861313 0.555031 0.521077 0.738241 0.52667
0.84 0 1.05627 1.66551 1.84069 1.60104 1.25202 0.879227 0.768737 1.05284 0.899851
0.86 0 1.0607 1.71809 2.08106 1.97247 1.61969 1.2203 1.07198 1.28387 1.28469
0.88 0 1.049 1.71665 2.22191 2.3198 1.96585 1.57943 1.41753 1.46143 1.66641
0.9 0 1.01817 1.68864 2.2775 2.59606 2.30611 1.95761 1.76929 1.63969 2.02258
0.92 0 1.02715 1.70165 2.33843 2.81879 2.70601 2.40914 2.15241 1.92748 2.39052
0.94 0 1.13001 1.8191 2.48522 3.04532 3.20227 2.98193 2.61865 2.40521 2.81856
0.96 0 1.31142 2.0499 2.71792 3.31639 3.75306 3.65615 3.1948 3.05829 3.31187
0.98 0 1.55506 2.39202 3.03486 3.68497 4.32269 4.39771 3.92455 3.84716 3.88695
1 0 1.75006 2.72106 3.3526 4.07387 4.80105 5.06953 4.73318 4.62953 4.46043
1.02 0 1.80274 2.90932 3.59869 4.37174 5.10525 5.55642 5.50324 5.28612 4.94474
1.04 0 1.73534 2.95751 3.78127 4.56128 5.26706 5.87608 6.17344 5.82874 5.34845
1.06 0 1.62485 2.94617 3.92689 4.69053 5.36896 6.11655 6.71568 6.3334 5.72918
1.08 0 1.54561 2.9539 4.05429 4.8178 5.48964 6.35761 7.12692 6.85924 6.14641
1.1 0 1.43759 2.91027 4.0787 4.87279 5.57821 6.52366 7.32965 7.30623 6.53653
1.12 0 1.24086 2.72249 3.94118 4.78616 5.57181 6.5188 7.29269 7.55247 6.83641
1.14 0 0.971827 2.37084 3.65553 4.57554 5.45681 6.32791 7.07077 7.55584 7.05069
1.16 0 0.637754 1.85451 3.21854 4.266 5.19914 5.9594 6.69588 7.3046 7.17058
1.18 0 0.232951 1.19118 2.62352 3.86441 4.77144 5.43777 6.17016 6.82278 7.1722
1.2 0 -0.250777 0.406068 1.87476 3.34113 4.17677 4.78327 5.47823 6.16155 7.01984
1.22 0 -0.803968 -0.479214 0.986641 2.64294 3.44385 3.99905 4.60953 5.37814 6.67348
1.24 0 -1.17212 -1.18178 0.203738 1.96999 2.83697 3.31632 3.81648 4.74971 6.3416
1.26 0 -1.12722 -1.40853 -0.239105 1.55643 2.58828 2.96803 3.37458 4.5209 6.24739
1.28 0 -0.71991 -1.13462 -0.331136 1.41878 2.65852 2.95759 3.3281 4.66801 6.38954
1.3 0 -0.0204605 -0.389265 -0.0224353 1.5736 3.00024 3.29831 3.71078 5.1559 6.77967
1.32 0 0.888353 0.757762 0.759018 2.03356 3.57939 4.00544 4.52932 5.95716 7.43629
1.34 0 1.9378 2.22141 2.04482 2.82947 4.38361 5.08646 5.76108 7.06355 8.37858
1.36 0 2.75742 3.58891 3.45964 3.68892 5.09106 6.19783 7.03363 8.15064 9.28813
1.38 0 3.12273 4.46761 4.57193 4.35012 5.41097 6.97366 7.97734 8.90136 9.84145
1.4 0 3.32045 5.08287 5.46207 5.01248 5.60993 7.53745 8.7467 9.50738 10.2224
1.42 0 3.549 5.62278 6.2779 5.8002 5.9915 8.01271 9.50578 10.1551 10.6139
1.44 0 3.827 6.10643 6.98989 6.65399 6.62531 8.3999 10.2318 10.8511 11.0224
1.46 0 4.12794 6.55519 7.57898 7.51644 7.47112 8.74734 10.8677 11.5785 11.4398
1.48 0 4.42038 6.97218 8.0696 8.34826 8.41422 9.14326 11.3619 12.2972 11.8675
1.5 0 4.71386 7.36058 8.55359 9.15978 9.35767 9.69496 11.7368 12.9726 12.3514
1.52 0 5.0118 7.72248 9.09736 9.98251 10.251 10.4352 12.0713 13.5538 12.935
1.54 0 5.39877 8.19078 9.82832 10.9059 11.2057 11.4165 12.5599 14.0986 13.7373
1.56 0 5.64274 8.58711 10.5138 11.6949 12.0551 12.3453 13.0514 14.393 14.5292
1.58 0 5.42779 8.61318 10.7795 12.0303 12.5252 12.8475 13.2298 14.1737 14.9495
1.6 0 4.7845 8.26654 10.5929 11.9382 12.6146 12.9183 13.053 13.5373 14.948
1.62 0 3.75724 7.52048 9.9486 11.4456 12.2964 12.577 12.4504 12.6054 14.467
1.64 0 2.43899 6.30794 8.86618 10.5605 11.554 11.8175 11.3886 11.4527 13.4773
1.66 0 0.964803 4.5438 7.36669 9.28251 10.379 10.6004 9.91155 10.0497 12.0023
1.68 0 -0.550341 2.18032 5.45011 7.6136 8.76333 8.88617 8.08671 8.35336 10.0586
1.7 0 -1.79194 -0.441922 3.34336 5.83976 6.96224 6.94123 6.24017 6.58817 7.9381
1.72 0 -2.65757 -2.70365 1.18489 4.24298 5.22841 5.07403 4.65308 4.9901 5.93185
1.74 0 -3.31875 -4.28549 -1.0978 2.78603 3.56089 3.34404 3.28527 3.54133 4.05232
1.76 0 -3.77269 -5.24559 -3.33718 1.36146 1.99206 1.80664 2.07465 2.23707 2.30898
1.78 0 -3.95968 -5.9252 -5.09466 -0.211402 0.555033 0.504932 0.967683 1.0691 0.713533
1.8 0 -4.0969 -6.56528 -6.2889 -2.12445 -0.882499 -0.680228 -0.192157 -0.125917 -0.840977
1.82 0 -4.42023 -7.2355 -7.1396 -4.42251 -2.46979 -1.89549 -1.52667 -1.51961 -2.45977
1.84 0 -4.72832 -7.60089 -7.66299 -6.70004 -3.98121 -2.95477 -2.767 -2.90216 -3.89107
1.86 0 -4.75751 -7.38664 -7.92366 -8.4221 -5.25358 -3.68207 -3.65223 -4.03065 -4.90004
1.88 0 -4.45059 -6.67207 -8.14005 -9.26587 -6.35663 -4.14305 -4.18027 -4.85867 -5.50455
1.9 0 -3.73872 -5.71374 -8.16321 -9.22572 -7.25087 -4.38594 -4.37123 -5.31431 -5.73305
1.92 0 -2.59548 -4.76192 -7.62856 -8.6194 -7.76049 -4.43504 -4.27113 -5.32522 -5.61325
1.94 0 -1.1024 -3.79976 -6.42338 -7.7226 -7.62876 -4.35988 -3.91402 -4.85233 -5.16009
1.96 0 0.485617 -2.51506 -4.7613 -6.55629 -6.76491 -4.14644 -3.32685 -3.90485 -4.36971
1.98 0 1.852 -0.601749 -2.88954 -4.99286 -5.25081 -3.71192 -2.50439 -2.54512 -3.21957
2 0 2.8881 1.9587 -0.845042 -2.92551 -3.26359 -2.93041 -1.41852 -0.870043 -1.67681
2.02 0 3.81988 4.73835 1.61871 -0.390651 -0.976057 -1.61891 -0.0630171 1.02546 0.286947
2.04 0 5.01152 7.15211 4.78732 2.51229 1.51123 0.36289 1.59026 3.07745 2.68208
2.06 0 6.13552 8.69224 8.11376 5.34124 3.76857 2.55131 3.17358 4.85509 5.05262
2.08 0 6.67554 9.40203 10.618 7.76417 5.45989 4.37247 4.3647 5.93842 6.92321
2.1 0 6.60101 9.78318 11.8193 9.8162 6.74885 5.6808 5.23217 6.39259 8.2335
2.12 0 6.01994 9.90556 11.777 11.2871 7.78213 6.39458 5.75225 6.34636 8.90945
2.14 0 5.07511 9.4984 11.0317 11.7617 8.63502 6.54244 5.80911 5.96244 8.8894
2.16 0 3.87678 8.32297 9.99291 11.0735 9.17141 6.24767 5.28418 5.33457 8.1648
2.18 0 2.46316 6.39784 8.60825 9.48487 9.05578 5.63469 4.1778 4.40394 6.78974
2.2 0 0.813137 3.87969 6.61098 7.44062 7.91053 4.74189 2.61137 3.05264 4.8158
2.22 0 -1.06898 0.866949 3.85939 5.14385 5.65555 3.43027 0.758519 1.16488 2.28029
2.24 0 -2.63756 -2.03452 0.928797 2.95076 3.05739 2.00385 -0.752768 -0.803371 -0.271607
2.26 0 -3.4225 -4.11492 -1.55513 1.07863 0.994687 0.804384 -1.42 -2.31123 -2.31569
2.28 0 -3.53948 -5.23043 -3.5123 -0.64 -0.334528 -0.194472 -1.39952 -3.26493 -3.8592
2.3 0 -3.15964 -5.37208 -4.81457 -2.15601 -1.03398 -0.810895 -0.961119 -3.54544 -4.89592
2.32 0 -2.42721 -4.67165 -5.28622 -3.30415 -1.34764 -0.792778 -0.376657 -3.08342 -5.39625
2.34 0 -1.38814 -3.32432 -4.82629 -3.91328 -1.40492 -0.0683106 0.283817 -1.95197 -5.29653
2.36 0 -0.0476084 -1.52906 -3.46325 -3.78879 -1.13863 1.16531 1.21082 -0.353609 -4.51863
2.38 0 1.53414 0.639431 -1.39602 -2.69379 -0.398962 2.61865 2.67815 1.50913 -3.01299
2.4 0 3.25257 3.17154 1.20708 -0.564032 0.961073 4.16719 4.79895 3.58388 -0.794072
2.42 0 3.67711 4.56469 2.9134 1.07058 1.65984 4.53079 6.05451 4.5762 0.684825
2.44 0 1.63845 3.24004 2.3544 0.629958 0.360492 2.53874 4.81872 3.23528 -0.0304088
2.46 0 -0.989806 0.508331 0.83829 -0.584865 -1.54542 -0.227926 2.34178 1.05419 -1.57934
2.48 0 -2.50486 -1.99875 -0.49694 -1.21787 -2.68753 -2.2818 0.0357129 -0.566022 -2.57694
2.5 0 -3.02762 -3.74608 -1.86397 -1.40943 -3.08531 -3.58125 -1.99088 -1.68343 -3.02011
2.52 0 -2.87899 -4.33039 -3.11619 -1.45261 -2.74414 -4.13569 -3.59355 -2.3737 -2.90122
2.54 0 -2.26137 -3.84629 -3.75659 -1.57855 -1.81983 -3.935 -4.58084 -2.72488 -2.22493
2.56 0 -1.73338 -3.16331 -3.8523 -2.19504 -1.16112 -3.5074 -5.21274 -3.29868 -1.52502
2.58 0 -1.76977 -3.02664 -3.89711 -3.38474 -1.61153 -3.43762 -5.84631 -4.52009 -1.386
2.6 0 -2.30123 -3.46502 -4.2144 -4.71432 -3.23186 -3.89151 -6.50713 -6.17059 -1.91847
2.62 0 -3.24397 -4.43961 -5.10381 -6.0496 -5.72215 -5.09743 -7.36094 -7.98806 -3.21031
2.64 0 -4.1996 -5.63221 -6.32037 -7.30651 -8.26099 -6.9286 -8.29214 -9.5037 -4.95744
2.66 0 -4.82546 -6.72724 -7.49503 -8.52126 -10.1055 -9.07707 -9.1768 -10.3991 -6.79191
2.68 0 -5.12217 -7.60793 -8.55925 -9.76708 -11.1675 -11.2379 -10.1175 -10.7161 -8.57391
2.7 0 -5.12005 -8.14032 -9.5129 -10.8313 -11.7577 -12.9307 -11.1617 -10.5489 -10.1615
2.72 0 -4.87976 -8.31922 -10.3471 -11.5313 -12.2838 -13.834 -12.2438 -10.1305 -11.4749
2.74 0 -4.42876 -8.21904 -10.9082 -11.889 -12.841 -14.0054 -13.0154 -9.89123 -12.3478
2.76 0 -3.80338 -7.90107 -11.0114 -12.0918 -13.2317 -13.7444 -13.1175 -10.1484 -12.6581
2.78 0 -3.08214 -7.33198 -10.615 -12.2396 -13.2554 -13.2631 -12.5253 -10.8153 -12.4393
2.8 0 -2.57031 -6.65055 -10.0648 -12.4591 -13.1108 -12.7811 -11.7436 -11.7614 -12.0515
2.82 0 -2.50692 -6.03849 -9.73971 -12.7813 -13.1092 -12.41 -11.3486 -12.84 -11.8551
2.84 0 -2.79943 -5.56962 -9.68763 -13.0873 -13.2799 -12.1166 -11.6295 -13.6792 -11.9911
2.86 0 -3.2286 -5.45666 -9.78568 -13.3793 -13.5097 -12.0503 -12.5606 -14.1159 -12.5096
2.88 0 -3.60292 -5.87297 -9.91827 -13.6887 -13.6723 -12.4595 -13.8192 -14.2938 -13.3531
2.9 0 -3.92791 -6.74919 -10.1498 -13.995 -13.7963 -13.4943 -15.0294 -14.5251 -14.425
2.92 0 -4.1016 -7.55318 -10.4096 -13.9644 -13.8246 -14.783 -15.733 -14.8189 -15.3764
2.94 0 -4.0361 -7.77492 -10.5676 -13.3117 -13.7663 -15.7172 -15.746 -15.0303 -15.8907
2.96 0 -3.783 -7.41463 -10.5027 -12.1729 -13.7569 -15.9244 -15.3176 -15.1076 -15.9577
2.98 0 -3.28874 -6.67072 -9.91417 -10.8526 -13.6331 -15.298 -14.6675 -14.9279 -15.6007
3 0 -2.86464 -5.97688 -8.9729 -9.99415 -13.3455 -14.4079 -14.1978 -14.7356 -15.1947
3.02 0 -2.85966 -5.64105 -8.06511 -9.99187 -13.0311 -13.8292 -14.1966 -14.8274 -15.1082
3.04 0 -3.26127 -5.58201 -7.41976 -10.5853 -12.7903 -13.6632 -14.5683 -15.1963 -15.3552
3.06 0 -3.67939 -5.38404 -7.08913 -10.9971 -12.553 -13.6005 -14.8989 -15.5295 -15.6177
3.08 0 -3.66617 -4.75485 -6.9448 -10.6295 -12.1623 -13.3141 -14.8065 -15.515 -15.5741
3.1 0 -3.05832 -3.97669 -6.70554 -9.66545 -11.5539 -12.821 -14.2823 -15.1499 -15.2281
3.12 0 -1.81246 -3.27679 -6.01603 -8.37686 -10.6217 -12.1108 -13.3731 -14.4112 -14.5837
3.14 0 -0.149767 -2.49982 -4.82201 -6.8636 -9.33807 -11.1266 -12.1539 -13.2753 -13.6401
3.16 0 1.17763 -1.53011 -3.59155 -5.43974 -8.02334 -10.1153 -10.9956 -12.0556 -12.6988
3.18 0 1.56695 -0.449376 -2.7144 -4.42083 -7.00189 -9.34951 -10.2225 -11.1 -12.0513
3.2 0 1.21009 0.465329 -2.02123 -3.86472 -6.27565 -8.82407 -9.79865 -10.4709 -11.6711
3.22 0 0.459223 0.807098 -1.35213 -3.7575 -5.87787 -8.5461 -9.67052 -10.2292 -11.5371
3.24 0 0.0217246 0.860285 -0.414766 -3.47164 -5.48206 -8.08199 -9.37221 -9.97818 -11.2156
3.26 0 0.419431 1.2156 0.862122 -2.36316 -4.71318 -7.01421 -8.46439 -9.27934 -10.2904
3.28 0 1.51498 2.11922 2.27484 -0.467002 -3.44398 -5.40394 -6.95768 -8.08794 -8.7852
3.3 0 2.46464 3.16615 3.22804 1.52381 -2.131 -3.88292 -5.46854 -6.9204 -7.31091
3.32 0 2.59101 3.64194 3.46116 2.75632 -1.25253 -3.03822 -4.62454 -6.29392 -6.47611
3.34 0 2.01313 3.28119 3.32524 2.97248 -0.732035 -2.8582 -4.46312 -6.16353 -6.30017
3.36 0 0.872182 2.04815 2.7992 2.20746 -0.627412 -3.30682 -4.99565 -6.52413 -6.78652
3.38 0 -0.734318 0.151982 1.54318 0.719443 -1.09025 -4.3419 -6.19438 -7.41956 -7.91875
3.4 0 -2.08888 -1.62264 -0.148952 -0.643129 -1.74448 -5.31379 -7.41917 -8.33133 -9.08452
3.42 0 -2.5114 -2.63326 -1.68666 -1.23327 -2.12282 -5.60798 -8.01825 -8.7345 -9.67847
3.44 0 -2.06991 -2.92621 -2.77636 -1.25184 -2.16753 -5.26734 -7.93175 -8.67845 -9.68581
3.46 0 -1.00599 -2.56737 -2.95249 -1.01674 -1.7747 -4.34755 -7.14441 -8.16663 -9.10606
3.48 0 -0.194523 -2.02524 -2.53592 -1.18327 -1.42518 -3.41343 -6.22434 -7.69089 -8.48919
3.5 0 -0.35228 -1.7154 -2.24467 -2.11785 -1.66758 -3.00973 -5.75546 -7.72302 -8.39255
3.52 0 -1.29762 -1.71592 -2.41202 -3.46185 -2.57114 -3.15551 -5.7723 -8.21056 -8.83407
3.54 0 -2.60316 -2.33684 -3.26993 -4.84574 -4.19979 -3.90358 -6.29161 -9.11858 -9.82469
3.56 0 -3.41533 -3.39223 -4.31813 -5.77463 -5.93005 -4.84593 -6.83645 -9.93846 -10.8772
3.58 0 -3.27853 -4.34102 -4.98866 -6.06275 -6.93607 -5.59482 -6.96658 -10.1671 -11.4965
3.6 0 -2.55327 -4.81288 -5.29699 -5.97719 -6.99176 -6.15955 -6.75273 -9.80018 -11.6713
3.62 0 -1.90092 -4.76447 -5.58625 -5.88374 -6.50538 -6.67894 -6.57196 -9.14426 -11.6914
3.64 0 -1.75384 -4.47579 -6.06043 -6.04397 -6.10115 -7.16869 -6.79772 -8.52268 -11.8441
3.66 0 -1.99202 -4.21812 -6.47907 -6.41965 -6.09201 -7.43183 -7.36699 -8.04988 -12.0885
3.68 0 -2.41268 -4.28643 -6.65374 -6.98192 -6.59759 -7.52514 -8.03891 -7.94546 -12.3576
3.7 0 -2.64545 -4.5176 -6.4035 -7.4237 -7.25807 -7.44657 -8.3095 -8.13695 -12.3586
3.72 0 -2.48553 -4.4726 -5.78144 -7.39886 -7.62378 -7.17493 -7.85221 -8.3732 -11.8551
3.74 0 -2.04234 -3.90517 -5.06324 -6.8661 -7.51285 -6.77785 -6.82562 -8.46674 -10.9096
3.76 0 -1.62329 -3.08959 -4.53454 -6.18295 -7.13346 -6.42657 -5.83871 -8.46079 -9.88766
3.78 0 -1.44918 -2.47499 -4.29533 -5.76777 -6.76755 -6.23948 -5.48799 -8.40939 -9.15323
3.8 0 -1.34802 -2.20769 -4.09867 -5.64106 -6.38649 -6.10056 -5.7667 -8.17933 -8.68123
3.82 0 -1.23171 -2.265 -3.88672 -5.67343 -6.02194 -6.0111 -6.42858 -7.81906 -8.39194
3.84 0 -1.18409 -2.488 -3.83496 -5.7037 -5.79052 -6.04873 -7.24525 -7.49737 -8.23385
3.86 0 -1.03601 -2.45721 -3.80817 -5.38029 -5.49697 -6.05631 -7.68602 -7.13695 -7.89368
3.88 0 -0.560582 -1.90269 -3.48257 -4.50136 -4.89199 -5.80988 -7.31167 -6.60875 -7.07802
3.9 0 0.241822 -0.933055 -2.66839 -3.20627 -3.97953 -5.19587 -6.20523 -5.88552 -5.79734
3.92 0 1.31976 0.376637 -1.19469 -1.63498 -2.71391 -4.13053 -4.54131 -4.82855 -4.09444
3.94 0 2.18612 1.67831 0.579951 -0.183815 -1.45171 -2.88198 -2.91819 -3.60363 -2.41052
3.96 0 2.40797 2.65043 2.14428 0.873573 -0.588521 -1.74573 -1.85904 -2.43921 -1.16738
3.98 0 2.04675 3.31225 3.31785 1.64136 -0.0795909 -0.802663 -1.31306 -1.35434 -0.364782
4 0 1.40009 3.51819 3.96638 2.15968 0.19677 -0.245928 -1.07675 -0.499359 0.0427769
4.02 0 0.800984 3.09846 4.02041 2.42435 0.342731 -0.236257 -0.950092 -0.0448653 0.113447
4.04 0 0.634234 2.37737 3.71583 2.71793 0.632438 -0.4627 -0.608677 0.209085 0.17432
4.06 0 0.997755 1.89256 3.3406 3.25866 1.26476 -0.449226 0.0985917 0.573345 0.521151
4.08 0 1.36837 1.6896 2.79214 3.69495 1.96102 -0.198365 0.766432 0.931884 0.930131
4.1 0 1.35051 1.58542 2.1098 3.66117 2.49023 0.174847 1.06063 1.15633 1.17485
4.12 0 0.986937 1.37281 1.59031 3.11081 2.75979 0.667619 0.993634 1.25623 1.25168
4.14 0 0.624471 1.10921 1.5153 2.3736 2.89324 1.40908 0.93442 1.38915 1.39154
4.16 0 0.538391 1.08295 1.83224 1.94809 3.02267 2.49117 1.28636 1.70188 1.8253
4.18 0 0.716688 1.44629 2.20353 2.11858 3.16504 3.73567 2.1522 2.18272 2.54612
4.2 0 1.17338 2.17568 2.60129 2.86825 3.54797 4.89348 3.56347 2.90368 3.52359
4.22 0 1.93744 3.10021 3.27607 3.93633 4.41186 5.91552 5.35918 4.01598 4.71191
4.24 0 2.9614 4.12917 4.43313 5.13635 5.82908 6.94688 7.28431 5.663 6.07938
4.26 0 4.10314 5.37289 6.01563 6.5525 7.6239 8.23121 9.14461 7.89817 7.63523
4.28 0 4.92883 6.6698 7.52572 8.06715 9.23593 9.64746 10.5909 10.3 9.12268
4.3 0 5.16752 7.67874 8.61653 9.40293 10.2892 10.8674 11.5036 12.2847 10.3262
4.32 0 4.98193 8.2305 9.41766 10.4121 10.9295 11.7196 12.1784 13.5608 11.343
4.34 0 4.50367 8.22193 9.99875 10.9604 11.3119 12.0736 12.7739 14.0112 12.1967
4.36 0 3.79582 7.69737 10.2527 11.0711 11.4467 11.985 13.1859 13.7607 12.8254
4.38 0 2.89387 6.76197 9.99061 10.8689 11.2321 11.6356 13.1543 13.0436 13.1453
4.4 0 1.83139 5.47944 9.11353 10.4024 10.6172 11.1484 12.4606 12.0816 13.0766
4.42 0 0.650306 3.84253 7.66963 9.57203 9.69092 10.4615 11.0743 11.0119 12.5448
4.44 0 -0.233217 2.20382 6.1287 8.60871 8.96382 9.75111 9.54691 10.1789 11.8957
4.46 0 -0.488057 1.01919 4.88194 7.85474 8.82633 9.22116 8.51619 9.81438 11.5188
4.48 0 -0.282636 0.45723 3.88762 7.40453 9.11172 8.85744 8.17812 9.77584 11.4465
4.5 0 -0.170003 0.20517 2.78146 6.95314 9.18196 8.41888 8.15033 9.6185 11.3041
4.52 0 -0.541815 -0.294953 1.39857 6.0579 8.4898 7.71315 7.89796 8.99587 10.6975
4.54 0 -1.26382 -1.30751 0.0185692 4.59389 7.04555 6.83948 7.25928 7.99096 9.6192
4.56 0 -2.25001 -2.86341 -1.33449 2.52433 4.9769 5.73944 6.15188 6.65676 8.06755
4.58 0 -3.51222 -4.71476 -2.91109 -0.0698612 2.45201 4.2476 4.58744 4.99444 6.05288
4.6 0 -4.49341 -6.04134 -4.43727 -2.51067 0.174298 2.75595 3.18052 3.53328 4.15559
4.62 0 -4.61001 -6.23929 -5.47594 -4.12942 -1.25743 1.76448 2.51281 2.80278 2.95703
4.64 0 -3.88332 -5.46014 -5.93447 -4.88915 -1.89463 1.32351 2.55878 2.78415 2.47548
4.66 0 -2.37603 -3.94746 -5.56356 -4.83738 -1.78243 1.51835 3.25802 3.4624 2.7364
4.68 0 -0.186323 -1.94845 -4.12172 -3.97061 -0.972317 2.43183 4.54998 4.81999 3.76896
4.7 0 1.54294 -0.288547 -2.48934 -3.06792 -0.381186 3.23211 5.54768 5.95922 4.72851
4.72 0 1.66238 0.355844 -1.71424 -2.90934 -0.87344 3.02632 5.41196 5.97624 4.76167
4.74 0 0.982027 0.659131 -1.21872 -2.82089 -1.63262 2.4385 4.88353 5.55203 4.56757
4.76 0 0.562456 1.09203 -0.341182 -2.20038 -1.78741 2.0939 4.67987 5.40113 4.82683
4.78 0 0.671978 1.51553 0.859259 -1.10548 -1.25 1.98152 4.78394 5.57058 5.50817
4.8 0 1.32062 2.07461 2.18854 0.490081 -0.0472883 2.15665 5.16066 6.11692 6.575
4.82 0 2.32098 3.03344 3.49034 2.60127 1.7274 2.72087 5.77782 7.08554 7.99155
4.84 0 3.48316 4.48172 4.87523 5.08408 3.99011 3.81778 6.6132 8.49117 9.73289
4.86 0 4.74488 6.28689 6.68736 7.65403 6.70064 5.55236 7.69266 10.3039 11.795
4.88 0 5.52338 7.69075 8.54256 9.55085 9.1177 7.35554 8.48182 11.8256 13.5808
4.9 0 5.30609 8.10494 9.6893 10.3368 10.3988 8.56789 8.5682 12.3156 14.4955
4.92 0 4.23458 7.64579 9.81985 10.2977 10.4213 9.05281 8.15514 11.7015 14.5416
4.94 0 2.4633 6.31855 8.80266 9.50718 9.3004 8.60279 7.34013 10.0037 13.6982
4.96 0 0.768312 4.5538 7.33104 8.38026 7.87006 7.65821 6.61038 7.92811 12.5084
4.98 0 -0.148312 2.86194 6.08474 7.33898 6.89324 6.79265 6.28789 6.3045 11.4812
5 0 -0.373613 1.41552 4.98078 6.41329 6.34861 6.14436 6.07128 5.38238 10.5473
5.02 0 -0.196814 0.543888 3.86373 5.73149 6.09178 5.87295 5.78266 5.25883 9.69071
5.04 0 -0.228949 0.0213725 2.38941 4.9399 5.65887 5.59979 5.1437 5.40273 8.5909
5.06 0 -0.835179 -0.714248 0.460296 3.55534 4.6868 4.80424 4.04099 5.17888 6.95106
5.08 0 -1.81239 -2.02046 -1.5685 1.46634 3.20071 3.3616 2.69594 4.38846 4.8317
5.1 0 -2.64799 -3.62225 -3.2421 -0.872544 1.51382 1.67186 1.58654 3.25056 2.68383
5.12 0 -3.06107 -4.86823 -4.42699 -2.84001 -0.136743 0.264302 1.00477 2.09565 0.942883
5.14 0 -3.25298 -5.43468 -5.40941 -4.22317 -1.8188 -0.72978 0.762857 0.979574 -0.382892
5.16 0 -3.27544 -5.33717 -6.14147 -5.11526 -3.35501 -1.29922 0.636189 0.0415194 -1.31304
5.18 0 -3.03509 -4.87284 -6.33779 -5.77477 -4.45966 -1.52855 0.447253 -0.558994 -1.88058
5.2 0 -2.73715 -4.56282 -6.13028 -6.58419 -5.21728 -1.81859 -0.0905283 -1.0348 -2.38016
5.22 0 -2.68171 -4.64987 -6.01871 -7.60153 -5.96632 -2.51691 -1.1271 -1.70256 -3.085
5.24 0 -2.91497 -4.97315 -6.39794 -8.47957 -6.86402 -3.6417 -2.51244 -2.64557 -3.98274
5.26 0 -3.17702 -5.25522 -7.13894 -8.88592 -7.7074 -4.94433 -3.89712 -3.68081 -4.81663
5.28 0 -3.17119 -5.37971 -7.75492 -8.79067 -8.20278 -6.15527 -4.99947 -4.57955 -5.34353
5.3 0 -2.88532 -5.46429 -7.95334 -8.44505 -8.33521 -7.21643 -5.84624 -5.31681 -5.58318
5.32 0 -2.38634 -5.46603 -7.63481 -7.96459 -8.15636 -8.02755 -6.50043 -5.84088 -5.56321
5.34 0 -1.82451 -5.19231 -6.89857 -7.34008 -7.77256 -8.43439 -7.03783 -6.09458 -5.31771
5.36 0 -1.68281 -4.84811 -6.24922 -6.89723 -7.63252 -8.70729 -7.82286 -6.42377 -5.24419
5.38 0 -2.30137 -4.79292 -6.11891 -7.00126 -8.10113 -9.25102 -9.096 -7.23867 -5.72314
5.4 0 -3.509 -5.15108 -6.50718 -7.69707 -9.08904 -10.2008 -10.6752 -8.61506 -6.7557
5.42 0 -4.54974 -5.58763 -6.88948 -8.49739 -9.99532 -11.175 -11.9246 -10.0761 -7.82941
5.44 0 -4.72497 -5.71951 -6.78482 -8.83354 -10.3162 -11.6736 -12.3582 -11.0613 -8.44167
5.46 0 -4.13713 -5.3974 -6.35127 -8.57788 -10.1359 -11.6059 -12.1224 -11.458 -8.61584
5.48 0 -2.94108 -4.46474 -5.6672 -7.68539 -9.49187 -10.8983 -11.3658 -11.158 -8.37089
5.5 0 -1.57874 -3.3164 -4.9904 -6.63418 -8.69959 -9.94449 -10.5314 -10.4959 -8.08335
5.52 0 -0.503761 -2.37517 -4.51065 -5.95077 -8.03936 -9.20141 -9.96656 -9.88061 -8.11002
5.54 0 0.178413 -1.65851 -4.08815 -5.71529 -7.47509 -8.73544 -9.59237 -9.39174 -8.41788
5.56 0 0.389673 -1.15634 -3.73303 -5.8342 -7.09543 -8.54105 -9.34825 -9.1131 -8.97261
5.58 0 0.419262 -0.647539 -3.28803 -5.88217 -6.79381 -8.31025 -8.96783 -8.86471 -9.49248
5.6 0 0.622051 0.0360222 -2.54958 -5.50419 -6.40555 -7.73924 -8.2204 -8.45694 -9.68423
5.62 0 1.06532 0.817874 -1.52639 -4.68601 -5.90669 -6.82122 -7.15691 -7.90397 -9.51256
5.64 0 1.72316 1.70402 -0.251814 -3.47465 -5.18009 -5.59699 -5.852 -7.16331 -8.96676
5.66 0 2.49818 2.7688 1.2151 -1.92696 -4.0901 -4.12151 -4.38656 -6.1597 -8.05552
5.68 0 3.29698 4.06589 2.83553 -0.0808948 -2.54566 -2.44047 -2.81492 -4.82692 -6.79502
5.7 0 3.79047 5.23896 4.29062 1.71485 -0.836572 -0.903168 -1.46116 -3.46177 -5.52094
5.72 0 3.79124 5.84921 5.27505 3.13423 0.673431 0.175881 -0.600334 -2.40656 -4.56176
5.74 0 3.4701 5.81001 5.79358 4.1859 1.91311 0.826438 -0.165911 -1.70758 -3.91775
5.76 0 2.91545 5.14139 5.82833 4.87579 2.82168 1.08785 -0.106472 -1.41148 -3.58792
5.78 0 2.36834 4.22883 5.58794 5.43194 3.60891 1.24331 -0.13139 -1.30124 -3.32328
5.8 0 2.00823 3.53983 5.27365 6.03239 4.50421 1.56653 0.0294643 -1.13505 -2.88078
5.82 0 1.77856 3.17992 4.95414 6.58521 5.4534 2.11061 0.360404 -0.892354 -2.2749
5.84 0 1.56916 2.99568 4.73519 6.88402 6.26754 2.81563 0.735271 -0.644851 -1.62939
5.86 0 1.30287 2.79624 4.65304 6.81395 6.76442 3.58609 1.04528 -0.466187 -1.06837
5.88 0 1.04334 2.59118 4.69625 6.52033 6.93353 4.42455 1.34282 -0.300333 -0.574634
5.9 0 0.836576 2.45371 4.73777 6.18475 6.83248 5.28096 1.70213 -0.102487 -0.128028
5.92 0 0.502848 2.21755 4.45582 5.69834 6.39102 5.79571 1.99393 -0.0536547 0.0625252
5.94 0 0.137529 1.86288 3.87575 5.10927 5.78147 5.85528 2.28424 -0.0919392 0.0195732
5.96 0 -0.00322659 1.48139 3.24916 4.56075 5.26535 5.61673 2.7083 0.00243396 -0.0804577
5.98 0 0.0223298 1.00659 2.58181 3.98171 4.78066 5.125 3.12394 0.205197 -0.277543
6 0 0.210534 0.616359 1.97964 3.48371 4.36092 4.62399 3.52302 0.623756 -0.447126
6.02 0 0.513429 0.519769 1.54276 3.17052 4.0609 4.32202 3.93143 1.33946 -0.453448
6.04 0 0.821986 0.746077 1.33023 2.99997 3.88027 4.26575 4.32268 2.31969 -0.274024
6.06 0 1.13536 1.2154 1.4496 2.91552 3.85395 4.44424 4.72869 3.51327 0.104525
6.08 0 1.26968 1.59666 1.71801 2.6808 3.77841 4.55774 5.03486 4.5395 0.497136
6.1 0 1.0459 1.62305 1.8197 2.15423 3.407 4.33513 5.11242 5.01827 0.715966
6.12 0 0.526474 1.30486 1.59885 1.4937 2.69163 3.79916 4.97585 4.89011 0.78005
6.14 0 0.0537728 0.884704 1.21797 1.04847 1.88982 3.26078 4.79409 4.47594 0.931033
6.16 0 -0.0405555 0.587346 0.960244 1.00173 1.35724 3.00105 4.70761 4.14993 1.39176
6.18 0 0.207139 0.452014 0.895405 1.16828 1.24898 2.98602 4.64597 4.00815 2.12529
6.2 0 0.438513 0.364285 0.822233 1.21868 1.42488 2.95629 4.38201 3.88437 2.88378
6.22 0 0.330105 0.192099 0.494276 0.958688 1.59609 2.69373 3.73054 3.57709 3.42926
6.24 0 0.0794273 0.0730341 0.0914035 0.652492 1.77727 2.40134 2.9175 3.26201 3.91809
6.26 0 -0.0553549 0.0443488 -0.141678 0.548288 1.98642 2.26827 2.20016 3.11308 4.48695
6.28 0 -0.0111871 0.00358888 -0.130555 0.67355 2.13923 2.25402 1.72485 3.10287 5.1005
6.3 0 0.175385 -0.0180022 0.129262 1.00412 2.25165 2.27446 1.62957 3.20664 5.73026
6.32 0 0.398709 0.122065 0.569801 1.50736 2.37437 2.29501 1.94174 3.44442 6.35227
6.34 0 0.389617 0.316921 0.925161 1.92874 2.33728 2.15658 2.3517 3.66554 6.74229
6.36 0 -0.00527482 0.312216 1.00599 1.97865 1.96682 1.75511 2.48862 3.71897 6.69448
6.38 0 -0.428229 0.192134 1.07194 1.79268 1.51454 1.39375 2.44164 3.82933 6.44429
6.4 0 -0.572145 0.132831 1.30638 1.58501 1.2322 1.29383 2.4048 4.15615 6.241
6.42 0 -0.530699 0.135598 1.4307 1.36606 1.05015 1.29301 2.36085 4.5034 6.03212
6.44 0 -0.438222 0.191982 1.20912 1.1331 0.889971 1.21183 2.31875 4.67 5.76239
6.46 0 -0.248733 0.290663 0.752299 0.916051 0.789944 1.06554 2.37446 4.64485 5.50077
6.48 0 0.0883187 0.339618 0.308025 0.675188 0.754278 0.944059 2.53614 4.48651 5.29387
6.5 0 0.494237 0.291042 0.0245065 0.372876 0.709418 0.931986 2.70996 4.25716 5.1286
6.52 0 0.796399 0.263322 -0.0755418 0.0769561 0.600865 1.09719 2.82674 4.04209 5.00218
6.54 0 0.859211 0.390094 -0.0514955 -0.115756 0.44641 1.41855 2.87823 3.89906 4.91651
6.56 0 0.624973 0.554366 -0.0139397 -0.264341 0.2534 1.70734 2.82291 3.75227 4.78479
6.58 0 0.187924 0.512848 -0.0125426 -0.477859 0.0467335 1.76765 2.64621 3.50485 4.52584
6.6 0 -0.265897 0.149586 -0.0874677 -0.73394 -0.126407 1.53597 2.39386 3.14575 4.14035
6.62 0 -0.64845 -0.491932 -0.383845 -0.944749 -0.315165 1.04661 2.04837 2.68706 3.62546
6.64 0 -0.866025 -1.12352 -0.880412 -0.950951 -0.465756 0.518948 1.67992 2.28211 3.10575
6.66 0 -0.890994 -1.48283 -1.37006 -0.744068 -0.475026 0.158083 1.37062 2.07004 2.71074
6.68 0 -0.810835 -1.55643 -1.62207 -0.537287 -0.318589 -0.00300209 1.11931 2.02956 2.45014
6.7 0 -0.670357 -1.383 -1.49382 -0.448659 0.0344746 0.0311114 0.973297 2.11058 2.34071
6.72 0 -0.693439 -1.19752 -1.23703 -0.601294 0.274585 0.0626833 0.76516 2.04718 2.17916
6.74 0 -0.877424 -1.07335 -1.06547 -0.837431 0.188183 0.0620812 0.480315 1.74589 1.91472
6.76 0 -0.946327 -0.914969 -0.928552 -0.868479 -0.110431 0.159296 0.314299 1.3558 1.70361
6.78 0 -0.818228 -0.80085 -0.808513 -0.757086 -0.479381 0.247932 0.280607 0.903621 1.53019
6.8 0 -0.542153 -0.74434 -0.678274 -0.671423 -0.733207 0.195915 0.332357 0.420982 1.35546
6.82 0 -0.260777 -0.654111 -0.586694 -0.697613 -0.807123 -0.0283156 0.367896 -0.0174533 1.1293
6.84 0 -0.00356102 -0.364408 -0.507469 -0.710674 -0.681834 -0.245702 0.334369 -0.228494 0.901083
6.86 0 0.287349 0.14829 -0.33244 -0.558238 -0.403494 -0.256962 0.227725 -0.0955918 0.74128
6.88 0 0.653213 0.720773 0.047503 -0.211036 -0.0504745 -0.0283129 0.0934025 0.316399 0.671256
6.9 0 1.10834 1.24312 0.697821 0.328091 0.383873 0.364983 0.0923822 0.864135 0.734311
6.92 0 1.58352 1.76898 1.55137 1.07316 0.936423 0.814271 0.412291 1.38797 0.984074
6.94 0 1.9897 2.42448 2.48011 2.0391 1.63066 1.28305 1.126 1.82138 1.44863
6.96 0 2.13522 3.04002 3.23874 2.9823 2.27374 1.66865 1.93212 2.0381 1.91147
6.98 0 1.95795 3.3138 3.68781 3.60056 2.67246 1.93029 2.42916 1.99267 2.1283
7 0 1.61748 3.16073 3.86802 3.80875 2.84534 2.16642 2.45672 1.8173 2.05771
7.02 0 1.17901 2.63926 3.7049 3.61107 2.82228 2.33138 2.02103 1.5441 1.68608
7.04 0 0.830085 2.0849 3.28688 3.28411 2.82864 2.47453 1.48922 1.30559 1.2368
7.06 0 0.732738 1.77213 2.79997 3.09459 3.05243 2.6424 1.27025 1.19476 0.946804
7.08 0 0.851857 1.66905 2.35893 3.05735 3.41277 2.788 1.46407 1.1505 0.836528
7.1 0 0.924291 1.4706 1.90153 2.92779 3.54702 2.76986 1.77288 0.976949 0.669521
7.12 0 0.680838 0.906914 1.314 2.45703 3.12702 2.49065 1.79999 0.542924 0.193256
7.14 0 0.316608 0.254435 0.829238 1.87153 2.40849 2.23903 1.64509 0.171039 -0.371228
7.16 0 0.0203402 -0.143762 0.579353 1.40483 1.76082 2.17199 1.51811 0.107755 -0.780904
7.18 0 -0.220713 -0.210343 0.464107 1.05508 1.35132 2.13869 1.4881 0.286772 -1.00581
7.2 0 -0.324043 -0.00465762 0.46336 0.832701 1.26983 2.04441 1.62808 0.618057 -1.00862
7.22 0 -0.171754 0.335122 0.603604 0.792092 1.4614 1.93535 1.94202 1.04422 -0.76308
7.24 0 0.101632 0.548741 0.713114 0.844836 1.60345 1.78365 2.18871 1.38097 -0.43973
7.26 0 0.26404 0.485693 0.603458 0.854551 1.41849 1.54738 2.12053 1.46851 -0.224139
7.28 0 0.233958 0.205289 0.303815 0.747357 0.944421 1.24919 1.72694 1.3122 -0.128985
7.3 0 0.106121 -0.108578 0.0319244 0.531646 0.47261 0.951013 1.21616 1.05186 -0.0149642
7.32 0 -0.0693568 -0.32149 -0.111349 0.21294 0.196415 0.63843 0.745781 0.764923 0.190448
7.34 0 -0.344173 -0.454922 -0.269166 -0.207604 0.0192015 0.226392 0.28326 0.400487 0.403173
7.36 0 -0.566033 -0.482125 -0.45677 -0.538635 -0.124423 -0.167375 -0.123626 0.0609375 0.655477
7.38 0 -0.564439 -0.449712 -0.605745 -0.639278 -0.281098 -0.418851 -0.437455 -0.132565 0.965716
7.4 0 -0.31674 -0.431443 -0.636726 -0.548908 -0.445622 -0.529628 -0.649557 -0.140453 1.29812
7.42 0 0.0640045 -0.363545 -0.494114 -0.37123 -0.531682 -0.557494 -0.71359 0.037114 1.63498
7.44 0 0.30827 -0.197504 -0.292068 -0.276495 -0.560506 -0.646186 -0.680845 0.274152 1.8784
7.46 0 0.248157 0.0272519 -0.172469 -0.35691 -0.624656 -0.872847 -0.642267 0.4401 1.94264
7.48 0 -0.00797737 0.190807 -0.142021 -0.550388 -0.789086 -1.15379 -0.635691 0.511662 1.84569
7.5 0 -0.105135 0.280975 -0.0239458 -0.619662 -0.942408 -1.23832 -0.539246 0.642737 1.7776
7.52 0 0.197896 0.424436 0.30578 -0.364814 -0.893546 -0.945959 -0.203788 0.98581 1.9275
7.54 0 0.598632 0.572541 0.576928 -0.00291566 -0.72401 -0.526724 0.194942 1.33614 2.12447
7.56 0 0.757341 0.678462 0.583558 0.200856 -0.507027 -0.241175 0.485315 1.49993 2.19163
7.58 0 0.647033 0.720509 0.414736 0.183069 -0.221452 -0.102492 0.655175 1.48998 2.13063
7.6 0 0.358488 0.564494 0.178579 -0.0294431 0.0277815 -0.0516916 0.665946 1.33405 1.93759
7.62 0 0.0638149 0.214988 -0.0274603 -0.236576 0.163317 0.0615925 0.574498 1.13776 1.69208
7.64 0 -0.140914 -0.19309 -0.191836 -0.253057 0.182744 0.313321 0.485261 0.983954 1.47798
7.66 0 -0.299588 -0.540779 -0.364578 -0.10521 0.151674 0.601877 0.461443 0.853628 1.29913
7.68 0 -0.453605 -0.742425 -0.506356 0.0634854 0.221723 0.797528 0.562807 0.735451 1.15698
7.7 0 -0.556126 -0.760099 -0.501931 0.172369 0.50494 0.89616 0.818674 0.690784 1.08164
7.72 0 -0.526262 -0.593774 -0.297854 0.289213 0.946915 1.03144 1.18001 0.809474 1.09803
7.74 0 -0.329156 -0.268557 0.0495701 0.545679 1.38018 1.34756 1.54793 1.13562 1.2012
7.76 0 -0.0619481 0.0947399 0.393852 0.916125 1.63238 1.79111 1.80372 1.55788 1.29904
7.78 0 0.159379 0.363498 0.65692 1.24386 1.69629 2.16463 1.93644 1.89893 1.31846
7.8 0 0.499099 0.711991 1.072 1.6167 1.91657 2.52023 2.25418 2.25865 1.48573
7.82 0 0.887541 1.16951 1.61187 2.00058 2.34912 2.81094 2.78167 2.59685 1.81214
7.84 0 1.07612 1.57808 2.01007 2.26937 2.72588 2.93357 3.23418 2.76144 2.09268
7.86 0 1.10276 1.89943 2.24366 2.4992 2.93883 3.02594 3.47845 2.83596 2.30513
7.88 0 1.05604 2.04084 2.37153 2.68257 2.9611 3.14655 3.44475 2.87555 2.43104
7.9 0 0.98866 1.94671 2.45488 2.75493 2.86329 3.22961 3.18044 2.8692 2.46674
7.92 0 0.882002 1.67062 2.46275 2.68105 2.7382 3.14905 2.80625 2.75864 2.42001
7.94 0 0.678752 1.33551 2.28723 2.49722 2.60743 2.83148 2.42198 2.4916 2.29697
7.96 0 0.353878 1.0069 1.86506 2.25382 2.41521 2.30029 2.04646 2.06343 2.091
7.98 0 -0.0460625 0.618436 1.26102 1.94009 2.08681 1.65242 1.61569 1.52059 1.78182
8 0 -0.281795 0.195096 0.76049 1.63364 1.7213 1.15321 1.19243 1.07614 1.49595
8.02 0 -0.196816 -0.124728 0.567299 1.43172 1.46432 0.995701 0.895805 0.909263 1.37016
8.04 0 0.0765896 -0.179439 0.598103 1.34521 1.35151 1.12112 0.780588 0.994245 1.40691
8.06 0 0.204538 -0.00541392 0.568081 1.20966 1.24871 1.22562 0.752265 1.08341 1.42678
8.08 0 0.00993084 0.149035 0.317388 0.831135 1.00567 1.04002 0.678242 0.94699 1.24846
8.1 0 -0.340119 0.0630162 -0.0417004 0.212637 0.601915 0.583331 0.527571 0.596176 0.87279
8.12 0 -0.68999 -0.41691 -0.479669 -0.570315 -0.046312 -0.0503659 0.199371 0.0789532 0.292969
8.14 0 -0.891014 -1.08254 -0.984909 -1.25107 -0.8728 -0.648491 -0.263611 -0.427153 -0.35792
8.16 0 -0.922739 -1.58485 -1.54727 -1.67821 -1.68036 -1.10208 -0.743267 -0.790076 -0.934187
8.18 0 -0.919831 -1.79969 -2.1142 -2.01068 -2.28463 -1.52147 -1.18559 -1.06038 -1.41448
8.2 0 -0.961944 -1.83018 -2.53154 -2.4637 -2.59377 -2.01455 -1.57201 -1.33514 -1.8134
8.22 0 -1.04631 -1.84779 -2.72799 -3.04941 -2.73437 -2.5506 -1.94346 -1.68 -2.15598
8.24 0 -1.12509 -1.90695 -2.7886 -3.53709 -2.94372 -2.97993 -2.3476 -2.08613 -2.44341
8.26 0 -1.19224 -1.998 -2.87532 -3.73916 -3.38416 -3.2411 -2.81919 -2.54675 -2.69928
8.28 0 -1.25462 -2.12328 -3.02614 -3.71186 -3.96371 -3.44293 -3.32354 -3.06391 -2.95148
8.3 0 -1.31274 -2.29681 -3.14799 -3.68056 -4.41973 -3.76808 -3.78721 -3.62392 -3.21924
8.32 0 -1.29337 -2.39449 -3.09888 -3.71374 -4.49461 -4.19925 -4.10577 -4.088 -3.43248
8.34 0 -1.14451 -2.23687 -2.86744 -3.66972 -4.17587 -4.52963 -4.26559 -4.29498 -3.52101
8.36 0 -0.889184 -1.78212 -2.55636 -3.3855 -3.69334 -4.56764 -4.35385 -4.20818 -3.49584
8.38 0 -0.594384 -1.21041 -2.23011 -2.88948 -3.31417 -4.3051 -4.4486 -3.96256 -3.44086
8.4 0 -0.291597 -0.751783 -1.8256 -2.36618 -3.08985 -3.898 -4.49821 -3.74317 -3.40969
8.42 0 0.0336938 -0.441727 -1.25318 -1.93278 -2.85852 -3.49516 -4.33514 -3.63177 -3.36123
8.44 0 0.271559 -0.186895 -0.649289 -1.6193 -2.55831 -3.21616 -3.94021 -3.66711 -3.31704
8.46 0 0.322596 0.12944 -0.221907 -1.34767 -2.25099 -3.03768 -3.44459 -3.78844 -3.32621
8.48 0 0.237323 0.48016 -0.0182012 -1.05408 -2.00829 -2.83763 -3.02707 -3.86476 -3.42135
8.5 0 0.167204 0.668335 0.0845329 -0.790289 -1.83659 -2.5474 -2.81855 -3.80606 -3.61767
8.52 0 0.259855 0.61372 0.240109 -0.584995 -1.62812 -2.16327 -2.76304 -3.57098 -3.85298
8.54 0 0.486609 0.476516 0.439305 -0.385049 -1.28487 -1.74975 -2.68541 -3.21117 -4.03819
8.56 0 0.505471 0.319191 0.377712 -0.288587 -0.983292 -1.56062 -2.6103 -3.0279 -4.28526
8.58 0 0.0885124 0.0468108 -0.125628 -0.433398 -0.944725 -1.75796 -2.65286 -3.26556 -4.7228
8.6 0 -0.624791 -0.513611 -0.906259 -0.87079 -1.23424 -2.25113 -2.88302 -3.90463 -5.34518
8.62 0 -1.43935 -1.54757 -1.80366 -1.65719 -1.90877 -2.92882 -3.43371 -4.85716 -6.17396
8.64 0 -2.28566 -2.99578 -2.85718 -2.77316 -2.99386 -3.7416 -4.40264 -6.0347 -7.2387
8.66 0 -2.98436 -4.35146 -3.9929 -3.9139 -4.17664 -4.49041 -5.52277 -7.14246 -8.2977
8.68 0 -3.36682 -5.18552 -5.06255 -4.83869 -5.07843 -5.05666 -6.43845 -7.9458 -9.09418
8.7 0 -3.47865 -5.49994 -5.98976 -5.62459 -5.60327 -5.56317 -7.04994 -8.49041 -9.62546
8.72 0 -3.30547 -5.46163 -6.58713 -6.29376 -5.79361 -6.00867 -7.3328 -8.79476 -9.89263
8.74 0 -2.8513 -5.21523 -6.74421 -6.73214 -5.8347 -6.27513 -7.34038 -8.84093 -9.90357
8.76 0 -2.30169 -4.88895 -6.61021 -6.89127 -6.01544 -6.365 -7.25743 -8.71974 -9.78468
8.78 0 -1.87545 -4.50624 -6.369 -6.86667 -6.44387 -6.39087 -7.21827 -8.54502 -9.65575
8.8 0 -1.61912 -4.03545 -6.02902 -6.76849 -6.93782 -6.45223 -7.184 -8.34062 -9.5113
8.82 0 -1.27211 -3.28177 -5.34172 -6.49222 -7.03418 -6.42587 -6.8823 -7.89631 -9.10815
8.84 0 -0.558114 -2.04545 -4.11538 -5.8243 -6.40228 -6.08718 -6.09531 -6.97987 -8.20735
8.86 0 0.537238 -0.341755 -2.43687 -4.65538 -5.14813 -5.31612 -4.88837 -5.57671 -6.80947
8.88 0 1.50231 1.31225 -0.829925 -3.33185 -3.95258 -4.41702 -3.81148 -4.16422 -5.39308
8.9 0 1.87358 2.29121 0.277695 -2.3189 -3.37546 -3.7902 -3.3417 -3.26178 -4.42833
8.92 0 1.72851 2.46309 0.947241 -1.70692 -3.31547 -3.51992 -3.38405 -2.9349 -3.90046
8.94 0 1.11573 1.87356 1.11108 -1.5558 -3.61877 -3.76766 -3.81794 -3.23792 -3.80189
8.96 0 0.0881161 0.68473 0.586634 -1.8464 -4.20219 -4.62958 -4.59504 -4.16666 -4.14538
8.98 0 -0.848874 -0.548854 -0.331 -2.14352 -4.67027 -5.62471 -5.37019 -5.21916 -4.54483
9 0 -1.21977 -1.35332 -1.17103 -2.09173 -4.6698 -6.1925 -5.86409 -5.83812 -4.6381
9.02 0 -1.38336 -2.01901 -2.03161 -2.15312 -4.54269 -6.53556 -6.46047 -6.23292 -4.77619
9.04 0 -1.75196 -2.81924 -3.01842 -2.7628 -4.6226 -6.94989 -7.40649 -6.72191 -5.2735
9.06 0 -1.73609 -3.06855 -3.4135 -3.24232 -4.31423 -6.82875 -7.9108 -6.75316 -5.45251
9.08 0 -0.737602 -2.08351 -2.65801 -2.74261 -3.10179 -5.56801 -7.15369 -5.79891 -4.62289
9.1 0 0.487756 -0.531299 -1.51578 -1.73805 -1.76448 -3.87779 -5.69869 -4.59388 -3.42619
9.12 0 1.21701 0.812844 -0.578128 -0.87485 -0.960858 -2.46872 -4.22416 -3.7699 -2.52997
9.14 0 1.5218 1.71989 0.324503 -0.277724 -0.567306 -1.38706 -2.83863 -3.21017 -1.95872
9.16 0 1.49717 2.05093 1.19585 0.015497 -0.450706 -0.667256 -1.68306 -2.77794 -1.73993
9.18 0 1.31552 2.06921 1.94986 0.261865 -0.422941 -0.158809 -0.73279 -2.23806 -1.73337
9.2 0 1.1578 2.09407 2.43862 0.731591 -0.299827 0.30025 0.0790515 -1.44005 -1.76811
9.22 0 0.934402 2.02598 2.42862 1.22946 -0.106048 0.540135 0.587675 -0.60637 -1.93946
9.24 0 0.583474 1.6084 1.94061 1.42115 0.121971 0.389741 0.700814 -0.0318464 -2.31109
9.26 0 0.149329 0.761908 1.15552 1.19211 0.338399 -0.0868092 0.48089 0.125 -2.80194
9.28 0 -0.41967 -0.421123 0.10498 0.574553 0.335488 -0.715161 -0.0507351 -0.24297 -3.36927
9.3 0 -1.21497 -1.75943 -1.23644 -0.344953 -0.131143 -1.33121 -0.900867 -1.14475 -4.02647
9.32 0 -1.84785 -2.72137 -2.38683 -1.1497 -0.742976 -1.50381 -1.62923 -2.10008 -4.39999
9.34 0 -1.88116 -2.90397 -2.78726 -1.53099 -0.967647 -0.980955 -1.75331 -2.60681 -4.12045
9.36 0 -1.34095 -2.34954 -2.37646 -1.52373 -0.656616 0.0164574 -1.21664 -2.57243 -3.23586
9.38 0 -0.305081 -1.05996 -1.24705 -0.987811 0.262961 1.33172 -0.0238518 -1.90086 -1.79429
9.4 0 0.467797 0.256444 -0.217918 -0.38371 1.06776 2.27886 1.04708 -1.157 -0.538266
9.42 0 0.352316 0.735544 0.0159276 -0.263707 1.02683 2.22208 1.20617 -0.909597 -0.200861
9.44 0 0.0576364 0.602483 0.0567008 -0.174917 0.661986 1.69718 0.919683 -0.657209 -0.285515
9.46 0 0.16071 0.340217 0.403402 0.26539 0.538721 1.21681 0.744024 -0.0127907 -0.246692
9.48 0 0.484334 0.264482 0.889177 0.968172 0.70455 0.809576 0.770456 0.86659 -0.0145614
9.5 0 0.805793 0.692143 1.38887 1.82442 1.16419 0.560257 1.07578 1.81267 0.485797
9.52 0 1.10024 1.59486 2.01269 2.67848 1.85644 0.66263 1.65598 2.70351 1.30542
9.54 0 1.30027 2.42978 2.73862 3.20505 2.44533 1.07575 2.20601 3.29628 2.20743
9.56 0 1.3437 2.74407 3.34696 3.24917 2.62802 1.61686 2.44616 3.41716 2.92036
9.58 0 1.2724 2.60721 3.5864 3.00804 2.43809 2.15339 2.40838 3.12647 3.40935
9.6 0 1.03382 2.21113 3.19586 2.61147 2.01606 2.45253 2.15984 2.50346 3.62726
9.62 0 0.609405 1.6002 2.18366 2.00441 1.55007 2.28714 1.73677 1.67701 3.50068
9.64 0 0.307138 0.919666 1.05219 1.32675 1.37382 1.83891 1.36555 1.05335 3.22865
9.66 0 0.372153 0.362216 0.278187 0.829339 1.58899 1.49178 1.22103 0.984674 3.04579
9.68 0 0.635532 0.0338225 -0.0849371 0.641062 1.88802 1.44557 1.2549 1.44511 2.97236
9.7 0 0.878198 0.117107 -0.0527825 0.863136 2.07634 1.79326 1.53315 2.29757 3.06935
9.72 0 1.02229 0.643751 0.425784 1.42003 2.23728 2.44568 2.20721 3.35727 3.41013
9.74 0 0.975668 1.25605 1.22722 1.95083 2.39781 3.04489 3.18776 4.2717 3.85309
9.76 0 0.729667 1.61644 2.07915 2.21854 2.50913 3.34428 4.22361 4.80686 4.22428
9.78 0 0.455145 1.74571 2.71157 2.36756 2.57351 3.46398 5.09599 5.06867 4.5121
9.8 0 0.262549 1.71005 2.86285 2.54778 2.55268 3.56518 5.54686 5.2086 4.68761
9.82 0 0.171828 1.5091 2.54913 2.70468 2.5076 3.68515 5.46614 5.30223 4.73459
9.84 0 0.279781 1.20661 2.0886 2.75553 2.67807 3.83429 5.07012 5.41787 4.78116
9.86 0 0.42179 0.774404 1.58615 2.5342 3.02341 3.84105 4.50941 5.38104 4.79936
9.88 0 0.266488 0.164167 0.874678 1.96634 3.19342 3.51448 3.78537 4.92116 4.63272
9.9 0 0.105226 -0.158128 0.277868 1.6013 3.32539 3.29514 3.35128 4.39575 4.64447
9.92 0 0.318918 0.130599 0.246795 1.86348 3.65614 3.63165 3.56699 4.25049 5.16897
9.94 0 0.577067 0.538325 0.592281 2.29746 3.87967 4.17309 4.00999 4.25921 5.79139
9.96 0 0.546133 0.644519 1.01803 2.45147 3.78459 4.50113 4.2502 4.20369 6.10252
9.98 0 0.24603 0.529293 1.38069 2.33781 3.49282 4.52797 4.25097 4.16571 6.07199
10 0 -0.150816 0.420288 1.57705 2.1705 3.17619 4.32113 4.14411 4.2501 5.83623
10.02 0 -0.540661 0.339934 1.51873 2.03377 2.85807 3.8917 3.98195 4.39372 5.45325
10.04 0 -0.882985 0.0733469 1.13598 1.80854 2.42505 3.18079 3.68491 4.39902 4.862
10.06 0 -0.895513 -0.280775 0.729039 1.62111 2.0605 2.47199 3.44126 4.37902 4.30001
10.08 0 -0.466483 -0.460905 0.537096 1.61536 1.93048 2.05635 3.41664 4.47422 4.0016
10.1 0 0.176946 -0.27695 0.534633 1.77163 1.99502 2.00919 3.57242 4.6621 3.99357
10.12 0 0.82116 0.379481 0.760056 2.04155 2.25113 2.36338 3.89083 4.93274 4.28815
10.14 0 1.3888 1.41602 1.34764 2.36755 2.73086 3.08504 4.37839 5.30056 4.8793
10.16 0 1.95336 2.6297 2.38209 2.76945 3.45337 4.10431 5.0573 5.79857 5.74616
10.18 0 2.37649 3.66685 3.53393 3.13337 4.13251 5.11625 5.69713 6.21753 6.6069
10.2 0 2.52934 4.24023 4.34084 3.44553 4.46038 5.81345 6.06275 6.35767 7.17448
10.22 0 2.45144 4.35626 4.67395 3.81479 4.48244 6.10982 6.17224 6.27612 7.41411
10.24 0 2.17336 4.02361 4.53871 4.13974 4.3297 5.93542 6.01927 6.02849 7.2985
10.26 0 1.70519 3.2652 4.03712 4.21458 4.11456 5.27976 5.57577 5.6404 6.82053
10.28 0 1.24226 2.38421 3.47827 4.10677 4.05983 4.44302 5.0303 5.30974 6.2254
10.3 0 0.943509 1.73687 3.08435 4.02725 4.2426 3.80129 4.57508 5.21047 5.76342
10.32 0 0.567826 1.23425 2.63354 3.87964 4.25971 3.34506 4.01685 5.10593 5.27868
10.34 0 -0.0436244 0.646832 1.96042 3.52244 3.83132 2.93965 3.26138 4.7167 4.6252
10.36 0 -0.780123 -0.147424 1.16546 2.85715 3.04702 2.47795 2.45662 3.93139 3.84028
10.38 0 -1.52327 -1.20712 0.295661 1.8115 2.02969 1.82827 1.67678 2.72618 2.92643
10.4 0 -1.9359 -2.06701 -0.461325 0.783902 1.15464 1.25347 1.19272 1.52058 2.16775
10.42 0 -1.76222 -2.21783 -0.94128 0.211692 0.743588 1.09256 1.18575 0.794947 1.83046
10.44 0 -1.07676 -1.64275 -1.12105 0.106824 0.810343 1.36918 1.50287 0.696039 1.87169
10.46 0 -0.263564 -0.795757 -1.10994 0.0872119 1.07568 1.76421 1.76348 0.97827 1.9708
10.48 0 0.294548 -0.164446 -0.996868 -0.213659 1.23014 1.9341 1.70125 1.3015 1.82975
10.5 0 0.552154 0.152007 -0.745312 -0.703404 1.18409 1.8682 1.44512 1.54965 1.48422
10.52 0 0.481317 0.18886 -0.556685 -1.11989 0.799919 1.55604 1.14068 1.57404 0.983504
10.54 0 0.204475 0.09294 -0.533791 -1.2104 0.130423 1.06871 0.960665 1.3467 0.470625
10.56 0 -0.0907011 -0.0789067 -0.578315 -0.979303 -0.624574 0.499715 0.94654 0.946893 0.0565769
10.58 0 -0.318986 -0.373408 -0.572249 -0.693614 -1.25598 -0.117625 0.934234 0.467023 -0.274618
10.6 0 -0.545848 -0.781294 -0.552218 -0.656761 -1.6482 -0.794978 0.676365 -0.0330418 -0.622633
10.62 0 -0.883818 -1.19021 -0.711866 -0.983054 -1.85783 -1.50999 0.00680285 -0.542119 -1.07841
10.64 0 -1.31275 -1.50394 -1.19814 -1.54505 -2.03594 -2.16184 -1.06985 -1.07614 -1.64168
10.66 0 -1.71694 -1.83431 -1.99055 -2.2154 -2.33757 -2.75019 -2.41698 -1.74145 -2.29036
10.68 0 -1.79046 -2.18907 -2.71741 -2.7665 -2.65416 -3.17739 -3.61751 -2.47723 -2.80413
10.7 0 -1.39617 -2.41844 -3.04057 -3.0185 -2.82659 -3.37503 -4.26106 -3.17793 -2.98489
10.72 0 -0.768128 -2.34635 -2.96588 -2.97475 -2.85943 -3.40012 -4.29778 -3.80213 -2.87078
10.74 0 -0.357126 -1.98823 -2.76054 -2.84984 -2.94635 -3.42953 -4.07591 -4.3737 -2.74744
10.76 0 -0.422087 -1.56993 -2.61191 -2.8983 -3.24757 -3.6031 -4.02662 -4.87124 -2.90486
10.78 0 -0.788068 -1.30444 -2.4524 -3.16376 -3.68878 -3.8896 -4.29862 -5.16435 -3.3779
10.8 0 -1.03321 -1.19579 -2.12725 -3.41368 -4.02315 -4.13934 -4.6869 -5.10956 -3.9451
10.82 0 -0.862952 -1.05199 -1.63766 -3.32664 -4.04763 -4.23587 -4.86274 -4.67976 -4.35099
10.84 0 -0.352891 -0.703115 -1.19269 -2.80397 -3.77368 -4.2169 -4.6761 -4.05577 -4.52915
10.86 0 0.365101 -0.0399365 -0.793221 -1.91229 -3.20576 -4.03611 -4.05736 -3.39001 -4.41214
10.88 0 0.945976 0.633929 -0.45485 -1.09671 -2.59337 -3.8018 -3.31597 -2.97874 -4.20431
10.9 0 1.11503 0.93037 -0.175386 -0.766839 -2.21596 -3.59069 -2.86154 -3.00377 -4.15024
10.92 0 0.883653 0.814143 0.063426 -0.899531 -2.13415 -3.31252 -2.83675 -3.35642 -4.27628
10.94 0 0.28466 0.382481 0.0604779 -1.32494 -2.37614 -3.03283 -3.25815 -3.95835 -4.6131
10.96 0 -0.357432 -0.0594623 -0.172149 -1.68038 -2.66058 -2.73548 -3.78855 -4.5631 -4.96119
10.98 0 -0.664542 -0.32047 -0.469807 -1.73505 -2.63799 -2.45174 -4.0427 -4.95117 -5.11516
11 0 -0.562626 -0.469525 -0.746878 -1.55576 -2.23261 -2.31887 -3.94006 -5.10299 -5.09415
11.02 0 -0.13807 -0.494383 -0.887754 -1.18799 -1.51585 -2.25298 -3.55047 -4.95648 -4.92089
11.04 0 0.202132 -0.504452 -1.00617 -0.834361 -0.876423 -2.23427 -3.22047 -4.65745 -4.81292
11.06 0 0.125155 -0.653834 -1.2202 -0.698644 -0.7001 -2.27095 -3.24232 -4.41577 -4.96278
11.08 0 -0.337551 -0.986195 -1.43833 -0.849736 -0.99983 -2.35082 -3.56673 -4.32469 -5.33111
11.1 0 -1.07427 -1.55167 -1.64489 -1.35607 -1.65598 -2.60204 -4.0528 -4.51729 -5.8712
11.12 0 -1.79505 -2.18833 -1.8379 -2.0235 -2.3999 -3.00191 -4.43142 -4.93773 -6.39858
11.14 0 -2.24408 -2.6527 -2.11868 -2.57679 -3.02332 -3.44683 -4.54455 -5.43387 -6.76113
11.16 0 -2.37311 -2.89755 -2.62108 -2.94949 -3.51645 -3.89151 -4.50249 -5.91375 -6.98921
11.18 0 -2.20111 -2.99173 -3.21626 -3.21954 -3.87155 -4.24375 -4.46934 -6.24738 -7.12425
11.2 0 -1.8212 -3.03124 -3.65328 -3.52532 -4.07872 -4.42618 -4.56924 -6.34161 -7.1963
11.22 0 -1.51349 -3.16999 -4.01067 -4.06807 -4.31236 -4.59377 -4.96878 -6.36195 -7.372
11.24 0 -1.55307 -3.47935 -4.53401 -4.91485 -4.78607 -4.96062 -5.72203 -6.55644 -7.79396
11.26 0 -1.98228 -3.90516 -5.30866 -5.94404 -5.5507 -5.61337 -6.67146 -7.04502 -8.42969
11.28 0 -2.5202 -4.3183 -6.12292 -6.88289 -6.42956 -6.42863 -7.48412 -7.71763 -9.04938
11.3 0 -2.8462 -4.66244 -6.69105 -7.53084 -7.22237 -7.2128 -7.93915 -8.37857 -9.44825
11.32 0 -2.91745 -4.9982 -6.97208 -7.9284 -7.91582 -7.90484 -8.13432 -8.95255 -9.64988
11.34 0 -2.79887 -5.23499 -7.01596 -8.10814 -8.48717 -8.41446 -8.22338 -9.32278 -9.68874
11.36 0 -2.5917 -5.23442 -6.89683 -8.11207 -8.87684 -8.68302 -8.34013 -9.39177 -9.59401
11.38 0 -2.36171 -4.91772 -6.64851 -7.99983 -8.99211 -8.73647 -8.50015 -9.14472 -9.37311
11.4 0 -2.10179 -4.3096 -6.25258 -7.80881 -8.77434 -8.64755 -8.6084 -8.65565 -9.00419
11.42 0 -1.75615 -3.49259 -5.68529 -7.50579 -8.26272 -8.45529 -8.53696 -8.0302 -8.4573
11.44 0 -1.25213 -2.56938 -4.9335 -6.99928 -7.58281 -8.13011 -8.18156 -7.36533 -7.71012
11.46 0 -0.538475 -1.62492 -3.98625 -6.20205 -6.85907 -7.60705 -7.51164 -6.70128 -6.75778
11.48 0 0.357942 -0.654867 -2.84626 -5.09834 -6.1259 -6.83213 -6.57761 -6.0016 -5.61626
11.5 0 1.23414 0.363096 -1.59816 -3.82069 -5.37404 -5.87069 -5.53706 -5.24027 -4.39325
11.52 0 1.88784 1.42048 -0.3144 -2.53012 -4.53603 -4.84051 -4.53317 -4.37889 -3.20511
11.54 0 2.29287 2.47367 1.02095 -1.29217 -3.50187 -3.80231 -3.59033 -3.35529 -2.08209
11.56 0 2.50714 3.43834 2.39637 -0.0969909 -2.25688 -2.78404 -2.67829 -2.17779 -1.02699
11.58 0 2.79429 4.38733 3.86281 1.28841 -0.738661 -1.62452 -1.59035 -0.771064 0.124337
11.6 0 3.41686 5.43656 5.42632 3.10533 1.09786 -0.143125 -0.116868 0.91876 1.5475
11.62 0 4.04401 6.27772 6.68378 5.04153 2.86311 1.35508 1.43739 2.48554 2.93196
11.64 0 4.29319 6.61396 7.34947 6.67998 4.23549 2.55225 2.71903 3.57214 3.95234
11.66 0 4.14632 6.48016 7.58122 7.80844 5.30188 3.45655 3.67863 4.20955 4.60631
11.68 0 3.61156 5.94828 7.48586 8.23807 6.12367 4.0802 4.2543 4.45576 4.88079
11.7 0 2.71919 5.1018 7.03372 7.95953 6.67248 4.44044 4.39985 4.36515 4.76199
11.72 0 1.5321 3.9844 6.12042 7.13244 6.81253 4.55871 4.1093 3.96283 4.24435
11.74 0 0.378206 2.75228 4.92816 6.13905 6.57758 4.65668 3.63615 3.44693 3.54472
11.76 0 -0.412788 1.52838 3.71867 5.26292 6.09332 4.90275 3.26637 2.98992 2.88787
11.78 0 -0.808915 0.297917 2.55962 4.46426 5.4276 5.16292 3.09166 2.55334 2.28894
11.8 0 -1.06377 -0.919365 1.33235 3.5544 4.64157 5.08644 3.0714 2.00905 1.63273
11.82 0 -1.4943 -2.01591 -0.1275 2.38392 3.7202 4.46825 3.02649 1.29643 0.788716
11.84 0 -2.15506 -2.94242 -1.76652 0.950453 2.63035 3.42088 2.77755 0.51282 -0.256709
11.86 0 -2.78038 -3.72018 -3.24792 -0.602932 1.44782 2.28677 2.26963 -0.107008 -1.34889
11.88 0 -3.12051 -4.3618 -4.27745 -2.10296 0.272348 1.33838 1.55768 -0.416321 -2.30704
11.9 0 -3.21124 -4.8497 -4.90976 -3.46438 -0.899648 0.550783 0.721132 -0.537216 -3.08258
11.92 0 -3.16779 -5.05096 -5.32767 -4.55764 -2.03442 -0.195111 -0.0533479 -0.639187 -3.6247
11.94 0 -3.13862 -4.99996 -5.72711 -5.38766 -3.16158 -1.07771 -0.693104 -0.922098 -3.98968
11.96 0 -3.17427 -4.91782 -6.12507 -6.06318 -4.30722 -2.17196 -1.2623 -1.48165 -4.27046
11.98 0 -3.21604 -4.98568 -6.39918 -6.65637 -5.43361 -3.38199 -1.87612 -2.24812 -4.4977
12 0 -3.1287 -5.11828 -6.40808 -7.07779 -6.38948 -4.46306 -2.56198 -2.99 -4.57833
12.02 0 -2.84157 -5.07744 -6.15883 -7.18355 -7.01586 -5.22672 -3.28173 -3.50348 -4.41248
12.04 0 -2.428 -4.72983 -5.80997 -6.96001 -7.25637 -5.697 -4.01672 -3.77103 -4.0153
12.06 0 -1.92692 -4.04247 -5.38459 -6.4567 -7.05498 -5.94033 -4.67356 -3.81903 -3.39238
12.08 0 -1.31399 -3.07731 -4.76824 -5.73958 -6.39161 -5.99036 -5.11651 -3.67288 -2.54974
12.1 0 -0.72272 -2.0968 -4.01425 -5.00715 -5.51245 -5.98788 -5.4133 -3.51406 -1.68556
12.12 0 -0.294006 -1.35146 -3.2566 -4.38217 -4.78389 -6.00252 -5.69356 -3.50802 -1.01491
12.14 0 -0.00798425 -0.85827 -2.52366 -3.7839 -4.39762 -5.92713 -5.92684 -3.62671 -0.570511
12.16 0 0.20157 -0.479089 -1.78848 -3.12987 -4.2806 -5.67835 -5.99979 -3.75811 -0.280354
12.18 0 0.388468 -0.0585227 -1.01179 -2.43581 -4.17803 -5.28147 -5.80502 -3.80052 -0.051448
12.2 0 0.637978 0.547986 -0.133342 -1.70636 -3.79558 -4.75448 -5.25929 -3.63185 0.228029
12.22 0 0.829633 1.19485 0.674278 -1.09233 -3.19991 -4.25864 -4.57129 -3.34582 0.427862
12.24 0 0.803046 1.57536 1.14297 -0.753857 -2.69779 -3.96015 -4.07647 -3.13367 0.315598
12.26 0 0.941652 1.8617 1.5093 -0.332136 -2.13498 -3.51119 -3.5775 -2.71898 0.166958
12.28 0 1.31461 2.08859 1.82564 0.267082 -1.50949 -2.83769 -3.015 -2.0861 0.0597726
12.3 0 1.59936 2.11033 1.9145 0.800091 -1.00628 -2.20066 -2.53458 -1.51868 -0.185441
12.32 0 1.75509 2.09118 1.94035 1.26983 -0.470303 -1.57964 -1.97177 -1.00179 -0.44783
12.34 0 1.70083 2.05712 1.97417 1.59438 0.129014 -1.0113 -1.29717 -0.596789 -0.708382
12.36 0 1.36066 1.89587 1.94441 1.681 0.661749 -0.558672 -0.6316 -0.42295 -1.04288
12.38 0 0.840074 1.56509 1.81543 1.60723 1.04402 -0.146394 -0.052553 -0.46331 -1.43577
12.4 0 0.264605 1.03862 1.52022 1.46276 1.19648 0.29605 0.328972 -0.658503 -1.88109
12.42 0 -0.175034 0.436431 1.11252 1.36276 1.22777 0.860997 0.545196 -0.843425 -2.27808
12.44 0 -0.363245 -0.0781136 0.702896 1.3281 1.33233 1.54879 0.716144 -0.892329 -2.52303
12.46 0 -0.368954 -0.413521 0.344944 1.25436 1.63589 2.18015 0.937351 -0.821055 -2.61017
12.48 0 -0.381734 -0.585318 -0.00757364 1.04203 2.06267 2.53863 1.19356 -0.74136 -2.63278
12.5 0 -0.526043 -0.702551 -0.403395 0.717168 2.35355 2.58093 1.3769 -0.735536 -2.69471
12.52 0 -0.745416 -0.875027 -0.77372 0.413487 2.29776 2.4418 1.42499 -0.77739 -2.81108
12.54 0 -0.971701 -1.19908 -1.05477 0.16044 1.82294 2.19969 1.29759 -0.855126 -2.99353
12.56 0 -1.06647 -1.51005 -1.11966 0.015809 1.18079 1.95367 1.14526 -0.849252 -3.10966
12.58 0 -0.966818 -1.52922 -0.925362 0.0143061 0.709857 1.74544 1.14104 -0.655082 -3.02099
12.6 0 -0.743099 -1.14162 -0.574819 0.102733 0.556298 1.52653 1.29496 -0.295703 -2.72383
12.62 0 -0.381368 -0.386246 -0.101436 0.292933 0.72895 1.3473 1.57715 0.222027 -2.21631
12.64 0 0.0797674 0.453157 0.415266 0.52892 1.0042 1.21775 1.81759 0.782024 -1.61421
12.66 0 0.583532 1.08692 0.905853 0.767394 1.13959 1.15 1.86423 1.25091 -1.02982
12.68 0 1.08913 1.47099 1.36196 1.05331 1.09295 1.18417 1.74183 1.58699 -0.454474
12.7 0 1.46148 1.71062 1.72013 1.35699 0.957476 1.23672 1.53174 1.74488 0.118752
12.72 0 1.66338 1.99523 2.01951 1.66122 0.978395 1.25784 1.40257 1.7793 0.768354
12.74 0 1.76577 2.39547 2.36048 1.97007 1.31414 1.28295 1.45801 1.7913 1.55865
12.76 0 1.8519 2.81266 2.77337 2.31054 1.88032 1.39557 1.64195 1.84698 2.45911
12.78 0 1.99023 3.16704 3.23295 2.77214 2.48789 1.72226 1.85103 2.04506 3.39896
12.8 0 2.1946 3.44745 3.69692 3.40086 3.02189 2.30336 2.04803 2.46192 4.30563
12.82 0 2.4418 3.70445 4.1683 4.13463 3.5446 3.0378 2.33096 3.0979 5.15228
12.84 0 2.68893 4.00626 4.67487 4.84669 4.197 3.75834 2.85438 3.88747 5.94366
12.86 0 2.91066 4.40659 5.22593 5.47503 5.03299 4.39339 3.70243 4.76707 6.70007
12.88 0 2.96005 4.75593 5.6412 5.91553 5.79078 4.87705 4.66126 5.56112 7.28037
12.9 0 2.73766 4.84551 5.75643 6.10427 6.1527 5.22027 5.434 6.1321 7.53874
12.92 0 2.32894 4.59401 5.60841 6.07352 6.06217 5.51944 5.91093 6.49774 7.49097
12.94 0 1.79976 3.95357 5.2294 5.77357 5.61475 5.72114 6.08311 6.63793 7.15876
12.96 0 1.25141 3.06227 4.67896 5.22625 5.08312 5.76721 6.0953 6.59681 6.65834
12.98 0 0.737306 2.12248 3.95197 4.53068 4.68758 5.61565 6.08289 6.42179 6.10522
13 0 0.322322 1.35688 3.08262 3.88736 4.51747 5.37764 6.13601 6.21726 5.63602
13.02 0 0.104474 0.889857 2.22371 3.48482 4.54837 5.27943 6.27405 6.12785 5.37736
13.04 0 0.10438 0.619756 1.54242 3.31158 4.65517 5.42799 6.40928 6.1861 5.33299
13.06 0 0.309321 0.454449 1.22207 3.28806 4.81909 5.82824 6.53832 6.39216 5.50784
13.08 0 0.624994 0.439356 1.2955 3.361 5.11231 6.3874 6.74183 6.71335 5.90781
13.1 0 0.64293 0.419367 1.36329 3.26459 5.29333 6.71074 6.82223 6.82457 6.23691
13.12 0 0.0497188 0.157378 1.03352 2.77108 5.05272 6.47201 6.53022 6.43897 6.18501
13.14 0 -0.646157 -0.120485 0.66161 2.28942 4.69443 6.06125 6.19714 5.96598 6.07974
13.16 0 -0.868021 -0.239961 0.645087 2.19662 4.53249 5.89164 6.11821 5.83492 6.24352
13.18 0 -0.565389 -0.208193 0.95675 2.4951 4.56916 5.99173 6.25338 6.09638 6.65039
13.2 0 -0.195239 -0.154321 1.19932 2.85482 4.54944 6.03736 6.30955 6.44075 6.98636
13.22 0 -0.220742 -0.237332 1.03846 2.88908 4.24792 5.68323 6.03405 6.50963 6.95584
13.24 0 -0.636695 -0.494632 0.566999 2.48452 3.72772 4.91471 5.47766 6.23671 6.57877
13.26 0 -1.30535 -1.06632 -0.122826 1.61241 2.96016 3.77672 4.64886 5.57887 5.87193
13.28 0 -1.76032 -1.69379 -0.717336 0.677816 2.17172 2.68853 3.84111 4.85313 5.17129
13.3 0 -1.66098 -1.96893 -1.00434 0.125861 1.58651 2.06665 3.33336 4.40092 4.80396
13.32 0 -1.12244 -1.75489 -1.08039 0.0119129 1.18337 1.92485 3.11034 4.23601 4.76578
13.34 0 -0.552147 -1.27343 -1.13489 -0.0188067 0.802738 1.91957 2.94298 4.09975 4.79338
13.36 0 -0.293253 -0.871743 -1.24871 -0.378577 0.325615 1.67592 2.61558 3.73363 4.62147
13.38 0 -0.214551 -0.580191 -1.21801 -0.993509 -0.109704 1.26551 2.23455 3.26357 4.34311
13.4 0 -0.151236 -0.378829 -1.00936 -1.60071 -0.491323 0.830969 1.87138 2.82774 4.05013
13.42 0 -0.0301616 -0.196773 -0.785609 -1.8898 -0.90306 0.472888 1.54248 2.49994 3.78611
13.44 0 0.188602 0.0551835 -0.640439 -1.70774 -1.29298 0.233316 1.29483 2.32828 3.60448
13.46 0 0.430768 0.285262 -0.548929 -1.26291 -1.55892 -0.0115757 1.09828 2.23913 3.4582
13.48 0 0.703448 0.478606 -0.287655 -0.766726 -1.48334 -0.280021 1.01286 2.25389 3.39609
13.5 0 1.02591 0.776972 0.29587 -0.242583 -0.927003 -0.450556 1.12033 2.46026 3.52052
13.52 0 1.31429 1.30187 1.0832 0.39785 -0.0385137 -0.375603 1.3629 2.86246 3.83594
13.54 0 1.57409 2.08675 1.94708 1.31603 0.955367 0.125181 1.68876 3.45463 4.34902
13.56 0 1.92499 2.9947 2.91009 2.54012 1.9592 1.09751 2.14406 4.19189 5.07321
13.58 0 2.24113 3.61502 3.83288 3.69251 2.81176 2.18275 2.61101 4.75408 5.77295
13.6 0 2.30198 3.71956 4.47535 4.39371 3.42377 2.97508 2.9541 4.85085 6.20072
13.62 0 2.07164 3.50021 4.69556 4.6371 3.86862 3.38754 3.20095 4.51003 6.33981
13.64 0 1.5436 3.09728 4.3681 4.50459 4.08463 3.45806 3.26693 3.83027 6.15561
13.66 0 0.791289 2.45469 3.5489 4.04255 3.95918 3.28743 3.00487 2.95435 5.60214
13.68 0 -0.0686367 1.40705 2.41937 3.22368 3.42293 2.91645 2.31896 1.99719 4.6441
13.7 0 -0.659183 0.180085 1.3803 2.31578 2.76828 2.57176 1.53205 1.27564 3.57013
13.72 0 -0.767779 -0.764176 0.643897 1.65536 2.32275 2.40569 1.06902 1.01494 2.69723
13.74 0 -0.609764 -1.13067 0.064317 1.30662 2.11468 2.29864 1.05967 1.1134 2.05936
13.76 0 -0.453845 -0.981848 -0.454304 1.1109 2.0096 2.10842 1.39664 1.36267 1.54699
13.78 0 -0.396383 -0.684865 -0.787355 0.827743 1.84089 1.81658 1.85669 1.60342 1.04254
13.8 0 -0.116742 -0.282081 -0.520699 0.634297 1.76638 1.81418 2.50389 2.044 0.798455
13.82 0 -0.0147824 -0.18262 -0.155402 0.242171 1.34287 1.82397 2.80341 2.26844 0.459044
13.84 0 -0.370076 -0.46093 -0.216598 -0.420894 0.378375 1.57286 2.48873 1.99449 -0.17546
13.86 0 -0.745204 -0.664528 -0.516715 -0.925789 -0.578396 1.26353 2.00913 1.54451 -0.703735
13.88 0 -1.01502 -0.893448 -1.0234 -1.38892 -1.2982 0.719758 1.44566 0.900797 -1.12847
13.9 0 -1.10083 -1.27383 -1.60765 -1.92791 -1.70456 -0.080293 0.800691 0.110849 -1.48059
13.92 0 -1.06855 -1.78015 -2.21984 -2.50784 -1.95152 -0.996928 -0.000462961 -0.737295 -1.8041
13.94 0 -0.897281 -2.07295 -2.68681 -2.82421 -2.07478 -1.67444 -0.833769 -1.37966 -1.94517
13.96 0 -0.553188 -1.87046 -2.76317 -2.65639 -2.01771 -1.84573 -1.49628 -1.60984 -1.73362
13.98 0 -0.108232 -1.22555 -2.29795 -2.10708 -1.74077 -1.58585 -1.87254 -1.47357 -1.17594
14 0 0.443277 -0.242807 -1.20256 -1.27621 -1.12223 -1.05615 -1.78014 -1.03831 -0.280407
14.02 0 1.12633 1.03529 0.447845 -0.127481 -0.134797 -0.351991 -1.09186 -0.327914 0.930672
14.04 0 1.69659 2.33684 2.16638 1.20748 0.882505 0.302783 -0.11121 0.442489 2.14365
14.06 0 1.9791 3.33433 3.50156 2.52638 1.6086 0.776518 0.745889 1.10638 3.04214
14.08 0 2.13152 3.92032 4.42344 3.71698 2.11461 1.17978 1.34674 1.74001 3.60674
14.1 0 2.23667 4.07054 4.97993 4.56195 2.55549 1.52943 1.65855 2.32886 3.85424
14.12 0 2.25062 3.92093 5.16861 4.9216 3.02312 1.78959 1.74981 2.77854 3.82831
14.14 0 2.08936 3.64129 4.93864 4.82914 3.44739 1.94535 1.72421 2.97132 3.57797
14.16 0 1.73151 3.26946 4.299 4.41033 3.65311 2.02019 1.65433 2.82306 3.14031
14.18 0 1.42536 2.89065 3.56152 3.94647 3.68642 2.23231 1.74706 2.5105 2.72434
14.2 0 1.4107 2.58102 3.06983 3.64048 3.6955 2.75945 2.15846 2.27649 2.51496
14.22 0 1.64135 2.3519 2.88517 3.46935 3.7354 3.52875 2.82841 2.21393 2.48603
14.24 0 1.99468 2.34072 2.94675 3.44231 3.90992 4.43217 3.68515 2.4338 2.61023
14.26 0 2.15071 2.47496 2.95353 3.39949 4.11433 5.1392 4.45444 2.81617 2.66542
14.28 0 1.90321 2.52359 2.7013 3.17267 4.18876 5.37488 4.8823 3.17925 2.45186
14.3 0 1.37261 2.30678 2.29526 2.79012 4.09163 5.16413 4.9504 3.47038 2.00912
14.32 0 0.855536 1.85044 1.97698 2.4695 3.89612 4.76771 4.8457 3.74777 1.57318
14.34 0 0.563268 1.33783 1.87023 2.42983 3.69853 4.44576 4.77988 4.05313 1.37889
14.36 0 0.362488 0.815869 1.79163 2.57258 3.42902 4.16071 4.71066 4.20676 1.37927
14.38 0 0.0863181 0.35483 1.59581 2.71372 3.10116 3.83954 4.56515 4.10348 1.48687
14.4 0 -0.295358 0.00770191 1.31437 2.70537 2.83114 3.48407 4.31158 3.79257 1.66554
14.42 0 -0.712403 -0.286328 1.0232 2.45037 2.66965 3.11577 3.89988 3.35282 1.87136
14.44 0 -1.10979 -0.648251 0.68032 1.93562 2.50046 2.72291 3.24866 2.7999 2.01537
14.46 0 -1.46883 -1.13298 0.160727 1.24263 2.14867 2.27277 2.32799 2.11717 2.0194
14.48 0 -1.76374 -1.70395 -0.60729 0.476278 1.5411 1.71628 1.21969 1.31046 1.86342
14.5 0 -1.74376 -2.0825 -1.35731 -0.106051 0.954247 1.19583 0.309799 0.636386 1.77336
14.52 0 -1.22332 -2.00559 -1.74051 -0.323957 0.695753 0.876744 -0.0473648 0.36405 1.97035
14.54 0 -0.559526 -1.62623 -1.80006 -0.438703 0.607963 0.580618 -0.0309049 0.35697 2.2443
14.56 0 -0.0982668 -1.10651 -1.62568 -0.64388 0.468351 0.225452 0.092825 0.489587 2.3978
14.58 0 0.263559 -0.347533 -1.06711 -0.73239 0.343009 0.0849592 0.365066 0.926495 2.58071
14.6 0 0.486654 0.425037 -0.300117 -0.69118 0.0761339 0.118301 0.633029 1.51335 2.71469
14.62 0 0.446804 0.833147 0.309804 -0.670458 -0.541977 0.0328399 0.681835 1.89708 2.5915
14.64 0 0.273388 0.828286 0.609111 -0.654988 -1.32766 -0.293235 0.586957 1.97174 2.25734
14.66 0 0.0265324 0.462663 0.475357 -0.758113 -2.01953 -0.965551 0.369606 1.67844 1.74404
14.68 0 -0.304436 -0.165998 -0.127337 -1.1091 -2.51463 -1.93012 -0.0507524 1.03482 1.06074
14.7 0 -0.399606 -0.625063 -0.779216 -1.41844 -2.54579 -2.65403 -0.444137 0.4762 0.55675
14.72 0 0.0136422 -0.520034 -0.998703 -1.31967 -1.96998 -2.581 -0.557116 0.43466 0.577327
14.74 0 0.431374 -0.214374 -1.00807 -1.14122 -1.32677 -2.02827 -0.717251 0.543697 0.757064
14.76 0 0.415369 -0.124411 -1.05987 -1.20669 -1.05093 -1.47127 -1.12476 0.369338 0.743296
14.78 0 0.0166565 -0.325067 -1.12882 -1.45976 -1.13005 -1.08876 -1.59704 -0.160889 0.542163
14.8 0 -0.382913 -0.577023 -1.04002 -1.56536 -1.21725 -0.82344 -1.73609 -0.796457 0.404704
14.82 0 -0.435302 -0.562264 -0.678618 -1.20017 -0.969382 -0.52246 -1.29246 -1.18353 0.559626
14.84 0 -0.137236 -0.202529 -0.138014 -0.369689 -0.358434 -0.130448 -0.446888 -1.13889 0.949791
14.86 0 0.249438 0.304812 0.40476 0.606147 0.388057 0.296348 0.341456 -0.708113 1.30922
14.88 0 0.47816 0.693215 0.863787 1.35218 1.04199 0.67936 0.722744 -0.0597524 1.41443
14.9 0 0.556435 0.920328 1.31673 1.78184 1.58167 1.05407 0.763925 0.702064 1.30652
14.92 0 0.502087 1.01653 1.68353 1.95661 1.95504 1.3566 0.678826 1.37704 1.04967
14.94 0 0.350792 1.03339 1.81581 2.00656 2.10239 1.49543 0.70823 1.72991 0.727765
14.96 0 0.168112 0.950849 1.66279 1.98893 1.99893 1.43823 0.959472 1.61813 0.403025
14.98 0 0.0161468 0.690428 1.30984 1.83739 1.67219 1.24652 1.31513 1.09964 0.0721319
15 0 0.0254821 0.367617 0.992523 1.58017 1.31922 1.16326 1.65037 0.509904 -0.17819
15.02 0 0.226505 0.220745 0.844364 1.30993 1.14366 1.38931 1.85083 0.204982 -0.272885
15.04 0 0.479585 0.381334 0.794739 1.06894 1.20627 1.86475 1.84038 0.291877 -0.246367
15.06 0 0.580176 0.693511 0.673853 0.788924 1.38554 2.26216 1.60449 0.560779 -0.242037
15.08 0 0.458284 0.827224 0.407515 0.417339 1.4859 2.25891 1.22742 0.703586 -0.373055
15.1 0 0.241215 0.578385 0.0847051 0.0690114 1.37634 1.81609 0.879252 0.582114 -0.600786
15.12 0 -0.0410001 -0.0728431 -0.29839 -0.185763 0.919733 1.03759 0.567431 0.157486 -0.914266
15.14 0 -0.293708 -0.766582 -0.629466 -0.219352 0.270672 0.254857 0.342503 -0.326477 -1.15185
15.16 0 -0.456874 -1.09538 -0.755414 -0.0409275 -0.275911 -0.248568 0.218179 -0.586147 -1.16482
15.18 0 -0.564729 -0.980002 -0.616668 0.10809 -0.534339 -0.449552 0.0939805 -0.553262 -0.977443
15.2 0 -0.69121 -0.689322 -0.346066 -0.0251066 -0.565062 -0.54625 -0.185899 -0.4038 -0.762894
15.22 0 -0.848359 -0.512164 -0.201676 -0.474271 -0.593673 -0.740341 -0.688097 -0.37827 -0.676475
15.24 0 -0.739842 -0.346225 -0.176089 -0.810217 -0.614217 -0.881897 -1.10588 -0.400007 -0.531033
15.26 0 -0.200139 -0.0447112 -0.172746 -0.687217 -0.57394 -0.826444 -1.15706 -0.36085 -0.152979
15.28 0 0.622561 0.395389 -0.0723765 -0.185 -0.432935 -0.606532 -0.816805 -0.244858 0.438491
15.3 0 1.33691 0.844438 0.18909 0.301302 -0.21578 -0.382754 -0.323284 -0.107191 1.04029
15.32 0 1.5941 1.19178 0.577689 0.4678 -0.00772267 -0.256996 0.0274584 0.0278238 1.44389
15.34 0 1.50207 1.57171 1.13195 0.51855 0.254694 -0.0300675 0.253781 0.361218 1.74062
15.36 0 1.34294 2.03916 1.78303 0.78401 0.595617 0.435339 0.493117 0.985914 2.06085
15.38 0 1.33271 2.47662 2.39898 1.39057 1.01179 1.05218 0.878155 1.78292 2.44688
15.4 0 1.40853 2.63863 2.77976 2.09674 1.42239 1.50808 1.36792 2.43246 2.76015
15.42 0 1.37707 2.38653 2.79248 2.56173 1.74205 1.58276 1.81208 2.68434 2.84406
15.44 0 1.16218 1.83877 2.48177 2.66487 1.95532 1.39935 2.09893 2.57466 2.7009
15.46 0 0.686315 1.11849 1.86648 2.36795 1.94226 1.15668 2.05127 2.19456 2.31408
15.48 0 -0.0711384 0.267784 0.982895 1.68204 1.58903 0.96624 1.56548 1.61163 1.66952
15.5 0 -0.78749 -0.522369 0.130923 0.872384 1.12087 1.00066 0.940868 1.06366 1.01577
15.52 0 -1.11313 -1.05393 -0.42807 0.225215 0.845028 1.29186 0.591395 0.730346 0.614227
15.54 0 -1.04762 -1.27836 -0.750654 -0.170151 0.823089 1.6109 0.673068 0.5631 0.475637
15.56 0 -0.848096 -1.29877 -1.06247 -0.397894 0.869332 1.69404 1.02217 0.417201 0.412126
15.58 0 -0.763206 -1.30661 -1.47032 -0.615587 0.7432 1.45509 1.31329 0.224055 0.220124
15.6 0 -0.807952 -1.40615 -1.81119 -0.887351 0.398511 1.05774 1.34521 0.0953968 -0.120829
15.62 0 -0.974186 -1.66205 -1.99868 -1.2772 -0.154084 0.603892 1.00989 0.053976 -0.601932
15.64 0 -1.26648 -2.01598 -2.11507 -1.78071 -0.861716 0.0760175 0.362814 -0.00136222 -1.17835
15.66 0 -1.54427 -2.23193 -2.20138 -2.21533 -1.53422 -0.486119 -0.303482 -0.114404 -1.65771
15.68 0 -1.62497 -2.15387 -2.23648 -2.41867 -1.9975 -1.02011 -0.71817 -0.299562 -1.86352
15.7 0 -1.44239 -1.86943 -2.19601 -2.4115 -2.23283 -1.50812 -0.865864 -0.584475 -1.7929
15.72 0 -0.983232 -1.4818 -1.99068 -2.2348 -2.25396 -1.85323 -0.859474 -0.87635 -1.48562
15.74 0 -0.462157 -1.1343 -1.7038 -2.0388 -2.23246 -2.07315 -0.980704 -1.16851 -1.13058
15.76 0 -0.137708 -0.89043 -1.48631 -1.95519 -2.3264 -2.23958 -1.43905 -1.48702 -0.911352
15.78 0 -0.0827259 -0.704987 -1.37066 -1.99175 -2.49876 -2.40842 -2.17702 -1.80485 -0.862781
15.8 0 -0.261288 -0.624496 -1.36448 -2.15386 -2.68507 -2.71117 -3.03644 -2.17571 -0.996171
15.82 0 -0.415201 -0.596383 -1.32464 -2.26086 -2.73309 -3.10313 -3.69369 -2.53351 -1.16005
15.84 0 -0.323032 -0.515215 -1.13931 -2.09587 -2.58717 -3.41935 -3.91976 -2.76966 -1.20541
15.86 0 -0.0869117 -0.40755 -0.924906 -1.70399 -2.43594 -3.61152 -3.84635 -2.92843 -1.21672
15.88 0 0.230166 -0.177853 -0.641799 -1.14556 -2.28391 -3.5329 -3.57507 -2.92207 -1.18421
15.9 0 0.64124 0.309168 -0.115327 -0.487337 -1.9447 -3.04969 -3.1002 -2.60638 -1.01293
15.92 0 0.836086 0.786173 0.444974 -0.106546 -1.56498 -2.47851 -2.69774 -2.24612 -0.953092
15.94 0 0.593865 0.947769 0.729551 -0.217712 -1.37736 -2.16172 -2.58374 -2.1456 -1.24592
15.96 0 0.0650442 0.72503 0.610127 -0.641462 -1.45105 -2.1496 -2.69979 -2.35326 -1.86838
15.98 0 -0.570291 0.0527036 -0.0202938 -1.22159 -1.86916 -2.45994 -3.01623 -2.89913 -2.80332
16 0 -0.93196 -0.791672 -0.874146 -1.65503 -2.35742 -2.81196 -3.25866 -3.49758 -3.75415
16.02 0 -0.823123 -1.42134 -1.57137 -1.77438 -2.56513 -2.9199 -3.19611 -3.8399 -4.42378
16.04 0 -0.489561 -1.66054 -1.98295 -1.74094 -2.41893 -2.76714 -2.91273 -3.89038 -4.80113
16.06 0 -0.142401 -1.41103 -1.99238 -1.64856 -1.91304 -2.31493 -2.47894 -3.62599 -4.87277
16.08 0 -0.0629282 -1.00969 -1.82048 -1.70805 -1.40747 -1.7881 -2.17525 -3.32464 -4.88369
16.1 0 -0.245188 -0.692842 -1.58477 -1.86104 -1.13852 -1.29574 -2.04892 -3.13843 -4.91435
16.12 0 -0.362437 -0.421479 -1.19642 -1.77613 -1.00457 -0.768386 -1.83675 -2.96077 -4.78812
16.14 0 -0.308518 -0.246145 -0.739382 -1.38686 -0.930166 -0.341863 -1.46126 -2.80774 -4.50914
16.16 0 -0.157384 -0.179277 -0.342994 -0.826284 -0.824921 -0.166398 -1.00153 -2.6987 -4.16986
16.18 0 -0.0502935 -0.182892 -0.102682 -0.286379 -0.633979 -0.268924 -0.636135 -2.60717 -3.87452
16.2 0 -0.0522362 -0.182707 -0.000604666 0.121313 -0.347148 -0.500018 -0.512916 -2.44503 -3.65529
16.22 0 -0.11632 -0.123734 0.075997 0.37456 -0.00369148 -0.641049 -0.65688 -2.1412 -3.47027
16.24 0 -0.144732 -0.00289522 0.225657 0.526235 0.3222 -0.559666 -0.952549 -1.72079 -3.24876
16.26 0 -0.213798 0.0151072 0.31181 0.508947 0.431402 -0.43228 -1.35012 -1.44945 -3.07998
16.28 0 -0.415368 -0.198148 0.153746 0.258927 0.206423 -0.519885 -1.77769 -1.58614 -3.05888
16.3 0 -0.582842 -0.476315 -0.14854 -0.0507754 -0.160373 -0.778713 -1.99299 -2.02785 -3.03585
16.32 0 -0.560179 -0.64047 -0.427866 -0.271996 -0.46979 -1.03997 -1.90584 -2.53005 -2.87752
16.34 0 -0.379396 -0.663545 -0.618983 -0.42558 -0.692887 -1.20485 -1.68029 -2.91397 -2.61963
16.36 0 -0.117912 -0.530537 -0.666674 -0.545707 -0.826662 -1.18257 -1.50847 -2.99646 -2.32951
16.38 0 0.154639 -0.236466 -0.542031 -0.63731 -0.850721 -0.956805 -1.4681 -2.6878 -2.04488
16.4 0 0.248794 0.0367233 -0.416425 -0.819268 -0.887052 -0.773941 -1.62472 -2.21512 -1.9053
16.42 0 0.0536386 0.0609748 -0.488854 -1.16225 -1.07652 -0.921494 -1.95287 -1.89744 -2.01583
16.44 0 -0.211472 -0.13957 -0.688579 -1.45603 -1.33886 -1.35859 -2.1874 -1.77899 -2.20883
16.46 0 -0.366403 -0.470583 -0.93152 -1.55524 -1.62141 -1.92548 -2.1932 -1.82047 -2.33838
16.48 0 -0.438483 -0.860555 -1.20841 -1.53332 -1.96023 -2.4796 -2.08315 -1.98929 -2.40346
16.5 0 -0.485109 -1.19928 -1.44917 -1.50061 -2.31515 -2.84213 -2.00879 -2.16612 -2.40226
16.52 0 -0.554221 -1.39092 -1.58427 -1.54684 -2.58054 -2.94353 -2.07136 -2.24043 -2.33949
16.54 0 -0.672602 -1.40634 -1.60032 -1.74955 -2.66793 -2.83854 -2.27931 -2.19725 -2.23038
16.56 0 -0.800802 -1.27575 -1.54246 -2.05278 -2.57222 -2.62516 -2.52995 -2.09215 -2.06937
16.58 0 -0.854452 -1.05901 -1.48493 -2.30747 -2.36728 -2.39111 -2.66879 -2.00366 -1.84451
16.6 0 -0.873616 -0.954635 -1.59881 -2.49055 -2.27931 -2.30928 -2.71142 -2.0969 -1.68015
16.62 0 -0.67458 -0.908823 -1.71838 -2.41275 -2.23109 -2.24757 -2.52151 -2.20223 -1.46371
16.64 0 -0.0507411 -0.67067 -1.50043 -1.897 -1.93639 -1.91216 -1.9344 -1.96328 -0.974021
16.66 0 0.812897 -0.125044 -0.895397 -1.06253 -1.32617 -1.25777 -1.07181 -1.27613 -0.24453
16.68 0 1.43292 0.623916 -0.142895 -0.255435 -0.586756 -0.509978 -0.258199 -0.348016 0.463105
16.7 0 1.49023 1.31768 0.531025 0.240917 0.0498724 0.0784479 0.272745 0.523589 0.91937
16.72 0 1.14687 1.76765 1.14734 0.491803 0.532234 0.495479 0.609706 1.22595 1.16946
16.74 0 0.659482 1.79179 1.62951 0.648035 0.766912 0.733554 0.850644 1.63732 1.2623
16.76 0 0.232633 1.36222 1.79539 0.836391 0.710459 0.788397 1.03886 1.68968 1.22948
16.78 0 -0.0219475 0.698824 1.57729 1.13276 0.508637 0.736605 1.21359 1.48531 1.1532
16.8 0 -0.136268 0.0866917 1.06526 1.41314 0.40589 0.660327 1.34683 1.19779 1.08971
16.82 0 -0.247678 -0.347755 0.43314 1.37797 0.551771 0.586799 1.3155 0.93719 1.00519
16.84 0 -0.382245 -0.574854 -0.10416 0.96232 0.936524 0.616605 1.09034 0.804609 0.913342
16.86 0 -0.433754 -0.588808 -0.385346 0.423604 1.38712 0.907297 0.806806 0.86609 0.903385
16.88 0 -0.313129 -0.412346 -0.406128 0.115429 1.67735 1.48636 0.683589 1.07582 1.04817
16.9 0 -0.16296 -0.24564 -0.372227 0.0802312 1.59204 2.01722 0.781878 1.17722 1.21663
16.92 0 -0.145736 -0.276826 -0.407006 0.116519 1.16461 2.12314 1.05811 1.00005 1.25409
16.94 0 -0.278493 -0.500526 -0.460999 0.0521153 0.635975 1.72427 1.4066 0.655827 1.12668
16.96 0 -0.577854 -0.843253 -0.571883 -0.214985 0.111327 0.952978 1.55147 0.327256 0.787985
16.98 0 -1.02143 -1.2244 -0.850194 -0.665918 -0.459093 0.0516093 1.21644 0.142705 0.217094
17 0 -1.39926 -1.52393 -1.24428 -1.12917 -1.03571 -0.693786 0.446612 0.180462 -0.429546
17.02 0 -1.49876 -1.69543 -1.60485 -1.49105 -1.50453 -1.18348 -0.456328 0.338348 -0.945811
17.04 0 -1.32591 -1.78637 -1.86618 -1.79701 -1.81759 -1.55886 -1.19053 0.331827 -1.23887
17.06 0 -0.899213 -1.65967 -1.90381 -1.94919 -1.86876 -1.8186 -1.44756 0.0977019 -1.16691
17.08 0 -0.5821 -1.48728 -1.96012 -2.119 -1.96976 -2.14448 -1.48575 -0.53659 -0.998327
17.1 0 -0.562122 -1.41038 -2.14155 -2.38522 -2.34128 -2.52076 -1.64273 -1.48639 -0.941736
17.12 0 -0.599505 -1.32086 -2.18111 -2.56656 -2.77257 -2.65909 -1.93639 -2.29761 -0.890626
17.14 0 -0.6385 -1.28522 -2.06389 -2.71585 -3.13569 -2.63352 -2.44757 -2.792 -0.929323
17.16 0 -0.698301 -1.31877 -1.9267 -2.87848 -3.32021 -2.68049 -3.11381 -2.99456 -1.12895
17.18 0 -0.819523 -1.39296 -1.95284 -3.0231 -3.32376 -3.00939 -3.77009 -3.06778 -1.50488
17.2 0 -0.979013 -1.49479 -2.19578 -3.07184 -3.25179 -3.62964 -4.25209 -3.1688 -2.00421
17.22 0 -1.12701 -1.69961 -2.5621 -3.02961 -3.28561 -4.37996 -4.53732 -3.39838 -2.58121
17.24 0 -1.19713 -2.04178 -2.85746 -2.95749 -3.52882 -4.98046 -4.69079 -3.73448 -3.1713
17.26 0 -1.20327 -2.43533 -2.9674 -2.95549 -3.94138 -5.24984 -4.79626 -4.10258 -3.72765
17.28 0 -1.2552 -2.71971 -2.95199 -3.12193 -4.3858 -5.22153 -4.91031 -4.46776 -4.24975
17.3 0 -1.42272 -2.75635 -2.93563 -3.46341 -4.69984 -5.03891 -5.01518 -4.81952 -4.73622
17.32 0 -1.66272 -2.55291 -3.00083 -3.90214 -4.80662 -4.84144 -5.06827 -5.15502 -5.18605
17.34 0 -1.7569 -2.17744 -3.06236 -4.24201 -4.66024 -4.61438 -4.97077 -5.37575 -5.51939
17.36 0 -1.48613 -1.73924 -2.9811 -4.28713 -4.28631 -4.2651 -4.66782 -5.36639 -5.6567
17.38 0 -0.818823 -1.32942 -2.70887 -3.95951 -3.78435 -3.75768 -4.20098 -5.09649 -5.59636
17.4 0 0.131885 -0.871807 -2.24016 -3.25459 -3.17858 -3.08408 -3.58891 -4.56097 -5.32827
17.42 0 1.12504 -0.18457 -1.57652 -2.24882 -2.40892 -2.276 -2.81642 -3.78514 -4.83356
17.44 0 1.75201 0.685416 -0.831766 -1.2386 -1.5586 -1.53496 -2.02805 -2.97825 -4.26044
17.46 0 1.82445 1.46804 -0.0503947 -0.497774 -0.768025 -1.00925 -1.39072 -2.3397 -3.76286
17.48 0 1.51773 1.94836 0.828321 -0.000334313 -0.116416 -0.615493 -0.929313 -1.87774 -3.33588
17.5 0 1.0363 2.01965 1.68923 0.41009 0.269275 -0.272564 -0.665552 -1.5878 -2.98457
17.52 0 0.552667 1.73823 2.2648 0.890492 0.351498 0.0109405 -0.581528 -1.46745 -2.71921
17.54 0 0.153872 1.24686 2.32982 1.45192 0.248941 0.129029 -0.625225 -1.5169 -2.55241
17.56 0 -0.0697405 0.755347 1.9742 1.9833 0.263402 0.0514904 -0.670179 -1.6337 -2.41001
17.58 0 -0.0817023 0.401214 1.49882 2.2591 0.638794 -0.149237 -0.65482 -1.69048 -2.22167
17.6 0 0.0266283 0.199758 1.08983 2.15883 1.28496 -0.326718 -0.669718 -1.63653 -2.00644
17.62 0 0.158343 0.171822 0.802399 1.8303 1.88748 -0.257386 -0.792721 -1.44893 -1.77271
17.64 0 0.260794 0.301826 0.633485 1.51492 2.13728 0.174098 -0.989353 -1.17288 -1.51011
17.66 0 0.338514 0.49827 0.597852 1.31084 1.99393 0.827861 -1.09068 -0.925405 -1.20261
17.68 0 0.426376 0.661366 0.727233 1.1695 1.65618 1.42277 -0.891203 -0.810874 -0.84092
17.7 0 0.534785 0.785704 0.979 1.05536 1.36558 1.72537 -0.303237 -0.821824 -0.436435
17.72 0 0.635694 0.944887 1.21953 1.00724 1.21711 1.72745 0.529837 -0.808875 -0.0402869
17.74 0 0.661369 1.11798 1.28829 1.02628 1.12007 1.5352 1.27478 -0.622397 0.226541
17.76 0 0.598891 1.17136 1.1633 1.03781 0.979528 1.27558 1.62685 -0.186489 0.277833
17.78 0 0.505796 0.999945 0.959607 0.957864 0.795368 1.04509 1.52896 0.462557 0.140131
17.8 0 0.465572 0.693571 0.813361 0.813129 0.682186 0.893606 1.21074 1.22937 -0.0205387
17.82 0 0.485534 0.471981 0.739188 0.715357 0.725186 0.820568 1.00562 1.9301 -0.0105394
17.84 0 0.483267 0.459495 0.654756 0.726723 0.868868 0.785031 1.11524 2.33761 0.24911
17.86 0 0.380562 0.541432 0.515857 0.776046 0.952062 0.762131 1.45924 2.36204 0.656658
17.88 0 0.182894 0.481195 0.3766 0.723778 0.849789 0.780886 1.79448 2.05197 1.0759
17.9 0 -0.0332782 0.192596 0.304365 0.519679 0.592971 0.90664 1.92645 1.59032 1.4477
17.92 0 -0.272776 -0.237336 0.192024 0.185394 0.272493 1.08554 1.7397 1.14075 1.713
17.94 0 -0.474659 -0.538972 -0.0325582 -0.109367 0.10453 1.26268 1.352 0.913164 1.92308
17.96 0 -0.536867 -0.5561 -0.317373 -0.224331 0.258567 1.36752 0.999144 1.00901 2.16066
17.98 0 -0.40924 -0.403913 -0.541202 -0.162345 0.684225 1.32302 0.841543 1.34435 2.43385
18 0 -0.213542 -0.365024 -0.670224 -0.0598077 1.06877 1.0639 0.827641 1.6803 2.62448
18.02 0 -0.160387 -0.588662 -0.761821 -0.0264876 1.06464 0.628372 0.806318 1.81242 2.61377
18.04 0 -0.355228 -0.947939 -0.85103 -0.0626984 0.578139 0.177066 0.708469 1.72124 2.4169
18.06 0 -0.70822 -1.19875 -0.869703 -0.140778 -0.15304 -0.136705 0.597938 1.54097 2.16753
18.08 0 -1.01465 -1.20372 -0.725541 -0.282246 -0.760603 -0.276326 0.57106 1.41234 1.99478
18.1 0 -1.13749 -1.01834 -0.490043 -0.543797 -1.04561 -0.347107 0.61327 1.35224 1.89867
18.12 0 -1.00631 -0.726037 -0.340609 -0.847143 -1.02902 -0.409615 0.66328 1.34186 1.84077
18.14 0 -0.630818 -0.40623 -0.413395 -1.03532 -0.884024 -0.44198 0.651685 1.3568 1.78437
18.16 0 -0.0695516 -0.132033 -0.640552 -1.01312 -0.744054 -0.386555 0.576394 1.38947 1.73524
18.18 0 0.531298 0.0412387 -0.810979 -0.856189 -0.633162 -0.253532 0.480382 1.41022 1.70357
18.2 0 0.958074 0.153152 -0.742534 -0.697427 -0.501859 -0.100082 0.427078 1.38518 1.69864
18.22 0 1.04252 0.313537 -0.421561 -0.573627 -0.324406 0.0319217 0.45638 1.30212 1.72195
18.24 0 0.788182 0.570554 0.0346167 -0.401558 -0.133958 0.148058 0.55924 1.18419 1.76419
18.26 0 0.384893 0.82743 0.512989 -0.0833909 0.0300654 0.279476 0.690858 1.07944 1.80888
18.28 0 0.0952374 0.928893 0.962727 0.402731 0.192305 0.44501 0.810669 1.04147 1.84482
18.3 0 0.0740758 0.838175 1.33624 0.995983 0.438707 0.63178 0.906174 1.10014 1.86899
18.32 0 0.269797 0.707372 1.56309 1.58992 0.855323 0.819707 0.989221 1.24923 1.88447
18.34 0 0.518462 0.745674 1.62216 2.07819 1.46221 1.02214 1.08466 1.46004 1.90283
18.36 0 0.710551 1.01028 1.61112 2.39675 2.16854 1.30224 1.22204 1.69305 1.93951
18.38 0 0.858378 1.37167 1.69911 2.5585 2.80156 1.7408 1.43386 1.90954 2.00926
18.4 0 1.03505 1.68977 1.99639 2.66892 3.22244 2.37882 1.77237 2.09378 2.13492
18.42 0 1.26229 1.95953 2.4582 2.85813 3.4201 3.15118 2.29199 2.26013 2.32827
18.44 0 1.41321 2.20398 2.86925 3.10813 3.44431 3.82288 2.93046 2.37627 2.49617
18.46 0 1.39348 2.39804 3.08121 3.30492 3.41567 4.1797 3.55525 2.44782 2.54099
18.48 0 1.25956 2.48401 3.12637 3.37498 3.46663 4.20455 4.03252 2.57341 2.44698
18.5 0 1.08814 2.37678 3.05307 3.30758 3.57504 4.00972 4.21607 2.81071 2.21458
18.52 0 0.911485 2.06154 2.85369 3.16866 3.60782 3.7414 4.04717 3.1161 1.87733
18.54 0 0.796426 1.68678 2.58467 3.10915 3.54443 3.55644 3.70046 3.42793 1.5926
18.56 0 0.777858 1.41307 2.34569 3.18798 3.47407 3.50102 3.4422 3.64579 1.52081
18.58 0 0.798607 1.27984 2.19946 3.29839 3.46995 3.49443 3.4139 3.64966 1.69526
18.6 0 0.68386 1.14919 2.06278 3.21323 3.43325 3.37915 3.47167 3.32414 1.94761
18.62 0 0.306299 0.862 1.79674 2.80004 3.18364 3.08777 3.33727 2.67484 2.06989
18.64 0 -0.263616 0.388157 1.35459 2.14003 2.65524 2.70201 2.85355 1.87931 1.99207
18.66 0 -0.741092 -0.134234 0.857685 1.4807 2.01892 2.37935 2.13715 1.24117 1.83176
18.68 0 -0.886102 -0.526032 0.438841 1.01697 1.52766 2.16118 1.44697 0.957066 1.73718
18.7 0 -0.736649 -0.721094 0.0724408 0.730418 1.27084 1.88444 0.949744 0.952071 1.7137
18.72 0 -0.38681 -0.659088 -0.221609 0.597208 1.25671 1.49144 0.77703 1.12738 1.78211
18.74 0 0.0633129 -0.342564 -0.356376 0.60236 1.38502 1.08815 0.934305 1.42665 1.96182
18.76 0 0.526525 0.162618 -0.192957 0.731723 1.51114 0.882294 1.31662 1.84632 2.26387
18.78 0 0.828132 0.648424 0.230935 0.843129 1.41783 0.922878 1.67299 2.26896 2.56603
18.8 0 0.848346 0.951102 0.754524 0.814751 1.01709 1.09782 1.8335 2.55502 2.74892
18.82 0 0.655968 1.08605 1.22318 0.688755 0.46881 1.25407 1.85466 2.66697 2.82563
18.84 0 0.360279 1.08752 1.41581 0.505956 0.000541271 1.18765 1.81364 2.57477 2.8036
18.86 0 0.0767058 0.953156 1.20459 0.27812 -0.246636 0.815169 1.71404 2.29678 2.67707
18.88 0 -0.115173 0.612676 0.640687 0.00981905 -0.321522 0.22631 1.46395 1.89922 2.42783
18.9 0 -0.213398 1.82244e-05 -0.130399 -0.309479 -0.3979 -0.397477 0.949211 1.44823 2.03756
18.92 0 -0.180214 -0.679716 -0.849774 -0.571908 -0.49546 -0.778425 0.283125 1.09776 1.64833
18.94 0 -0.086121 -1.09506 -1.29246 -0.703442 -0.528185 -0.783871 -0.293305 0.927368 1.4213
18.96 0 -0.105733 -1.0998 -1.39897 -0.77086 -0.463771 -0.543246 -0.607563 0.837569 1.38014
18.98 0 -0.305633 -0.824961 -1.21842 -0.856941 -0.352195 -0.282658 -0.604573 0.680383 1.44984
19 0 -0.577881 -0.539413 -0.86403 -0.944135 -0.298647 -0.136578 -0.361291 0.403017 1.52873
19.02 0 -0.70598 -0.389158 -0.454926 -0.891447 -0.35156 -0.0420282 -0.00335147 0.124039 1.57918
19.04 0 -0.503259 -0.263856 -0.0544113 -0.520291 -0.390653 0.157611 0.402018 0.082326 1.65999
19.06 0 -0.111567 -0.0980755 0.195209 0.0241396 -0.331783 0.382774 0.689057 0.299207 1.69152
19.08 0 0.166027 0.0454722 0.206226 0.382833 -0.170431 0.409874 0.709568 0.59799 1.52582
19.1 0 0.249919 0.15498 0.127718 0.412129 0.125694 0.233 0.536708 0.886318 1.198
19.12 0 0.14733 0.157956 0.0372821 0.162579 0.397985 -0.0571155 0.241813 1.04008 0.753278
19.14 0 -0.0845618 -0.000768271 -0.109818 -0.160758 0.382895 -0.349275 -0.101762 0.936804 0.244612
19.16 0 -0.31411 -0.26758 -0.315641 -0.340813 0.000383083 -0.531952 -0.362849 0.567244 -0.219907
19.18 0 -0.447011 -0.555112 -0.51027 -0.375961 -0.573018 -0.59926 -0.460945 0.00310518 -0.568537
19.2 0 -0.529032 -0.820644 -0.664755 -0.488773 -1.08627 -0.679882 -0.474207 -0.678465 -0.850839
19.22 0 -0.626288 -0.993338 -0.804551 -0.824678 -1.35374 -0.848225 -0.545272 -1.34269 -1.13564
19.24 0 -0.749305 -1.02775 -1.00947 -1.30909 -1.39399 -1.0663 -0.811397 -1.83797 -1.4746
19.26 0 -0.731925 -0.881835 -1.21978 -1.63942 -1.2787 -1.15403 -1.20576 -1.99839 -1.77906
19.28 0 -0.40637 -0.592693 -1.26264 -1.5753 -1.04814 -1.00362 -1.52393 -1.7884 -1.91817
19.3 0 0.183067 -0.245445 -1.00865 -1.13171 -0.726613 -0.708226 -1.56875 -1.36628 -1.84279
19.32 0 0.714374 0.0757418 -0.536422 -0.562054 -0.411248 -0.510363 -1.3249 -1.0274 -1.65978
19.34 0 0.867781 0.359213 -0.0271293 -0.0901801 -0.214063 -0.550767 -0.935054 -0.956919 -1.5074
19.36 0 0.643393 0.644894 0.454192 0.261548 -0.14548 -0.694314 -0.556945 -1.06477 -1.40668
19.38 0 0.226833 0.818876 0.859978 0.482257 -0.217285 -0.77955 -0.401215 -1.21264 -1.3947
19.4 0 -0.139796 0.745623 1.12191 0.563748 -0.381098 -0.755355 -0.577001 -1.31624 -1.49632
19.42 0 -0.325373 0.428522 1.11574 0.506419 -0.533098 -0.720644 -1.0197 -1.40067 -1.70792
19.44 0 -0.36705 0.00824492 0.728754 0.313552 -0.590597 -0.834658 -1.55374 -1.56976 -2.004
19.46 0 -0.236533 -0.245363 0.126942 0.120486 -0.426502 -1.0321 -1.87846 -1.77564 -2.21172
19.48 0 0.0987976 -0.189982 -0.362803 0.0490625 -0.0357341 -1.09843 -1.81804 -1.89481 -2.17903
19.5 0 0.535376 0.080741 -0.492846 0.0879733 0.38195 -0.875417 -1.46169 -1.86776 -1.92522
19.52 0 0.972034 0.505224 -0.118014 0.269813 0.694047 -0.258716 -0.917591 -1.60274 -1.48034
19.54 0 1.17816 0.952655 0.55035 0.502177 0.77839 0.53763 -0.37554 -1.19454 -1.02534
19.56 0 1.02869 1.29861 1.17925 0.684898 0.661817 1.16244 0.0628154 -0.794552 -0.723527
19.58 0 0.685235 1.49689 1.60044 0.84183 0.570304 1.41194 0.466785 -0.429548 -0.566137
19.6 0 0.355031 1.44792 1.71895 0.974638 0.622288 1.23497 0.824426 -0.117359 -0.538624
19.62 0 0.159413 1.10399 1.51399 1.08341 0.758674 0.777346 1.02963 0.144665 -0.624595
19.64 0 0.0687239 0.527907 1.02637 1.13706 0.81956 0.280865 0.95712 0.350754 -0.802892
19.66 0 -0.0524175 -0.148009 0.350321 1.02939 0.687671 -0.0731474 0.567282 0.443053 -1.04438
19.68 0 -0.295883 -0.753117 -0.340202 0.663929 0.403533 -0.232543 0.00680169 0.354299 -1.26495
19.7 0 -0.673032 -1.18764 -0.905763 0.0165076 0.0623866 -0.283924 -0.504956 0.0269442 -1.39471
19.72 0 -1.12521 -1.49149 -1.34812 -0.838282 -0.32861 -0.366009 -0.847287 -0.561903 -1.44311
19.74 0 -1.51787 -1.74816 -1.75783 -1.70182 -0.824804 -0.549202 -1.03071 -1.32457 -1.45198
19.76 0 -1.73232 -2.03317 -2.22913 -2.387 -1.47538 -0.845701 -1.17617 -2.09137 -1.48539
19.78 0 -1.71785 -2.35248 -2.74082 -2.8324 -2.19939 -1.23525 -1.41307 -2.63744 -1.59307
19.8 0 -1.54449 -2.64138 -3.18468 -3.13653 -2.82225 -1.71615 -1.80503 -2.83585 -1.79134
19.82 0 -1.344 -2.78352 -3.45184 -3.41267 -3.19705 -2.29362 -2.29403 -2.70262 -2.03952
19.84 0 -1.20695 -2.68595 -3.49929 -3.65129 -3.3205 -2.92251 -2.7497 -2.34797 -2.25696
19.86 0 -1.14291 -2.3773 -3.35794 -3.74848 -3.35206 -3.50463 -3.06384 -1.95368 -2.37439
19.88 0 -1.06885 -1.97083 -3.04384 -3.60163 -3.45435 -3.9069 -3.16421 -1.68725 -2.32791
19.9 0 -0.962286 -1.64512 -2.61952 -3.29183 -3.72412 -4.11092 -3.1191 -1.68926 -2.16025
19.92 0 -0.856802 -1.48546 -2.1761 -3.00722 -4.08616 -4.18551 -3.0609 -1.98128 -1.96066
19.94 0 -0.777042 -1.40389 -1.80364 -2.86948 -4.32485 -4.18946 -3.08302 -2.43323 -1.78136
19.96 0 -0.759746 -1.29217 -1.62801 -2.90303 -4.31447 -4.17634 -3.26889 -2.89691 -1.6867
19.98 0 -0.694017 -1.03444 -1.61068 -2.93736 -3.99087 -4.06304 -3.55053 -3.16914 -1.62838
20 0 -0.426743 -0.631797 -1.5915 -2.78791 -3.38898 -3.75282 -3.77718 -3.1371 -1.52423
20.02 0 0.0716261 -0.211898 -1.43853 -2.41128 -2.65 -3.26783 -3.82122 -2.86982 -1.35958
20.04 0 0.73091 0.199805 -1.05649 -1.79642 -1.87393 -2.65034 -3.53539 -2.46494 -1.10391
20.06 0 1.37858 0.699113 -0.42807 -0.95354 -1.10232 -1.92854 -2.84193 -1.97817 -0.73307
20.08 0 1.74475 1.26581 0.32546 -0.0457908 -0.43153 -1.21062 -1.89239 -1.50599 -0.358697
20.1 0 1.69833 1.76786 1.10836 0.736495 0.0851226 -0.57555 -0.921641 -1.09068 -0.107669
20.12 0 1.36951 2.10351 1.92608 1.34695 0.515769 0.0194352 -0.0664667 -0.649626 0.00812308
20.14 0 0.965887 2.19473 2.66333 1.83032 0.89821 0.596688 0.57815 -0.138237 -0.00907535
20.16 0 0.656224 2.05827 3.09654 2.2756 1.24774 1.12478 0.998054 0.411132 -0.141927
20.18 0 0.491348 1.79226 3.07663 2.68695 1.60818 1.52551 1.26733 0.887865 -0.345839
20.2 0 0.440169 1.47392 2.64808 2.95616 2.03385 1.74261 1.48276 1.16401 -0.558496
20.22 0 0.43325 1.10436 1.99712 2.94638 2.50671 1.81051 1.66835 1.17114 -0.741139
20.24 0 0.3874 0.662031 1.32661 2.60659 2.87937 1.85707 1.75816 0.93114 -0.892209
20.26 0 0.216858 0.169384 0.730179 2.02077 2.93193 2.01284 1.66455 0.523481 -1.03969
20.28 0 -0.134133 -0.316487 0.176561 1.32565 2.54799 2.27064 1.3724 0.0234148 -1.2208
20.3 0 -0.519727 -0.657554 -0.260992 0.721918 1.93094 2.55885 1.08967 -0.408766 -1.3431
20.32 0 -0.730119 -0.785014 -0.469233 0.314318 1.42945 2.7216 1.05591 -0.637749 -1.30643
20.34 0 -0.698268 -0.748576 -0.464771 0.0831437 1.21391 2.61328 1.29261 -0.636423 -1.1326
20.36 0 -0.428897 -0.536576 -0.307683 0.0798815 1.27163 2.32423 1.68316 -0.345864 -0.842983
20.38 0 0.0157479 -0.115691 -0.0437173 0.37245 1.4731 2.06684 2.0748 0.283978 -0.447441
20.4 0 0.561562 0.496371 0.379452 0.940141 1.72511 2.01327 2.39299 1.23556 0.0690125
20.42 0 0.999299 1.08205 0.933346 1.51954 1.89069 2.06731 2.53549 2.25533 0.596699
20.44 0 1.15425 1.4476 1.51943 1.8646 1.89227 2.0406 2.4919 3.02734 1.04012
20.46 0 1.05614 1.61583 2.03885 1.97923 1.78446 1.87694 2.40694 3.39968 1.44261
20.48 0 0.775347 1.64829 2.30515 1.94457 1.57797 1.57244 2.3273 3.3231 1.81204
20.5 0 0.405116 1.54529 2.20768 1.81806 1.26468 1.18779 2.17707 2.86289 2.12085
20.52 0 0.0693584 1.20756 1.7845 1.55853 0.861635 0.792225 1.82424 2.14685 2.32315
20.54 0 -0.0142908 0.742068 1.29124 1.24096 0.576615 0.567736 1.33337 1.47662 2.52675
20.56 0 0.228398 0.394988 0.918883 0.990923 0.598076 0.628256 0.857855 1.13436 2.82541
20.58 0 0.600586 0.336903 0.635581 0.849048 0.89509 0.877958 0.497175 1.14718 3.17679
20.6 0 0.948184 0.645699 0.478528 0.875766 1.3822 1.21845 0.419461 1.45641 3.57541
20.62 0 1.24702 1.20539 0.618909 1.10143 1.94034 1.60691 0.763575 1.97813 4.03951
20.64 0 1.40662 1.66006 1.05243 1.3972 2.2958 1.9219 1.39411 2.50463 4.43065
20.66 0 1.33733 1.77655 1.5941 1.65418 2.2473 2.08203 2.06268 2.88612 4.60348
20.68 0 1.07661 1.65577 2.04955 1.89311 1.88316 2.13382 2.63623 3.1663 4.56743
20.7 0 0.660284 1.44217 2.215 2.04457 1.41002 2.06314 2.99831 3.37974 4.33275
20.72 0 0.164284 1.17115 2.02763 1.95738 1.06255 1.82903 3.08023 3.52632 3.91717
20.74 0 -0.317571 0.740583 1.57499 1.54352 0.923247 1.43958 2.86562 3.56276 3.34868
20.76 0 -0.695944 0.0820466 0.884286 0.879771 0.850661 0.971981 2.38908 3.39941 2.67163
20.78 0 -0.974521 -0.766845 -0.0801764 0.131893 0.606476 0.507256 1.71883 2.93212 1.93479
20.8 0 -1.2412 -1.69847 -1.31241 -0.61522 0.0353616 0.0584392 0.930872 2.09463 1.16526
20.82 0 -1.39952 -2.44074 -2.45845 -1.2608 -0.629081 -0.248276 0.281869 1.09562 0.559658
20.84 0 -1.36863 -2.77774 -3.08059 -1.78919 -1.04712 -0.318643 -0.025707 0.218551 0.281775
20.86 0 -1.2467 -2.68283 -3.10886 -2.24259 -1.14209 -0.215005 -0.0539577 -0.404209 0.271102
20.88 0 -1.05134 -2.13413 -2.67366 -2.4601 -0.966885 0.0690774 0.0996582 -0.613171 0.46019
20.9 0 -0.698658 -1.21536 -1.93486 -2.21588 -0.620537 0.552875 0.379772 -0.305188 0.806299
20.92 0 -0.246972 -0.291021 -1.11586 -1.59181 -0.297464 1.02041 0.64926 0.320751 1.13156
20.94 0 0.196139 0.311431 -0.350383 -0.83136 -0.0923002 1.20963 0.844888 0.969102 1.2957
20.96 0 0.590997 0.614088 0.363848 -0.0498474 0.10102 1.07684 1.06498 1.50722 1.35026
20.98 0 0.847785 0.836649 0.976465 0.717275 0.369424 0.726669 1.35308 1.88502 1.38037
21 0 0.922947 1.15792 1.46528 1.44374 0.726188 0.373319 1.64763 2.12042 1.45231
21.02 0 0.87264 1.53197 1.88115 2.02389 1.09394 0.258965 1.7924 2.24548 1.57151
21.04 0 0.754651 1.72633 2.21631 2.29732 1.33971 0.404871 1.63638 2.21153 1.64752
21.06 0 0.589478 1.59843 2.34642 2.20252 1.38763 0.640624 1.17898 1.92422 1.58945
21.08 0 0.545326 1.39686 2.28097 2.00957 1.41601 0.978833 0.727679 1.50136 1.54911
21.1 0 0.717024 1.39086 2.08509 1.96306 1.61795 1.41166 0.578967 1.09014 1.66476
21.12 0 1.03114 1.57897 1.84389 2.05368 2.01583 1.82076 0.774384 0.758883 1.89925
21.14 0 1.4352 1.86524 1.7597 2.23207 2.56341 2.21 1.2348 0.655051 2.19254
21.16 0 1.86662 2.18293 1.98792 2.5021 3.13957 2.6807 1.8218 0.92178 2.49575
21.18 0 2.12338 2.44809 2.41359 2.81187 3.5176 3.19042 2.33395 1.48045 2.68478
21.2 0 2.06453 2.61414 2.81849 3.0958 3.58673 3.58879 2.68612 2.13998 2.67491
21.22 0 1.77239 2.69382 3.12183 3.33064 3.47665 3.76487 2.9854 2.77505 2.51649
21.24 0 1.36107 2.63928 3.30207 3.44571 3.33172 3.63939 3.31138 3.25527 2.26823
21.26 0 0.93268 2.40795 3.32824 3.4107 3.19735 3.26506 3.63711 3.49029 1.98989
21.28 0 0.546405 1.99943 3.14462 3.25689 3.00606 2.82372 3.82047 3.4714 1.71417
21.3 0 0.24058 1.47165 2.74373 3.04003 2.70727 2.52921 3.72806 3.26851 1.47597
21.32 0 0.0209674 0.890579 2.17136 2.74321 2.35105 2.44547 3.33399 2.94175 1.29556
21.34 0 -0.161569 0.298879 1.47923 2.27777 2.04524 2.43917 2.7237 2.48618 1.15869
21.36 0 -0.362546 -0.259775 0.706482 1.61467 1.8562 2.32984 2.04275 1.88585 1.04574
21.38 0 -0.613422 -0.756147 -0.129598 0.831463 1.71307 2.01543 1.39722 1.15453 0.927927
21.4 0 -0.800841 -1.11512 -0.903367 0.151232 1.54655 1.61253 0.899858 0.455298 0.864424
21.42 0 -0.807302 -1.30524 -1.44102 -0.26289 1.31852 1.29683 0.590443 -0.00660398 0.901498
21.44 0 -0.736656 -1.44102 -1.72117 -0.515054 0.940566 1.03966 0.340395 -0.216893 0.922113
21.46 0 -0.727253 -1.56661 -1.77656 -0.748294 0.421742 0.741633 0.0789806 -0.233543 0.83921
21.48 0 -0.827839 -1.60454 -1.66112 -0.997862 -0.137916 0.340258 -0.144524 -0.109777 0.668966
21.5 0 -0.982098 -1.47655 -1.45121 -1.21368 -0.649805 -0.161836 -0.253696 0.100621 0.477691
21.52 0 -1.05386 -1.19154 -1.2014 -1.32493 -1.07719 -0.692713 -0.219532 0.3508 0.335675
21.54 0 -0.923022 -0.851714 -0.94209 -1.30747 -1.43122 -1.15405 -0.10116 0.586742 0.277307
21.56 0 -0.614709 -0.598156 -0.750098 -1.24585 -1.75452 -1.51747 -0.0526877 0.712912 0.257174
21.58 0 -0.26523 -0.477333 -0.697599 -1.26947 -2.05269 -1.79747 -0.202029 0.651959 0.217183
21.6 0 0.000814424 -0.412471 -0.787109 -1.43197 -2.26571 -2.00197 -0.547379 0.402939 0.157107
21.62 0 0.0877494 -0.367631 -1.00285 -1.73687 -2.38098 -2.17827 -1.04088 -0.0277289 0.0650886
21.64 0 -0.0129612 -0.399819 -1.3014 -2.12838 -2.45307 -2.3702 -1.62615 -0.618626 -0.0821583
21.66 0 -0.185313 -0.552184 -1.58182 -2.46024 -2.51718 -2.54497 -2.206 -1.27248 -0.259486
21.68 0 -0.324351 -0.813094 -1.77725 -2.60381 -2.58959 -2.6668 -2.69782 -1.88319 -0.443902
21.7 0 -0.443879 -1.13004 -1.90936 -2.55437 -2.6818 -2.77121 -3.08088 -2.40899 -0.661428
21.72 0 -0.633316 -1.4502 -2.03547 -2.42914 -2.7846 -2.94411 -3.38837 -2.86531 -0.965795
21.74 0 -0.94826 -1.75727 -2.18437 -2.37702 -2.88298 -3.24298 -3.67573 -3.27297 -1.40146
21.76 0 -1.33856 -2.05195 -2.33659 -2.46386 -2.97831 -3.62397 -3.97219 -3.62625 -1.95973
21.78 0 -1.72306 -2.35763 -2.50681 -2.67963 -3.13838 -4.00629 -4.30499 -3.93963 -2.62518
21.8 0 -2.03305 -2.68368 -2.74364 -2.97243 -3.43587 -4.33195 -4.67301 -4.24975 -3.37743
21.82 0 -2.23913 -3.0204 -3.08738 -3.31761 -3.87765 -4.61111 -5.03862 -4.60804 -4.19393
21.84 0 -2.07518 -3.0695 -3.2539 -3.4644 -4.11501 -4.62545 -5.07183 -4.77827 -4.77239
21.86 0 -1.33633 -2.52221 -2.93033 -3.17762 -3.78986 -4.14848 -4.47657 -4.49856 -4.81629
21.88 0 -0.440555 -1.64115 -2.37856 -2.75442 -3.17771 -3.46923 -3.59623 -4.04441 -4.60921
21.9 0 0.220174 -0.732393 -1.86108 -2.43799 -2.61788 -2.82536 -2.82529 -3.65726 -4.44039
21.92 0 0.630475 0.112771 -1.33562 -2.16093 -2.1656 -2.17591 -2.24666 -3.29191 -4.3068
21.94 0 0.858698 0.748094 -0.762886 -1.86867 -1.82866 -1.55492 -1.86605 -2.94558 -4.19761
21.96 0 1.01068 1.11218 -0.129675 -1.48391 -1.52492 -1.03379 -1.58252 -2.62236 -4.06134
21.98 0 1.11799 1.28942 0.491985 -0.934611 -1.16046 -0.677983 -1.28633 -2.33136 -3.84976
22 0 1.13439 1.39983 0.988558 -0.21517 -0.705383 -0.503385 -0.959643 -2.08289 -3.56188
22.02 0 0.980398 1.422 1.2707 0.534112 -0.23962 -0.499622 -0.728946 -1.92071 -3.28456
22.04 0 0.654033 1.23288 1.34638 1.11449 0.134477 -0.606032 -0.743437 -1.87701 -3.11011
22.06 0 0.242396 0.79078 1.29306 1.41259 0.381784 -0.721185 -1.03299 -1.93748 -3.05127
22.08 0 -0.218114 0.17878 1.07764 1.39055 0.46865 -0.834963 -1.54347 -2.13167 -3.1097
22.1 0 -0.721034 -0.463762 0.600206 1.07433 0.36575 -1.00392 -2.16244 -2.51429 -3.28102
22.12 0 -1.07282 -0.913631 -0.0119626 0.657368 0.217712 -1.14157 -2.62295 -2.96202 -3.40303
22.14 0 -1.07084 -1.06339 -0.505688 0.302114 0.164223 -1.12573 -2.72889 -3.30027 -3.3274
22.16 0 -0.738544 -0.985226 -0.75529 0.00978274 0.172032 -0.948196 -2.52992 -3.45904 -3.08546
22.18 0 -0.19083 -0.676667 -0.705049 -0.178328 0.210127 -0.582339 -2.11455 -3.33861 -2.71923
22.2 0 0.417509 -0.0881917 -0.372304 -0.192123 0.279323 -0.0328829 -1.54223 -2.87135 -2.25679
22.22 0 0.854847 0.633398 0.0825694 -0.101979 0.299228 0.498117 -0.942997 -2.1903 -1.8338
22.24 0 1.01818 1.22059 0.528542 -0.00618653 0.226437 0.784567 -0.407373 -1.48215 -1.56142
22.26 0 1.02185 1.51839 0.949017 0.118363 0.142523 0.779962 0.0890097 -0.812024 -1.40447
22.28 0 0.94697 1.49641 1.2488 0.302095 0.0825128 0.517503 0.517646 -0.229298 -1.32723
22.3 0 0.800148 1.25646 1.30541 0.548277 0.0304455 0.107096 0.809672 0.234938 -1.29787
22.32 0 0.620728 0.966006 1.15582 0.836402 0.0198762 -0.220156 0.935418 0.614527 -1.2278
22.34 0 0.461526 0.71737 0.965331 1.06647 0.113846 -0.276774 0.910249 0.94737 -1.04861
22.36 0 0.321441 0.513166 0.84957 1.10577 0.328838 -0.0583261 0.786574 1.18149 -0.752132
22.38 0 0.198605 0.384492 0.80089 0.987836 0.645013 0.342224 0.684745 1.25775 -0.329689
22.4 0 0.0737627 0.330772 0.705868 0.811415 0.968786 0.798695 0.678705 1.13445 0.178402
22.42 0 -0.0409108 0.287707 0.502139 0.660562 1.19534 1.21768 0.777657 0.834655 0.712178
22.44 0 -0.0925447 0.172135 0.244599 0.589069 1.28791 1.54434 0.949739 0.47412 1.22327
22.46 0 -0.0789037 -0.0586948 0.022665 0.562293 1.27537 1.73711 1.10351 0.231173 1.63337
22.48 0 -0.0747641 -0.339111 -0.127299 0.519809 1.21382 1.77016 1.15467 0.249217 1.87713
22.5 0 -0.160063 -0.520928 -0.218437 0.453734 1.15405 1.65408 1.10803 0.569732 1.95847
22.52 0 -0.337601 -0.531624 -0.263742 0.390926 1.10078 1.41913 1.04432 1.11248 1.93268
22.54 0 -0.571528 -0.503195 -0.300447 0.293146 0.954361 1.04707 0.999973 1.66869 1.8107
22.56 0 -0.784189 -0.608081 -0.358005 0.117801 0.612261 0.553232 0.984026 2.0279 1.60822
22.58 0 -0.91115 -0.871222 -0.466645 -0.130915 0.0573463 0.0299862 0.98767 2.08197 1.38014
22.6 0 -0.987937 -1.19624 -0.706457 -0.474154 -0.660102 -0.449202 0.927764 1.81641 1.14719
22.62 0 -1.08595 -1.47408 -1.1294 -0.978381 -1.41705 -0.868773 0.692868 1.29582 0.895496
22.64 0 -1.23383 -1.69412 -1.70938 -1.71604 -2.08112 -1.27272 0.202444 0.613362 0.591885
22.66 0 -1.19274 -1.72212 -2.1629 -2.45617 -2.3974 -1.50575 -0.340763 0.0608242 0.419202
22.68 0 -0.751728 -1.42888 -2.24542 -2.83392 -2.243 -1.39602 -0.669097 -0.111586 0.567318
22.7 0 -0.00336974 -0.840034 -1.96816 -2.65956 -1.76492 -0.981512 -0.689913 0.0876991 1.01881
22.72 0 0.700459 -0.155 -1.50576 -2.06648 -1.24598 -0.518135 -0.507608 0.423749 1.55796
22.74 0 1.05321 0.397654 -0.968345 -1.34764 -0.861132 -0.259418 -0.26203 0.672185 1.97232
22.76 0 1.07001 0.764806 -0.284831 -0.637217 -0.542966 -0.20042 0.0360598 0.846043 2.25751
22.78 0 0.867778 0.965607 0.52732 0.0376732 -0.229887 -0.231865 0.33662 1.02275 2.43989
22.8 0 0.577145 1.08817 1.33492 0.728508 0.0981298 -0.205814 0.573251 1.27425 2.55202
22.82 0 0.321749 1.19482 1.94337 1.44888 0.443967 -0.0449597 0.704425 1.59514 2.6066
22.84 0 0.184437 1.25388 2.23143 2.0812 0.824645 0.202739 0.733361 1.88659 2.58735
22.86 0 0.191253 1.19699 2.22332 2.44703 1.25727 0.447933 0.711996 2.0268 2.48183
22.88 0 0.312065 1.0346 2.01332 2.47904 1.70974 0.671925 0.717282 1.95681 2.31103
22.9 0 0.437103 0.836037 1.64054 2.23728 2.04678 0.90879 0.767534 1.6691 2.07885
22.92 0 0.458251 0.650648 1.13831 1.8314 2.11738 1.19948 0.831398 1.20679 1.77184
22.94 0 0.336123 0.439701 0.591873 1.3174 1.8687 1.5178 0.867878 0.643435 1.3655
22.96 0 0.170872 0.194714 0.175326 0.768585 1.45611 1.81662 0.931046 0.146531 0.909481
22.98 0 0.0562973 -0.0324788 -0.0276127 0.279717 1.09028 2.00924 1.0814 -0.129705 0.462701
23 0 -0.0700595 -0.220966 -0.166648 -0.113236 0.812238 1.95082 1.23955 -0.185173 -0.018989
23.02 0 -0.254567 -0.360241 -0.388662 -0.36496 0.574914 1.61592 1.3049 -0.0605916 -0.563344
23.04 0 -0.444271 -0.500032 -0.672748 -0.469663 0.333806 1.10666 1.23011 0.184565 -1.12876
23.06 0 -0.577433 -0.730524 -0.906206 -0.512699 0.058952 0.536175 1.01168 0.423071 -1.64499
23.08 0 -0.659494 -1.04347 -1.02678 -0.58756 -0.257302 -0.0118838 0.687038 0.507448 -2.04238
23.1 0 -0.679621 -1.22737 -1.00518 -0.644157 -0.530501 -0.403233 0.385817 0.414404 -2.19694
23.12 0 -0.617834 -1.07738 -0.847737 -0.597791 -0.663338 -0.536753 0.211032 0.211591 -2.03226
23.14 0 -0.45749 -0.613317 -0.570029 -0.461621 -0.619916 -0.427917 0.14948 -0.0334256 -1.59312
23.16 0 -0.20398 -0.0600924 -0.209399 -0.332237 -0.449257 -0.201135 0.0914432 -0.303412 -1.02096
23.18 0 0.1194 0.368958 0.162026 -0.244887 -0.236684 0.0119504 -0.0614006 -0.585111 -0.452661
23.2 0 0.491108 0.660098 0.475777 -0.0957493 -0.0164658 0.168244 -0.302861 -0.787412 0.0600344
23.22 0 0.815858 0.88308 0.661593 0.182924 0.185255 0.216785 -0.588042 -0.847891 0.467361
23.24 0 1.01373 1.07888 0.7624 0.557987 0.380797 0.119219 -0.828676 -0.756919 0.749947
23.26 0 1.06611 1.21316 0.908439 0.921155 0.581584 -0.10949 -0.947857 -0.550643 0.91517
23.28 0 0.958289 1.21199 1.13944 1.15767 0.703114 -0.412433 -0.961332 -0.322361 0.94607
23.3 0 0.696862 1.07386 1.35671 1.24501 0.627574 -0.695586 -0.930813 -0.156221 0.833245
23.32 0 0.340011 0.872301 1.42016 1.22081 0.327675 -0.87293 -0.893935 -0.0919863 0.603166
23.34 0 -0.0259515 0.632012 1.24686 1.05627 -0.109297 -0.956634 -0.870715 -0.15786 0.278106
23.36 0 -0.306324 0.308954 0.852942 0.669586 -0.537463 -1.02498 -0.86943 -0.364107 -0.12724
23.38 0 -0.462214 -0.126779 0.274489 0.0303437 -0.873798 -1.14048 -0.913956 -0.696216 -0.607354
23.4 0 -0.463767 -0.554095 -0.413051 -0.705047 -1.07627 -1.22392 -0.972504 -1.03886 -1.08303
23.42 0 -0.343149 -0.825782 -1.12603 -1.33786 -1.17168 -1.16521 -1.01189 -1.27745 -1.47482
23.44 0 -0.213668 -0.947165 -1.76135 -1.8001 -1.2444 -0.972528 -1.03855 -1.40252 -1.77694
23.46 0 -0.139789 -1.00561 -2.13747 -2.09513 -1.30808 -0.723477 -1.00849 -1.43229 -1.97713
23.48 0 -0.14898 -1.05924 -2.15067 -2.232 -1.33038 -0.517403 -0.867762 -1.39123 -2.06241
23.5 0 -0.249606 -1.06713 -1.87028 -2.15968 -1.29057 -0.404812 -0.606259 -1.28279 -2.02597
23.52 0 -0.486959 -1.03328 -1.5277 -1.89235 -1.26169 -0.438439 -0.352934 -1.15955 -1.94657
23.54 0 -0.833544 -1.03753 -1.28551 -1.52531 -1.29538 -0.627626 -0.265234 -1.06679 -1.90597
23.56 0 -1.14372 -1.15118 -1.12877 -1.16743 -1.33423 -0.90746 -0.397146 -0.997042 -1.90369
23.58 0 -1.32364 -1.39526 -1.04278 -0.93619 -1.32935 -1.23584 -0.743202 -0.982754 -1.9309
23.6 0 -1.38699 -1.66787 -1.08527 -0.884823 -1.2909 -1.57726 -1.24565 -1.0874 -1.9739
23.62 0 -1.24301 -1.67505 -1.15423 -0.836823 -1.12582 -1.73215 -1.6579 -1.2073 -1.85761
23.64 0 -0.795787 -1.22817 -1.04688 -0.614284 -0.755134 -1.51931 -1.73803 -1.20649 -1.42155
23.66 0 -0.283805 -0.61292 -0.817536 -0.420068 -0.423563 -1.1458 -1.62965 -1.25412 -0.88256
23.68 0 0.077547 -0.139348 -0.543347 -0.43385 -0.335241 -0.845078 -1.52219 -1.45995 -0.478501
23.7 0 0.272674 0.145246 -0.248564 -0.576403 -0.473909 -0.674707 -1.45275 -1.70474 -0.268004
23.72 0 0.29462 0.264583 -0.0689316 -0.739132 -0.791301 -0.698824 -1.46637 -1.88656 -0.296425
23.74 0 0.280621 0.356081 0.0138022 -0.756912 -1.0783 -0.84794 -1.46824 -1.84936 -0.454781
23.76 0 0.384308 0.510844 0.122401 -0.562624 -1.12294 -1.01788 -1.34152 -1.50613 -0.598747
23.78 0 0.607017 0.700455 0.317322 -0.246355 -0.900014 -1.1562 -1.0878 -0.936292 -0.682868
23.8 0 0.899839 0.945145 0.633617 0.154709 -0.480889 -1.14018 -0.716099 -0.238566 -0.654087
23.82 0 1.19174 1.29412 1.0647 0.657874 0.0228367 -0.834669 -0.228254 0.473596 -0.453532
23.84 0 1.27668 1.59381 1.44038 1.09917 0.392882 -0.3538 0.225234 0.939394 -0.202916
23.86 0 1.03579 1.62373 1.61187 1.27748 0.507505 0.0873025 0.498787 0.961564 -0.0553276
23.88 0 0.587907 1.32282 1.56754 1.16939 0.455869 0.394403 0.589612 0.592207 -0.0308589
23.9 0 0.0372503 0.702729 1.22378 0.805701 0.296987 0.486199 0.455225 -0.0551067 -0.175639
23.92 0 -0.387921 0.0259123 0.654397 0.423042 0.216264 0.492795 0.214578 -0.667613 -0.365787
23.94 0 -0.522454 -0.447097 0.0172815 0.22342 0.366075 0.56524 0.0126558 -0.963511 -0.468142
23.96 0 -0.433731 -0.694081 -0.562881 0.165944 0.692104 0.68964 -0.124645 -0.917838 -0.499839
23.98 0 -0.215479 -0.743274 -0.869941 0.188595 1.09559 0.870744 -0.119045 -0.587758 -0.445947
24 0 0.0289987 -0.600377 -0.764849 0.290566 1.46412 1.12952 0.115959 -0.0747184 -0.271439
24.02 0 0.100863 -0.357993 -0.396863 0.417748 1.58616 1.36168 0.50699 0.398933 -0.0678871
24.04 0 -0.0947679 -0.140161 -0.00225004 0.509386 1.3477 1.43888 0.921761 0.666183 0.0591915
24.06 0 -0.406962 -0.0191304 0.323173 0.559145 0.86814 1.34471 1.2961 0.750906 0.113186
24.08 0 -0.658313 -0.0765075 0.501754 0.50367 0.322672 1.06756 1.51474 0.721542 0.0819073
24.1 0 -0.76297 -0.301431 0.435986 0.287895 -0.140539 0.625492 1.45231 0.649086 -0.0505425
24.12 0 -0.759421 -0.596667 0.0387176 -0.0944154 -0.480043 0.070109 1.04342 0.550299 -0.287779
24.14 0 -0.738547 -0.89551 -0.67547 -0.628226 -0.763404 -0.53787 0.315315 0.366264 -0.613177
24.16 0 -0.771637 -1.23613 -1.5591 -1.31352 -1.11042 -1.16583 -0.624252 -0.0107453 -0.997496
24.18 0 -0.658771 -1.45038 -2.16251 -1.89194 -1.38683 -1.56624 -1.38082 -0.427309 -1.16399
24.2 0 -0.239693 -1.29858 -2.13821 -2.05995 -1.42344 -1.52294 -1.58949 -0.669379 -0.862842
24.22 0 0.348092 -0.700452 -1.53998 -1.74319 -1.23267 -1.08828 -1.22575 -0.687645 -0.128177
24.24 0 1.01317 0.396332 -0.458935 -0.910013 -0.737557 -0.310172 -0.364632 -0.339011 0.975241
24.26 0 1.44353 1.57108 0.743418 0.0631049 -0.144146 0.442319 0.527855 0.223606 2.0324
24.28 0 1.45311 2.29156 1.73534 0.788754 0.322345 0.825743 1.01425 0.78514 2.6573
24.3 0 1.23214 2.43544 2.42767 1.28821 0.684502 0.862557 1.08478 1.33746 2.85386
24.32 0 0.891851 2.06872 2.62145 1.63472 0.885958 0.597471 0.82168 1.75057 2.67281
24.34 0 0.439973 1.34805 2.19419 1.82384 0.858462 0.0872889 0.349341 1.84266 2.18294
24.36 0 -0.150361 0.377391 1.23432 1.68808 0.573732 -0.605254 -0.235665 1.46201 1.44499
24.38 0 -0.888596 -0.818305 -0.035111 0.992399 0.0226351 -1.40693 -0.921842 0.546279 0.492822
24.4 0 -1.28008 -1.69566 -0.96519 0.147894 -0.352781 -1.74472 -1.2815 -0.351686 -0.178726
24.42 0 -0.907322 -1.63242 -1.0813 -0.229677 -0.149815 -1.09421 -0.909704 -0.611457 -0.105504
24.44 0 -0.315838 -0.946526 -0.861652 -0.36571 0.187918 0.0719476 -0.259761 -0.512294 0.264728
24.46 0 0.0560835 -0.158571 -0.676314 -0.54724 0.325426 1.1605 0.291434 -0.372842 0.499654
24.48 0 0.312971 0.451899 -0.419243 -0.703024 0.406576 1.90184 0.816853 -0.154378 0.586589
24.5 0 0.543301 0.697973 -0.0838127 -0.727543 0.513281 2.14335 1.33798 0.159406 0.528188
24.52 0 0.701453 0.650647 0.183542 -0.49697 0.604468 1.94739 1.77832 0.572352 0.34214
24.54 0 0.814408 0.645056 0.405306 0.139041 0.760166 1.65112 2.16299 1.20565 0.208176
24.56 0 0.956632 0.910356 0.793005 1.13768 1.13854 1.57662 2.56554 2.11174 0.334303
24.58 0 1.02638 1.27625 1.4127 2.10193 1.69115 1.70964 2.88851 3.01816 0.67645
24.6 0 0.979572 1.57949 2.21041 2.75414 2.32138 1.9947 3.09571 3.65558 1.17207
24.62 0 0.898885 1.87669 3.00168 3.18766 2.94739 2.46727 3.26872 3.95441 1.83005
24.64 0 0.896032 2.27045 3.56037 3.62888 3.50187 3.13795 3.48478 3.97984 2.63912
24.66 0 1.0828 2.73282 3.86972 4.17123 4.02177 3.94539 3.79204 3.86524 3.56538
24.68 0 1.40958 3.03679 4.00524 4.62063 4.52295 4.66793 4.09529 3.65619 4.45003
24.7 0 1.72726 3.0522 4.02636 4.79028 4.98717 5.11816 4.26106 3.44586 5.11125
24.72 0 1.89951 2.88697 3.92939 4.7266 5.35505 5.28579 4.23837 3.39154 5.46851
24.74 0 1.81281 2.66677 3.64399 4.55895 5.47979 5.211 4.03226 3.52974 5.49526
24.76 0 1.46155 2.39145 3.1877 4.34288 5.26135 4.91505 3.72751 3.76356 5.22397
24.78 0 1.00093 2.0088 2.74768 4.07404 4.78042 4.44951 3.50405 4.00101 4.78459
24.8 0 0.582787 1.49756 2.47248 3.72276 4.17314 3.88146 3.48598 4.1744 4.30505
24.82 0 0.215445 0.918614 2.28524 3.27776 3.48177 3.27542 3.62841 4.213 3.83184
24.84 0 -0.144755 0.425419 2.014 2.78915 2.72397 2.74395 3.79687 4.10969 3.39594
24.86 0 -0.526078 0.0636434 1.53602 2.23138 1.93148 2.34191 3.79805 3.87569 2.98059
24.88 0 -0.874775 -0.263793 0.861846 1.50823 1.1988 2.02644 3.50594 3.51974 2.55983
24.9 0 -1.0937 -0.670621 0.0769174 0.575262 0.623974 1.70486 2.93172 3.04539 2.13533
24.92 0 -1.16161 -1.18869 -0.792636 -0.500576 0.17816 1.28572 2.1588 2.42926 1.70639
24.94 0 -1.15152 -1.74501 -1.79576 -1.56449 -0.278471 0.73155 1.28007 1.65145 1.26434
24.96 0 -0.981963 -2.04304 -2.71032 -2.28392 -0.667007 0.265967 0.569557 0.938059 1.00574
24.98 0 -0.57174 -1.90472 -3.13403 -2.48092 -0.818357 0.116624 0.262612 0.548328 1.11505
25 0 -0.0295765 -1.42142 -2.85455 -2.27285 -0.696559 0.2768 0.351256 0.548077 1.55084
25.02 0 0.337754 -0.832474 -2.06394 -1.91108 -0.497077 0.517581 0.591298 0.777778 2.05227
25.04 0 0.308304 -0.320165 -1.14422 -1.53578 -0.444596 0.614574 0.746399 1.04683 2.37595
25.06 0 0.0198016 0.105927 -0.291497 -1.05566 -0.524551 0.558316 0.824437 1.34168 2.52691
25.08 0 -0.30058 0.356343 0.361256 -0.467281 -0.650938 0.322762 0.849057 1.61229 2.52889
25.1 0 -0.324094 0.475879 0.873749 0.261604 -0.575189 0.02295 0.955682 1.92527 2.53776
25.12 0 0.0945749 0.645166 1.35165 1.10697 -0.0961837 -0.150873 1.23846 2.36615 2.70564
25.14 0 0.778869 1.04194 1.8033 1.93668 0.743107 -0.0332428 1.62578 2.92019 3.05148
25.16 0 1.37212 1.6465 2.15422 2.55234 1.66115 0.396423 1.92703 3.43026 3.44804
25.18 0 1.65324 2.24411 2.39977 2.8269 2.36308 1.05308 2.04392 3.71378 3.76846
25.2 0 1.70081 2.63936 2.65884 2.83604 2.76031 1.86085 2.09526 3.72338 4.02039
25.22 0 1.62184 2.71839 2.90778 2.70658 2.86339 2.65325 2.19622 3.4472 4.19151
25.24 0 1.45774 2.53501 2.98283 2.57142 2.77196 3.22651 2.4091 2.93776 4.24625
25.26 0 1.22349 2.22066 2.76538 2.5016 2.64778 3.43905 2.71172 2.34132 4.15938
25.28 0 0.942579 1.83034 2.29881 2.44846 2.60284 3.29765 2.95529 1.86363 3.89594
25.3 0 0.634294 1.32222 1.72492 2.30054 2.61471 2.9363 2.93628 1.64773 3.42219
25.32 0 0.299923 0.672999 1.16426 2.00478 2.56267 2.51924 2.55531 1.70494 2.75043
25.34 0 -0.0973424 -0.0577778 0.626422 1.58907 2.31471 2.11885 1.89821 1.89797 1.93247
25.36 0 -0.600265 -0.761234 0.0446877 1.1012 1.81823 1.67735 1.19714 1.992 1.04375
25.38 0 -1.18682 -1.38278 -0.616482 0.535611 1.11854 1.08234 0.691122 1.7257 0.183745
25.4 0 -1.75647 -1.97565 -1.32063 -0.16211 0.287254 0.303488 0.432759 0.991883 -0.593605
25.42 0 -1.85107 -2.24341 -1.67435 -0.667484 -0.288974 -0.195496 0.592151 0.261355 -0.949429
25.44 0 -1.1455 -1.78676 -1.35286 -0.602632 -0.256699 0.0997546 1.22445 0.126985 -0.590535
25.46 0 -0.201574 -0.877931 -0.777872 -0.315609 0.0400816 0.864021 1.74335 0.417727 0.0413021
25.48 0 0.4547 0.106456 -0.296155 -0.18679 0.319139 1.58928 1.80072 0.81834 0.538395
25.5 0 0.839596 0.981526 0.176633 -0.192003 0.650397 2.061 1.61286 1.24218 0.909312
25.52 0 1.1634 1.61155 0.755464 -0.0865693 1.07822 2.25062 1.51561 1.64533 1.28313
25.54 0 1.56558 2.03731 1.42375 0.424785 1.547 2.28748 1.72775 2.0282 1.78081
25.56 0 1.96959 2.37589 2.05664 1.40977 1.96096 2.28244 2.21932 2.38826 2.39812
25.58 0 2.28756 2.74601 2.68302 2.70629 2.37542 2.3496 2.84674 2.80591 3.10894
25.6 0 2.51255 3.17785 3.46487 3.98739 2.93949 2.59761 3.44204 3.38356 3.8797
25.62 0 2.53766 3.53217 4.32647 4.81245 3.60183 2.95766 3.75977 4.00342 4.52867
25.64 0 2.27133 3.72728 4.9566 5.04762 4.1691 3.29773 3.68491 4.4533 4.90097
25.66 0 1.79102 3.79994 5.14844 4.93523 4.49998 3.5776 3.38299 4.61479 5.02389
25.68 0 1.20516 3.63735 4.86709 4.67222 4.47756 3.69764 3.04819 4.37575 4.9212
25.7 0 0.658648 3.06643 4.20049 4.28654 4.09731 3.54845 2.78087 3.71428 4.59095
25.72 0 0.209132 2.0194 3.26184 3.68215 3.43319 3.08095 2.52026 2.73109 3.99823
25.74 0 -0.220405 0.600483 2.07641 2.76815 2.5507 2.32613 2.08717 1.60199 3.08999
25.76 0 -0.799989 -0.960647 0.571615 1.52769 1.46259 1.35467 1.29543 0.477312 1.82782
25.78 0 -1.32244 -2.07462 -0.961153 0.327832 0.511187 0.554263 0.423329 -0.253931 0.57068
25.8 0 -1.45508 -2.37617 -2.06002 -0.505276 0.0451069 0.233881 -0.10261 -0.330347 -0.282661
25.82 0 -1.16273 -2.06384 -2.46975 -1.00801 0.0413764 0.309864 -0.124265 0.0829476 -0.668976
25.84 0 -0.444385 -1.30776 -2.04803 -1.12467 0.433989 0.742166 0.490804 0.812558 -0.513115
25.86 0 0.278782 -0.44569 -1.21529 -1.01472 0.796187 1.24465 1.41755 1.44621 -0.0980448
25.88 0 0.594499 0.235333 -0.506432 -0.783012 0.717734 1.57205 2.19869 1.70059 0.247039
25.9 0 0.55656 0.672336 0.0103102 -0.421989 0.302312 1.74823 2.66105 1.70291 0.490481
25.92 0 0.314938 0.730447 0.387524 -0.118367 -0.200635 1.70685 2.68792 1.57414 0.592894
25.94 0 -0.0173023 0.397809 0.582929 -0.05468 -0.544167 1.34812 2.27447 1.36596 0.528786
25.96 0 -0.420472 -0.162733 0.406504 -0.24022 -0.689954 0.64988 1.49261 1.05297 0.29329
25.98 0 -0.587434 -0.471597 0.0325808 -0.264982 -0.458106 -9.89649e-05 0.740593 0.883548 0.215652
26 0 -0.214213 -0.215158 -0.121591 0.209329 0.278811 -0.170399 0.402577 1.0948 0.628649
26.02 0 0.631042 0.484832 0.235905 1.09026 1.33008 0.276502 0.531335 1.62131 1.53685
26.04 0 1.48143 1.26512 1.04122 1.97604 2.26079 1.09711 0.906753 2.12607 2.62448
26.06 0 1.87157 1.89293 1.98063 2.56274 2.76195 1.92268 1.3054 2.3298 3.55215
26.08 0 1.81691 2.43663 2.86239 2.93308 2.93014 2.61371 1.75694 2.32771 4.26039
26.1 0 1.52263 2.84443 3.49171 3.16867 2.9066 3.03179 2.21463 2.26585 4.68411
26.12 0 1.2183 2.99669 3.7601 3.29774 2.83083 3.10501 2.57194 2.28195 4.77951
26.14 0 1.01749 2.81729 3.66382 3.30013 2.76811 2.86289 2.71703 2.43231 4.54796
26.16 0 0.898633 2.33025 3.24214 3.14703 2.68063 2.41316 2.58965 2.6668 4.03267
26.18 0 0.760054 1.63084 2.53763 2.81395 2.46768 1.87787 2.20751 2.85863 3.29503
26.2 0 0.490539 0.815042 1.60735 2.26362 2.03971 1.32756 1.66105 2.83998 2.40182
26.22 0 0.0140357 -0.0675856 0.528471 1.44589 1.36363 0.756011 1.0758 2.42769 1.43044
26.24 0 -0.684555 -1.01825 -0.626672 0.330683 0.44563 0.122586 0.514059 1.53236 0.426822
26.26 0 -1.54122 -2.05596 -1.8283 -1.05999 -0.700714 -0.601204 -0.0797463 0.211857 -0.619599
26.28 0 -2.296 -3.02939 -2.94713 -2.49766 -1.89764 -1.26997 -0.693304 -1.21768 -1.5993
26.3 0 -2.72449 -3.75097 -3.89064 -3.74187 -2.93972 -1.76346 -1.32162 -2.41704 -2.41565
26.32 0 -2.83718 -4.18355 -4.7021 -4.73025 -3.75717 -2.17909 -2.03299 -3.25455 -3.11757
26.34 0 -2.6952 -4.3487 -5.34207 -5.43779 -4.29984 -2.62605 -2.77631 -3.7104 -3.71864
26.36 0 -2.42195 -4.3541 -5.75226 -5.91311 -4.62423 -3.18804 -3.47236 -3.91063 -4.23634
26.38 0 -2.13986 -4.29256 -5.90529 -6.18356 -4.85862 -3.85901 -4.05236 -4.02619 -4.66814
26.4 0 -1.91169 -4.16696 -5.80775 -6.20849 -5.10716 -4.54679 -4.46189 -4.16716 -4.97384
26.42 0 -1.76806 -3.95169 -5.50091 -5.982 -5.4189 -5.16147 -4.71399 -4.38034 -5.13537
26.44 0 -1.7167 -3.65664 -5.03435 -5.58944 -5.78174 -5.65865 -4.89899 -4.66592 -5.18139
26.46 0 -1.72579 -3.31489 -4.45675 -5.16681 -6.10349 -6.02847 -5.12095 -4.98243 -5.15804
26.48 0 -1.72651 -2.941 -3.81466 -4.8423 -6.23146 -6.27236 -5.42767 -5.26674 -5.09395
26.5 0 -1.66123 -2.52877 -3.21144 -4.63076 -6.0935 -6.40449 -5.8173 -5.48206 -5.01463
26.52 0 -1.49216 -2.06396 -2.77179 -4.4304 -5.73653 -6.42824 -6.2439 -5.62856 -4.93692
26.54 0 -1.1876 -1.5778 -2.53424 -4.13556 -5.28353 -6.33846 -6.61729 -5.74069 -4.86698
26.56 0 -0.75521 -1.18651 -2.42658 -3.7644 -4.8683 -6.17229 -6.8535 -5.89158 -4.83316
26.58 0 -0.253873 -0.976644 -2.33064 -3.41461 -4.5568 -5.9813 -6.90828 -6.12568 -4.86696
26.6 0 0.200964 -0.888009 -2.18133 -3.14988 -4.34541 -5.78444 -6.78729 -6.40445 -4.98069
26.62 0 0.440475 -0.773535 -2.01117 -2.98448 -4.21955 -5.58614 -6.5604 -6.6487 -5.1921
26.64 0 0.389039 -0.562507 -1.85071 -2.91205 -4.15947 -5.38619 -6.31283 -6.78439 -5.51341
26.66 0 0.192865 -0.268518 -1.60955 -2.86153 -4.07534 -5.12995 -6.0342 -6.71307 -5.87588
26.68 0 0.07441 0.0327386 -1.19452 -2.74227 -3.88605 -4.77484 -5.66792 -6.38757 -6.1936
26.7 0 0.140463 0.273622 -0.653895 -2.4868 -3.59463 -4.34454 -5.19305 -5.86438 -6.43158
26.72 0 0.385519 0.51889 -0.111338 -2.01185 -3.20788 -3.85591 -4.57634 -5.23306 -6.53675
26.74 0 0.733896 0.86942 0.350298 -1.29741 -2.70597 -3.31327 -3.80346 -4.58215 -6.45063
26.76 0 1.01956 1.23859 0.677177 -0.524882 -2.14223 -2.80067 -3.01017 -4.05114 -6.23827
26.78 0 1.12819 1.45076 0.906027 0.0773749 -1.57579 -2.37229 -2.37834 -3.71746 -5.99511
26.8 0 1.07392 1.4465 1.13172 0.438702 -1.01095 -1.96444 -1.99288 -3.52166 -5.73937
26.82 0 0.867371 1.25736 1.30519 0.609349 -0.506969 -1.53772 -1.88423 -3.41647 -5.49825
26.84 0 0.528928 0.963683 1.29389 0.697701 -0.12719 -1.11431 -1.99874 -3.3963 -5.29331
26.86 0 0.144436 0.635032 1.05299 0.790642 0.14551 -0.743149 -2.19225 -3.45672 -5.10472
26.88 0 -0.176022 0.266948 0.662482 0.867121 0.384318 -0.488557 -2.32551 -3.5932 -4.9102
26.9 0 -0.386472 -0.181442 0.23037 0.834601 0.623225 -0.398032 -2.35642 -3.8001 -4.72539
26.92 0 -0.521873 -0.666923 -0.16801 0.655192 0.803634 -0.419611 -2.33388 -4.02536 -4.5747
26.94 0 -0.673482 -1.06539 -0.5421 0.369556 0.811489 -0.455989 -2.34396 -4.2001 -4.48464
26.96 0 -0.826005 -1.23148 -0.840254 0.092129 0.648905 -0.391474 -2.36639 -4.21131 -4.40526
26.98 0 -0.878929 -1.14859 -0.950278 -0.118179 0.415045 -0.195621 -2.31258 -3.99521 -4.27041
27 0 -0.767192 -0.924584 -0.82554 -0.281232 0.202855 0.0260169 -2.1093 -3.60264 -4.06445
27.02 0 -0.471349 -0.601082 -0.506578 -0.35951 0.0833174 0.189136 -1.6972 -3.08679 -3.76758
27.04 0 -0.122161 -0.224681 -0.19077 -0.353178 -0.015218 0.203181 -1.16833 -2.54738 -3.45852
27.06 0 0.145851 0.13573 -0.0292362 -0.294859 -0.186036 0.038924 -0.667768 -2.0592 -3.21886
27.08 0 0.327823 0.406324 0.0325895 -0.227116 -0.403424 -0.234849 -0.276337 -1.5998 -3.04567
27.1 0 0.434603 0.495339 0.0886647 -0.237892 -0.622851 -0.550333 -0.0698548 -1.15657 -2.93286
27.12 0 0.443539 0.408597 0.139271 -0.358215 -0.833904 -0.83538 -0.0920074 -0.751524 -2.86538
27.14 0 0.311478 0.239193 0.0843977 -0.546554 -1.05102 -1.0547 -0.312718 -0.462019 -2.8162
27.16 0 0.0992236 0.102055 -0.0933904 -0.704555 -1.21581 -1.1755 -0.583977 -0.32493 -2.69732
27.18 0 -0.0700206 0.00611817 -0.303767 -0.789087 -1.24916 -1.19814 -0.753885 -0.347539 -2.43355
27.2 0 -0.133534 -0.128275 -0.465125 -0.835035 -1.14857 -1.15671 -0.79176 -0.523891 -2.03377
27.22 0 -0.151648 -0.34892 -0.602473 -0.889205 -1.00972 -1.08807 -0.791673 -0.836711 -1.5791
27.24 0 -0.242016 -0.618978 -0.802558 -0.966013 -0.945214 -1.01123 -0.880647 -1.2366 -1.15993
27.26 0 -0.446971 -0.870401 -1.07833 -1.05705 -0.974572 -0.930539 -1.11534 -1.61029 -0.823115
27.28 0 -0.688933 -1.07832 -1.32739 -1.15747 -1.01464 -0.867848 -1.44093 -1.81633 -0.57391
27.3 0 -0.855616 -1.2568 -1.44338 -1.25532 -0.981996 -0.873651 -1.72371 -1.79369 -0.39293
27.32 0 -0.924791 -1.39956 -1.45006 -1.31518 -0.906068 -0.997014 -1.86345 -1.59316 -0.278533
27.34 0 -0.96875 -1.49385 -1.47185 -1.31299 -0.920455 -1.25149 -1.85417 -1.33599 -0.258708
27.36 0 -1.04899 -1.56236 -1.57839 -1.28864 -1.13365 -1.5973 -1.75833 -1.12643 -0.355324
27.38 0 -1.14431 -1.6451 -1.70352 -1.33575 -1.52242 -1.94553 -1.63532 -0.996308 -0.542518
27.4 0 -1.23359 -1.77958 -1.78859 -1.56789 -2.00553 -2.23904 -1.55764 -0.960942 -0.79872
27.42 0 -1.32624 -1.93714 -1.88034 -2.00645 -2.49978 -2.46778 -1.5833 -1.02913 -1.10606
27.44 0 -1.38104 -1.9982 -2.04061 -2.50737 -2.89566 -2.59588 -1.67597 -1.15106 -1.38661
27.46 0 -1.33206 -1.90677 -2.28379 -2.91368 -3.11655 -2.59987 -1.76787 -1.27811 -1.56695
27.48 0 -1.15065 -1.75748 -2.56785 -3.17491 -3.16401 -2.53026 -1.83651 -1.41524 -1.64379
27.5 0 -0.82759 -1.64218 -2.78171 -3.30113 -3.05418 -2.42579 -1.86425 -1.55011 -1.62375
27.52 0 -0.414427 -1.56895 -2.85245 -3.29666 -2.83378 -2.29196 -1.85133 -1.65187 -1.5222
27.54 0 -0.0248743 -1.45307 -2.77912 -3.13569 -2.56895 -2.11268 -1.80757 -1.68192 -1.35856
27.56 0 0.154928 -1.26502 -2.6342 -2.87594 -2.36025 -1.94607 -1.79586 -1.67403 -1.2134
27.58 0 0.0411582 -1.0781 -2.43737 -2.62707 -2.25423 -1.87641 -1.85812 -1.68222 -1.15994
27.6 0 -0.269362 -0.986169 -2.13591 -2.44225 -2.21301 -1.93064 -1.96258 -1.7165 -1.19886
27.62 0 -0.640462 -1.04939 -1.75656 -2.30719 -2.22103 -2.10228 -2.08435 -1.78916 -1.31815
27.64 0 -0.978327 -1.23282 -1.42873 -2.15014 -2.29205 -2.3495 -2.22399 -1.90465 -1.50652
27.66 0 -1.25919 -1.44805 -1.30442 -1.93041 -2.42688 -2.62643 -2.40251 -2.06813 -1.75852
27.68 0 -1.49351 -1.64553 -1.42832 -1.71396 -2.57397 -2.90432 -2.63731 -2.2854 -2.06817
27.7 0 -1.65793 -1.86961 -1.69056 -1.65586 -2.6674 -3.171 -2.93257 -2.56591 -2.42912
27.72 0 -1.69246 -2.09602 -1.9137 -1.81308 -2.63768 -3.35107 -3.22363 -2.86264 -2.77722
27.74 0 -1.59005 -2.21842 -2.05079 -2.07394 -2.51456 -3.35825 -3.4381 -3.12636 -3.05047
27.76 0 -1.41973 -2.16513 -2.18176 -2.28975 -2.41846 -3.18427 -3.55057 -3.36114 -3.2487
27.78 0 -1.21324 -1.94652 -2.30906 -2.37547 -2.39444 -2.87643 -3.52547 -3.55982 -3.37678
27.8 0 -0.945641 -1.65807 -2.34219 -2.36411 -2.38328 -2.52872 -3.33701 -3.69406 -3.44565
27.82 0 -0.576628 -1.36148 -2.17002 -2.3012 -2.27418 -2.20134 -2.97854 -3.6927 -3.44956
27.84 0 -0.128087 -1.00746 -1.78559 -2.15823 -2.01474 -1.89121 -2.4912 -3.4763 -3.37908
27.86 0 0.309917 -0.485072 -1.29121 -1.85537 -1.64646 -1.55186 -1.95208 -3.00744 -3.234
27.88 0 0.574601 0.131132 -0.839447 -1.44112 -1.32342 -1.23677 -1.50854 -2.40927 -3.1023
27.9 0 0.617203 0.613695 -0.455965 -1.06287 -1.13926 -1.04207 -1.24359 -1.86767 -3.05005
27.92 0 0.55652 0.79419 -0.0443258 -0.790184 -1.0461 -0.985915 -1.09644 -1.48708 -3.02994
27.94 0 0.437658 0.668543 0.346672 -0.613547 -1.0311 -1.06677 -1.02578 -1.34384 -3.00915
27.96 0 0.224462 0.397168 0.536382 -0.459519 -1.11758 -1.24527 -1.04483 -1.44998 -2.98362
27.98 0 -0.00912693 0.203403 0.481362 -0.226906 -1.20954 -1.38787 -1.11947 -1.6697 -2.88764
28 0 -0.127062 0.148672 0.335768 0.0579754 -1.14365 -1.40359 -1.21126 -1.84498 -2.66707
28.02 0 -0.0775394 0.132536 0.263465 0.251699 -0.846267 -1.32521 -1.33469 -1.92203 -2.35279
28.04 0 0.115335 0.143955 0.330641 0.326765 -0.356254 -1.14824 -1.46789 -1.87831 -1.96564
28.06 0 0.35473 0.279547 0.459664 0.409273 0.181655 -0.846293 -1.55482 -1.72078 -1.51691
28.08 0 0.564472 0.595379 0.585033 0.631702 0.640741 -0.422931 -1.51378 -1.47409 -1.0151
28.1 0 0.755762 0.998657 0.788776 0.999805 0.998562 0.0685384 -1.26008 -1.16232 -0.470804
28.12 0 0.88675 1.25556 1.11259 1.33641 1.23124 0.47258 -0.8533 -0.873468 0.00833968
28.14 0 0.878538 1.25897 1.46117 1.50941 1.31617 0.673267 -0.420427 -0.659629 0.310998
28.16 0 0.710479 1.13303 1.67213 1.56889 1.27317 0.701976 -0.0423495 -0.464821 0.422622
28.18 0 0.399515 0.977335 1.59813 1.56048 1.10611 0.608809 0.199791 -0.254697 0.343698
28.2 0 0.0410041 0.742978 1.26036 1.43439 0.847244 0.419441 0.266572 -0.0423192 0.0947731
28.22 0 -0.148428 0.427204 0.891913 1.20076 0.649531 0.24327 0.278591 0.221261 -0.176216
28.24 0 -0.0627412 0.143715 0.648099 0.939288 0.620307 0.197161 0.383141 0.55397 -0.310545
28.26 0 0.165451 0.0339274 0.464874 0.715613 0.695279 0.314121 0.612627 0.866747 -0.263762
28.28 0 0.396083 0.204604 0.309391 0.598195 0.806412 0.625822 0.97279 1.11973 -0.0142063
28.3 0 0.595026 0.581195 0.28272 0.585226 0.942402 1.13017 1.44054 1.33724 0.430275
28.32 0 0.73117 0.900706 0.444868 0.570305 1.06235 1.68883 1.8969 1.50563 0.955515
28.34 0 0.765971 0.991006 0.717481 0.515577 1.14383 2.12581 2.23059 1.62423 1.4399
28.36 0 0.695843 0.92459 0.937211 0.54282 1.21858 2.36423 2.42689 1.76263 1.8486
28.38 0 0.512582 0.807278 0.948726 0.729863 1.29998 2.37117 2.4796 1.95937 2.15887
28.4 0 0.282713 0.6588 0.798514 1.03397 1.42779 2.18699 2.41837 2.22978 2.39254
28.42 0 0.095107 0.425974 0.66524 1.32048 1.61975 1.89998 2.28735 2.54501 2.58999
28.44 0 -0.038635 0.109597 0.646524 1.48212 1.80863 1.61307 2.11913 2.82497 2.77655
28.46 0 -0.171214 -0.16363 0.68046 1.53472 1.88172 1.43068 1.9541 2.98954 2.97477
28.48 0 -0.357817 -0.273408 0.646272 1.5146 1.76209 1.3856 1.82409 2.97765 3.18177
28.5 0 -0.559561 -0.251479 0.526744 1.38809 1.48657 1.42109 1.74985 2.78142 3.37301
28.52 0 -0.616873 -0.190618 0.443668 1.13884 1.21653 1.49166 1.77332 2.51 3.5597
28.54 0 -0.430857 -0.121787 0.455563 0.822568 1.07448 1.5758 1.89017 2.31282 3.74175
28.56 0 -0.0708352 0.0180943 0.466208 0.552981 1.04602 1.66183 2.02883 2.28985 3.87979
28.58 0 0.27897 0.24791 0.334607 0.380194 1.0153 1.70023 2.0818 2.4234 3.89593
28.6 0 0.488498 0.457199 0.0760438 0.246884 0.901359 1.62127 2.00421 2.61681 3.74437
28.62 0 0.556222 0.495899 -0.121546 0.0782759 0.721405 1.40421 1.85976 2.78035 3.46469
28.64 0 0.477471 0.299579 -0.174327 -0.155205 0.473365 1.05138 1.70504 2.81749 3.10009
28.66 0 0.217602 -0.0323597 -0.192634 -0.388864 0.116999 0.607681 1.54767 2.66688 2.68352
28.68 0 -0.132741 -0.280988 -0.248114 -0.469327 -0.277298 0.222445 1.4356 2.40934 2.32309
28.7 0 -0.402998 -0.345647 -0.290943 -0.356263 -0.560366 0.0146678 1.39604 2.16773 2.10931
28.72 0 -0.479131 -0.320421 -0.240257 -0.191626 -0.620066 -0.0256055 1.37649 1.99038 2.0301
28.74 0 -0.315884 -0.246826 -0.0482648 -0.0625291 -0.39519 0.089633 1.35302 1.91682 2.07141
28.76 0 0.0196288 -0.0399674 0.211841 0.0905786 0.0642558 0.36507 1.33624 1.96223 2.22377
28.78 0 0.42131 0.391467 0.458242 0.391458 0.649007 0.803346 1.37097 2.11532 2.48414
28.8 0 0.756515 0.910224 0.66722 0.798054 1.19851 1.2982 1.44097 2.26429 2.76788
28.82 0 0.963346 1.27119 0.921545 1.17633 1.61628 1.71396 1.53416 2.29939 2.98986
28.84 0 1.05839 1.4069 1.30105 1.488 1.91363 2.00665 1.69028 2.2238 3.14302
28.86 0 1.01926 1.40293 1.70067 1.76699 2.09531 2.17154 1.885 2.08473 3.20877
28.88 0 0.835547 1.3888 1.95758 2.05629 2.16885 2.23058 2.0481 1.95528 3.1646
28.9 0 0.571691 1.38508 2.02107 2.31821 2.17669 2.20517 2.10927 1.89233 2.99668
28.92 0 0.344868 1.29832 1.96979 2.43983 2.1832 2.1053 2.03846 1.90523 2.70781
28.94 0 0.261346 1.1003 1.90408 2.38575 2.2384 1.97983 1.89098 1.98454 2.3519
28.96 0 0.316358 0.892576 1.81078 2.24206 2.30814 1.89136 1.75604 2.08734 1.9927
28.98 0 0.407502 0.792624 1.60894 2.10564 2.30017 1.86363 1.69815 2.12456 1.66589
29 0 0.471214 0.820823 1.32552 1.99236 2.18639 1.89402 1.75679 2.03403 1.40147
29.02 0 0.491079 0.851543 1.07278 1.79926 1.99022 1.93355 1.88728 1.79502 1.18049
29.04 0 0.468509 0.764959 0.926171 1.44689 1.74506 1.93771 1.98977 1.44931 0.961656
29.06 0 0.392668 0.582665 0.832123 0.998523 1.4637 1.90041 1.96803 1.09384 0.718321
29.08 0 0.233931 0.394145 0.645637 0.583491 1.13393 1.80014 1.76289 0.799971 0.429482
29.1 0 0.00709925 0.220562 0.299791 0.255083 0.775399 1.58908 1.38845 0.576551 0.0919748
29.12 0 -0.16713 0.0245544 -0.0834046 0.00530036 0.486533 1.26772 0.965946 0.424232 -0.228437
29.14 0 -0.192603 -0.220373 -0.35917 -0.176208 0.332848 0.863631 0.620699 0.321477 -0.458196
29.16 0 -0.12611 -0.462535 -0.516583 -0.290115 0.259347 0.424195 0.380025 0.216574 -0.580324
29.18 0 0.0672706 -0.412783 -0.451356 -0.145531 0.327612 0.201328 0.368536 0.251717 -0.437974
29.2 0 0.17296 -0.153223 -0.293781 0.113731 0.352128 0.144611 0.400007 0.30957 -0.176494
29.22 0 0.050974 0.0376857 -0.135194 0.221982 0.19216 0.0868215 0.268145 0.232963 0.00655533
29.24 0 -0.0691239 0.146028 0.177376 0.218343 0.0400139 0.0825816 0.0993884 0.145667 0.20248
29.26 0 -0.109909 0.17968 0.517543 0.156075 -0.0528617 0.0589257 -0.0641201 0.0577565 0.394627
29.28 0 -0.0667669 0.245909 0.670155 0.159535 -0.0831164 -0.0278445 -0.190031 -0.01656 0.564062
29.3 0 0.0477381 0.379723 0.569151 0.271557 -0.0634822 -0.174257 -0.274379 -0.0572871 0.693177
29.32 0 0.233724 0.486311 0.368047 0.396973 0.00225347 -0.338234 -0.336098 -0.0468504 0.769932
29.34 0 0.460454 0.481668 0.25778 0.416948 0.0923016 -0.456737 -0.395613 0.0162516 0.791949
29.36 0 0.622765 0.421509 0.284759 0.319168 0.145006 -0.47491 -0.450847 0.109021 0.767945
29.38 0 0.617202 0.42463 0.354726 0.192286 0.098607 -0.383664 -0.467374 0.189586 0.714122
29.4 0 0.442829 0.525368 0.381788 0.110852 -0.0415639 -0.235754 -0.396094 0.218538 0.646312
29.42 0 0.21923 0.612918 0.384074 0.0651957 -0.193831 -0.111997 -0.213588 0.185904 0.571996
29.44 0 0.0857968 0.553851 0.407945 0.0159013 -0.270327 -0.0578259 0.0440279 0.124362 0.486915
29.46 0 0.0821776 0.349002 0.412615 -0.0237907 -0.24889 -0.0477729 0.287011 0.0941705 0.379892
29.48 0 0.133064 0.12816 0.297979 -0.00497679 -0.16507 -0.0162027 0.423433 0.144586 0.244771
29.5 0 0.141565 -0.00169381 0.0455 0.0655774 -0.0465393 0.0750564 0.422412 0.275325 0.0908628
29.52 0 0.0763598 -0.0621958 -0.220382 0.100586 0.113768 0.205166 0.338272 0.425628 -0.0555679
29.54 0 -0.0328383 -0.149354 -0.346065 0.030249 0.307513 0.329391 0.268573 0.506838 -0.161045
29.56 0 -0.157213 -0.291609 -0.316261 -0.0922321 0.462549 0.430873 0.283728 0.459933 -0.204248
29.58 0 -0.293938 -0.418107 -0.254148 -0.133342 0.486746 0.525715 0.385553 0.292329 -0.187635
29.6 0 -0.429407 -0.468834 -0.25737 -0.035742 0.371509 0.619887 0.518005 0.0737623 -0.135815
29.62 0 -0.514585 -0.475565 -0.289717 0.106832 0.225067 0.681241 0.608039 -0.100862 -0.0829704
29.64 0 -0.505677 -0.497279 -0.263518 0.155943 0.179439 0.666905 0.602817 -0.157389 -0.0568569
29.66 0 -0.417247 -0.513698 -0.183929 0.086437 0.264882 0.570655 0.490612 -0.0767407 -0.0660712
29.68 0 -0.306874 -0.443176 -0.147352 0.00374965 0.389459 0.430593 0.30462 0.096409 -0.0965469
29.7 0 -0.205727 -0.265449 -0.197915 0.00740545 0.436154 0.289708 0.114763 0.27382 -0.118864
29.72 0 -0.090549 -0.0756777 -0.24458 0.079917 0.363085 0.160759 -0.00199618 0.365875 -0.103694
29.74 0 0.0595112 0.0223368 -0.161468 0.131322 0.207099 0.0360895 -0.0085365 0.328737 -0.0383562
29.76 0 0.201922 0.0510838 0.055698 0.116083 0.019784 -0.0776415 0.0632407 0.186898 0.0669157
29.78 0 0.259821 0.135705 0.280376 0.0688895 -0.167123 -0.155303 0.129744 0.0168521 0.184344
29.8 0 0.219402 0.338673 0.394622 0.0343673 -0.317099 -0.185059 0.111121 -0.0980144 0.281984
29.82 0 0.170974 0.55618 0.40909 0.00834749 -0.38033 -0.191273 -0.0158635 -0.114552 0.339256
29.84 0 0.221911 0.630201 0.403258 -0.0297776 -0.328452 -0.217821 -0.206704 -0.0496574 0.355078
29.86 0 0.374685 0.534271 0.390135 -0.0504033 -0.196702 -0.287416 -0.383339 0.037801 0.343563
29.88 0 0.516889 0.392498 0.309224 0.00794388 -0.0683544 -0.380959 -0.481548 0.0854575 0.322676
29.9 0 0.530627 0.319038 0.154677 0.14349 -0.0062479 -0.454038 -0.481181 0.0610783 0.303204
29.92 0 0.395032 0.293349 0.0390119 0.256233 -0.00868942 -0.46696 -0.407817 -0.0252884 0.283626
29.94 0 0.177915 0.221717 0.0779999 0.243549 -0.0379746 -0.400512 -0.310898 -0.133127 0.252861
29.96 0 -0.0450174 0.0834267 0.232173 0.118786 -0.0732168 -0.259897 -0.232741 -0.217367 0.198008
29.98 0 -0.230934 -0.0439328 0.321757 -0.00216841 -0.113541 -0.0805856 -0.184294 -0.251987 0.112016
30 0 -0.346284 -0.102763 0.214027 -0.0346977 -0.137062 0.0727811 -0.142486 -0.237848 -0.00281274
30.02 0 -0.352161 -0.141329 -0.0412933 -0.0140126 -0.0937324 0.138649 -0.0756797 -0.192878 -0.136953
30.04 0 -0.24061 -0.241922 -0.291573 -0.0318296 0.0349223 0.111078 0.0212707 -0.134643 -0.278195
30.06 0 -0.0824502 -0.392252 -0.447322 -0.116253 0.182933 0.057189 0.117289 -0.073206 -0.413229
30.08 0 -0.00310498 -0.483148 -0.525639 -0.211229 0.238531 0.0654692 0.174154 -0.0179587 -0.528349
30.1 0 -0.0723834 -0.445283 -0.559417 -0.266529 0.148469 0.163653 0.186245 0.0128837 -0.610248
30.12 0 -0.238331 -0.341856 -0.520203 -0.303549 -0.0282836 0.288296 0.188083 -0.00371429 -0.648735
30.14 0 -0.38086 -0.290726 -0.378029 -0.363513 -0.181021 0.34057 0.216382 -0.0754011 -0.642134
30.16 0 -0.42069 -0.321044 -0.201719 -0.420142 -0.249942 0.27254 0.263648 -0.177246 -0.600555
30.18 0 -0.364421 -0.351447 -0.129609 -0.393734 -0.254737 0.118458 0.272979 -0.259314 -0.541778
30.2 0 -0.257854 -0.311564 -0.215762 -0.261087 -0.235044 -0.0510036 0.182582 -0.278922 -0.481439
30.22 0 -0.13049 -0.232619 -0.35111 -0.111442 -0.195825 -0.190825 -0.0209301 -0.233424 -0.42404
30.24 0 -0.00274856 -0.185418 -0.375305 -0.0616129 -0.127542 -0.295864 -0.287205 -0.166587 -0.361317
30.26 0 0.0826026 -0.164678 -0.251067 -0.123948 -0.0619082 -0.375052 -0.531562 -0.143437 -0.280084
30.28 0 0.0808306 -0.0934423 -0.0852904 -0.194716 -0.0701105 -0.432704 -0.681784 -0.210601 -0.1747
30.3 0 0.00701479 0.0539663 0.0199387 -0.180582 -0.191372 -0.473621 -0.714345 -0.365719 -0.0552111
30.32 0 -0.0525079 0.189803 0.0770544 -0.100645 -0.37745 -0.513191 -0.661397 -0.553309 0.0521865
30.34 0 -0.0185564 0.21338 0.151672 -0.047233 -0.527201 -0.567384 -0.590877 -0.690873 0.114815
30.36 0 0.095673 0.147178 0.232312 -0.0682782 -0.573101 -0.6327 -0.569655 -0.712041 0.109176
30.38 0 0.200643 0.116174 0.226019 -0.125884 -0.525187 -0.686048 -0.624466 -0.604449 0.0334493
30.4 0 0.231796 0.186016 0.0911532 -0.16844 -0.438114 -0.708186 -0.722486 -0.419763 -0.0909111
30.42 0 0.211197 0.271193 -0.0811022 -0.199281 -0.359384 -0.699668 -0.789145 -0.247757 -0.229305
30.44 0 0.195705 0.239086 -0.160363 -0.248239 -0.318095 -0.669131 -0.756266 -0.170416 -0.348835
30.46 0 0.18625 0.0777298 -0.128657 -0.303534 -0.337361 -0.612897 -0.608929 -0.219336 -0.432263
30.48 0 0.121728 -0.0903302 -0.0903597 -0.317882 -0.420577 -0.517714 -0.396148 -0.360218 -0.484865
30.5 0 -0.0343489 -0.161532 -0.132354 -0.286362 -0.519839 -0.384998 -0.200641 -0.51612 -0.527379
30.52 0 -0.228467 -0.171338 -0.224862 -0.275586 -0.546651 -0.243368 -0.0931111 -0.610406 -0.581727
30.54 0 -0.360129 -0.229919 -0.290167 -0.342947 -0.443821 -0.129724 -0.0972526 -0.605926 -0.658013
30.56 0 -0.38197 -0.370174 -0.331159 -0.445573 -0.247628 -0.0609048 -0.184088 -0.52058 -0.748674
30.58 0 -0.335864 -0.512378 -0.42825 -0.472146 -0.0627299 -0.0312065 -0.290124 -0.413721 -0.832585
30.6 0 -0.29312 -0.578689 -0.603021 -0.374285 0.0294377 -0.0326614 -0.348412 -0.352281 -0.886174
30.62 0 -0.286149 -0.587425 -0.74447 -0.234749 0.0286179 -0.064344 -0.324183 -0.373704 -0.895819
30.64 0 -0.30905 -0.600735 -0.715686 -0.179718 -0.0200251 -0.116 -0.238011 -0.465284 -0.864827
30.66 0 -0.357036 -0.61285 -0.516801 -0.238906 -0.0954962 -0.155983 -0.155203 -0.573511 -0.810427
30.68 0 -0.427139 -0.549456 -0.293251 -0.326599 -0.209114 -0.156101 -0.140997 -0.638916 -0.753198
30.7 0 -0.47837 -0.382815 -0.180183 -0.355203 -0.348659 -0.133284 -0.213057 -0.632769 -0.705757
30.72 0 -0.430078 -0.196377 -0.178132 -0.329761 -0.449597 -0.151851 -0.331941 -0.569827 -0.66783
30.74 0 -0.234405 -0.0975553 -0.199408 -0.311896 -0.450776 -0.266954 -0.439152 -0.490538 -0.630239
30.76 0 0.0518915 -0.085052 -0.19972 -0.319898 -0.3707 -0.462791 -0.505859 -0.430819 -0.583099
30.78 0 0.291832 -0.0522277 -0.206617 -0.310231 -0.304073 -0.65351 -0.54759 -0.405068 -0.521805
30.8 0 0.379586 0.0708618 -0.224176 -0.258384 -0.332799 -0.751568 -0.595785 -0.410995 -0.447853
30.82 0 0.322232 0.224918 -0.178215 -0.213019 -0.4488 -0.738429 -0.659056 -0.443079 -0.366355
30.84 0 0.205694 0.29787 -0.00588708 -0.235163 -0.574035 -0.668773 -0.714522 -0.497542 -0.284644
30.86 0 0.102172 0.266088 0.223176 -0.302111 -0.641995 -0.614985 -0.733595 -0.565309 -0.212876
30.88 0 0.0315986 0.209499 0.339215 -0.316781 -0.641237 -0.613124 -0.711481 -0.62491 -0.16353
30.9 0 -0.00237476 0.187229 0.246978 -0.22454 -0.587737 -0.652305 -0.672234 -0.647409 -0.148235
30.92 0 0.0163161 0.15504 0.0301856 -0.0883614 -0.486649 -0.696239 -0.648487 -0.613038 -0.172465
30.94 0 0.084023 0.0416864 -0.145637 -0.0225931 -0.343292 -0.704729 -0.655324 -0.526987 -0.231254
30.96 0 0.137103 -0.12672 -0.20713 -0.0694077 -0.196966 -0.647138 -0.676687 -0.42246 -0.309643
30.98 0 0.0877055 -0.235435 -0.215762 -0.167022 -0.113681 -0.516558 -0.670813 -0.347233 -0.388341
31 0 -0.081754 -0.225163 -0.247635 -0.237796 -0.128863 -0.34168 -0.592312 -0.339132 -0.451834
31.02 0 -0.280689 -0.177698 -0.288115 -0.272996 -0.20957 -0.176713 -0.423301 -0.401141 -0.496181
31.04 0 -0.388737 -0.218927 -0.281536 -0.309491 -0.286078 -0.0665634 -0.195737 -0.492477 -0.531099
31.06 0 -0.368969 -0.358706 -0.247953 -0.352131 -0.313398 -0.0156819 0.014831 -0.545784 -0.573083
31.08 0 -0.289024 -0.477501 -0.281588 -0.362959 -0.291415 0.00493689 0.130591 -0.505872 -0.633289
31.1 0 -0.23216 -0.477986 -0.421304 -0.330701 -0.233222 0.0194251 0.122733 -0.367396 -0.706934
31.12 0 -0.215023 -0.398833 -0.573719 -0.306543 -0.142748 0.0244782 0.0304063 -0.183618 -0.771642
31.14 0 -0.202586 -0.349977 -0.607547 -0.338698 -0.03909 0.00666438 -0.0689271 -0.0381147 -0.797232
31.16 0 -0.178787 -0.369166 -0.502384 -0.392354 0.0192201 -0.0288081 -0.112339 0.00225474 -0.761608
31.18 0 -0.171679 -0.386258 -0.359506 -0.376919 -0.0290625 -0.0589174 -0.0876266 -0.0762172 -0.662522
